date,Don't Know/Can't Say,Will Deteriorate,Will Improve,Will remain the same
2019-01-01,27.68,9.92,52.89,9.51
2019-01-02,26.96,10.06,53.36,9.62
2019-01-03,26.96,10.3,53.04,9.7
2019-01-04,26.9,10.3,53.01,9.79
2019-01-05,26.25,9.39,53.9,10.46
2019-01-06,26.08,9.6,53.36,10.96
2019-01-07,25.54,9.91,53.27,11.28
2019-01-08,25.37,10.08,52.93,11.62
2019-01-09,25.46,9.63,53.6,11.31
2019-01-10,26.05,9.79,52.84,11.32
2019-01-11,25.54,9.64,53.67,11.15
2019-01-12,25.26,9.51,54.1,11.13
2019-01-13,25.42,9.36,54.08,11.14
2019-01-14,25.58,9.31,54.07,11.04
2019-01-15,25.95,9.39,53.8,10.86
2019-01-16,25.59,9.19,53.9,11.32
2019-01-17,25.7,9.41,53.31,11.58
2019-01-18,25.39,9.12,54.25,11.24
2019-01-19,25.68,8.96,54.66,10.7
2019-01-20,25.25,8.99,54.95,10.81
2019-01-21,25.23,8.99,54.97,10.81
2019-01-22,25.13,8.9,55.5,10.47
2019-01-23,25.64,9.18,54.81,10.37
2019-01-24,25.3,9.37,54.61,10.72
2019-01-25,25.05,9.7,54.42,10.83
2019-01-26,25.36,9.71,53.82,11.11
2019-01-27,25.43,9.73,53.81,11.03
2019-01-28,25.58,9.83,54.0,10.59
2019-01-29,25.23,9.81,54.64,10.32
2019-01-30,25.35,9.74,54.43,10.48
2019-01-31,24.77,9.68,55.17,10.38
2019-02-01,25.08,9.59,55.67,9.66
2019-02-02,25.17,9.9,55.54,9.39
2019-02-03,24.97,9.51,55.83,9.69
2019-02-04,25.26,9.25,55.89,9.6
2019-02-05,23.87,8.57,57.23,10.33
2019-02-06,24.58,8.47,56.2,10.75
2019-02-07,23.73,8.32,56.76,11.19
2019-02-08,23.52,8.47,56.96,11.05
2019-02-09,23.73,8.41,56.92,10.94
2019-02-10,23.69,8.46,56.89,10.96
2019-02-11,23.96,8.47,56.62,10.95
2019-02-12,24.29,8.53,56.24,10.94
2019-02-13,25.16,9.11,54.19,11.54
2019-02-14,24.62,9.58,55.16,10.64
2019-02-15,25.79,9.77,54.27,10.17
2019-02-16,25.34,9.18,54.77,10.71
2019-02-17,25.44,9.17,54.66,10.73
2019-02-18,25.56,9.13,54.46,10.85
2019-02-19,25.54,9.17,54.37,10.92
2019-02-20,25.73,9.31,54.34,10.62
2019-02-21,26.04,8.74,54.71,10.51
2019-02-22,26.56,8.32,54.55,10.57
2019-02-23,26.04,8.3,55.31,10.35
2019-02-24,26.78,8.59,54.62,10.01
2019-02-25,26.48,8.66,54.74,10.12
2019-02-26,25.79,8.65,55.48,10.08
2019-02-27,25.47,8.4,56.39,9.74
2019-02-28,25.24,7.86,56.99,9.91
2019-03-01,24.53,8.2,57.59,9.68
2019-03-02,23.8,8.16,58.75,9.29
2019-03-03,23.51,8.28,58.83,9.38
2019-03-04,23.49,8.27,58.87,9.37
2019-03-05,23.45,8.0,59.55,9.0
2019-03-06,22.98,7.9,60.25,8.87
2019-03-07,23.68,7.94,59.09,9.29
2019-03-08,23.79,7.89,59.3,9.02
2019-03-09,23.67,7.88,58.65,9.8
2019-03-10,24.19,7.84,57.47,10.5
2019-03-11,24.77,7.32,57.64,10.27
2019-03-12,24.92,7.36,58.27,9.45
2019-03-13,24.94,7.87,57.81,9.38
2019-03-14,24.46,7.98,58.04,9.52
2019-03-15,24.17,7.93,59.1,8.8
2019-03-16,23.98,8.17,59.05,8.8
2019-03-17,23.99,7.85,59.53,8.63
2019-03-18,23.85,7.82,59.76,8.57
2019-03-19,23.94,7.76,59.48,8.82
2019-03-20,23.9,7.76,59.3,9.04
2019-03-21,24.3,7.28,59.5,8.92
2019-03-22,24.13,7.59,59.28,9.0
2019-03-23,24.13,7.58,59.25,9.04
2019-03-24,23.67,7.12,59.96,9.25
2019-03-25,23.21,7.41,60.25,9.13
2019-03-26,23.66,7.23,60.07,9.04
2019-03-27,23.72,7.61,60.04,8.63
2019-03-28,23.85,7.78,59.45,8.92
2019-03-29,24.08,8.1,58.64,9.18
2019-03-30,24.47,7.86,58.72,8.95
2019-03-31,23.87,7.94,59.1,9.09
2019-04-01,24.01,7.91,59.07,9.01
2019-04-02,24.36,7.91,58.63,9.1
2019-04-03,24.98,7.94,57.76,9.32
2019-04-04,24.15,7.64,58.52,9.69
2019-04-05,23.84,7.75,59.0,9.41
2019-04-06,23.68,7.66,59.4,9.26
2019-04-07,22.93,7.35,60.33,9.39
2019-04-08,23.14,7.19,60.25,9.42
2019-04-09,23.31,7.87,59.19,9.63
2019-04-10,22.83,7.78,59.8,9.59
2019-04-11,22.64,7.77,60.23,9.36
2019-04-12,22.56,7.88,60.23,9.33
2019-04-13,22.46,7.36,60.7,9.48
2019-04-14,22.51,7.57,60.48,9.44
2019-04-15,22.78,7.88,59.66,9.68
2019-04-16,22.58,7.75,59.8,9.87
2019-04-17,22.69,7.28,60.17,9.86
2019-04-18,22.99,7.71,59.5,9.8
2019-04-19,23.32,7.46,59.29,9.93
2019-04-20,23.29,7.62,59.6,9.49
2019-04-21,23.28,7.54,59.72,9.46
2019-04-22,23.13,7.56,59.8,9.51
2019-04-23,23.26,7.56,59.64,9.54
2019-04-24,23.28,7.5,59.65,9.57
2019-04-25,23.53,7.56,59.44,9.47
2019-04-26,23.48,7.37,59.73,9.42
2019-04-27,23.35,7.15,59.99,9.51
2019-04-28,23.18,7.16,59.66,10.0
2019-04-29,23.61,7.09,59.1,10.2
2019-04-30,23.53,6.98,59.27,10.22
2019-05-01,23.7,7.02,59.34,9.94
2019-05-02,23.92,7.25,59.06,9.77
2019-05-03,23.96,7.27,59.04,9.73
2019-05-04,24.34,7.4,58.52,9.74
2019-05-05,24.42,7.71,58.26,9.61
2019-05-06,24.85,7.62,58.01,9.52
2019-05-07,25.6,7.9,57.03,9.47
2019-05-08,25.34,7.81,57.4,9.45
2019-05-09,25.28,7.72,57.49,9.51
2019-05-10,25.05,7.55,57.5,9.9
2019-05-11,24.87,7.61,57.61,9.91
2019-05-12,24.41,7.49,58.25,9.85
2019-05-13,24.48,7.48,58.22,9.82
2019-05-14,24.42,7.4,58.29,9.89
2019-05-15,24.67,7.36,58.47,9.5
2019-05-16,24.65,7.12,58.82,9.41
2019-05-17,24.54,7.19,59.07,9.2
2019-05-18,24.42,7.53,58.85,9.2
2019-05-19,24.94,7.48,58.51,9.07
2019-05-20,25.78,7.41,57.67,9.14
2019-05-21,25.97,7.42,57.44,9.17
2019-05-22,26.2,7.54,56.78,9.48
2019-05-23,26.35,7.47,56.52,9.66
2019-05-24,25.94,7.05,57.53,9.48
2019-05-25,25.61,7.01,57.93,9.45
2019-05-26,25.61,7.01,57.93,9.45
2019-05-27,25.54,7.1,57.92,9.44
2019-05-28,25.42,6.92,58.18,9.48
2019-05-29,23.52,8.97,57.88,9.63
2019-05-30,23.57,9.49,57.57,9.37
2019-05-31,23.62,10.24,57.03,9.11
2019-06-01,23.62,10.24,57.03,9.11
2019-06-02,23.62,10.24,57.03,9.11
2019-06-03,23.38,10.87,56.55,9.2
2019-06-04,22.96,11.6,56.15,9.29
2019-06-05,22.96,11.6,56.15,9.29
2019-06-06,22.64,11.71,56.33,9.32
2019-06-07,22.87,11.21,55.85,10.07
2019-06-08,22.48,11.01,56.07,10.44
2019-06-09,22.48,11.01,56.07,10.44
2019-06-10,21.9,9.98,57.73,10.39
2019-06-11,22.01,10.35,57.05,10.59
2019-06-12,22.51,11.01,56.8,9.68
2019-06-13,21.91,10.84,57.54,9.71
2019-06-14,21.18,10.94,58.13,9.75
2019-06-15,21.31,10.98,57.58,10.13
2019-06-16,21.31,10.98,57.58,10.13
2019-06-17,21.21,10.3,58.3,10.19
2019-06-18,21.69,10.52,57.52,10.27
2019-06-19,21.47,9.81,58.11,10.61
2019-06-20,21.46,9.45,58.99,10.1
2019-06-21,21.41,9.27,58.93,10.39
2019-06-22,21.88,9.21,58.97,9.94
2019-06-23,21.88,9.21,58.97,9.94
2019-06-24,22.64,9.69,57.29,10.38
2019-06-25,23.87,9.43,56.57,10.13
2019-06-26,23.65,9.3,56.34,10.71
2019-06-27,21.83,9.59,58.37,10.21
2019-06-28,22.09,9.93,57.58,10.4
2019-06-29,23.57,10.29,54.78,11.36
2019-06-30,23.57,10.29,54.78,11.36
2019-07-01,24.49,10.51,53.62,11.38
2019-07-02,25.05,10.92,53.15,10.88
2019-07-03,25.78,11.39,52.24,10.59
2019-07-04,25.86,12.16,51.43,10.55
2019-07-05,25.65,12.11,51.32,10.92
2019-07-06,25.68,12.11,51.29,10.92
2019-07-07,25.68,12.11,51.29,10.92
2019-07-08,25.42,11.16,52.39,11.03
2019-07-09,24.54,11.29,53.14,11.03
2019-07-10,24.65,11.36,52.71,11.28
2019-07-11,23.93,11.22,52.92,11.93
2019-07-12,22.97,12.26,53.47,11.3
2019-07-13,22.96,12.28,53.46,11.3
2019-07-14,22.96,12.28,53.46,11.3
2019-07-15,21.94,12.62,53.22,12.22
2019-07-16,22.12,12.99,52.15,12.74
2019-07-17,22.12,12.99,52.15,12.74
2019-07-18,21.7,13.49,52.27,12.54
2019-07-19,21.95,14.41,52.45,11.19
2019-07-20,22.28,14.08,51.24,12.4
2019-07-21,22.28,14.08,51.24,12.4
2019-07-22,23.14,13.37,51.66,11.83
2019-07-23,23.33,13.22,52.2,11.25
2019-07-24,22.85,13.37,52.28,11.5
2019-07-25,22.73,13.73,52.15,11.39
2019-07-26,22.71,14.39,51.51,11.39
2019-07-27,22.78,14.16,51.97,11.09
2019-07-28,22.78,14.16,51.97,11.09
2019-07-29,22.55,13.51,53.08,10.86
2019-07-30,21.69,13.38,53.92,11.01
2019-07-31,21.78,13.78,53.43,11.01
2019-08-01,22.6,13.45,53.35,10.6
2019-08-02,23.01,12.95,52.73,11.31
2019-08-03,23.01,12.95,52.73,11.31
2019-08-04,23.01,12.95,52.73,11.31
2019-08-05,22.92,13.09,52.79,11.2
2019-08-06,22.45,12.82,53.29,11.44
2019-08-07,21.69,12.65,54.65,11.01
2019-08-08,21.66,12.68,55.33,10.33
2019-08-09,21.76,12.41,55.99,9.84
2019-08-10,21.17,13.19,55.52,10.12
2019-08-11,21.17,13.19,55.52,10.12
2019-08-12,21.17,13.19,55.52,10.12
2019-08-13,20.8,13.41,55.22,10.57
2019-08-14,20.79,13.41,55.23,10.57
2019-08-15,20.79,13.41,55.23,10.57
2019-08-16,20.58,13.3,55.42,10.7
2019-08-17,20.81,14.59,54.32,10.28
2019-08-18,20.81,14.59,54.32,10.28
2019-08-19,21.13,14.34,53.86,10.67
2019-08-20,22.07,13.83,53.69,10.41
2019-08-21,22.03,13.72,53.9,10.35
2019-08-22,22.05,13.67,53.73,10.55
2019-08-23,21.8,13.75,53.85,10.6
2019-08-24,21.8,13.75,53.85,10.6
2019-08-25,21.8,13.75,53.85,10.6
2019-08-26,21.64,13.86,53.81,10.69
2019-08-27,21.63,13.99,53.87,10.51
2019-08-28,21.41,14.1,53.93,10.56
2019-08-29,23.44,13.6,51.64,11.32
2019-08-30,23.31,13.88,51.67,11.14
2019-08-31,23.57,13.8,51.51,11.12
2019-09-01,23.57,13.8,51.51,11.12
2019-09-02,23.57,13.8,51.51,11.12
2019-09-03,23.92,13.76,51.37,10.95
2019-09-04,24.2,13.68,51.21,10.91
2019-09-05,24.2,13.66,51.23,10.91
2019-09-06,24.17,13.69,51.05,11.09
2019-09-07,24.28,13.57,51.06,11.09
2019-09-08,24.28,13.57,51.06,11.09
2019-09-09,24.31,13.64,50.83,11.22
2019-09-10,24.32,13.61,50.89,11.18
2019-09-11,24.12,13.74,51.0,11.14
2019-09-12,23.86,13.76,51.14,11.24
2019-09-13,23.86,14.1,50.96,11.08
2019-09-14,23.86,13.98,50.97,11.19
2019-09-15,23.86,13.98,50.97,11.19
2019-09-16,23.85,14.0,51.05,11.1
2019-09-17,23.69,14.33,50.9,11.08
2019-09-18,23.74,14.22,50.92,11.12
2019-09-19,23.96,14.45,50.19,11.4
2019-09-20,22.93,15.68,50.26,11.13
2019-09-21,22.64,16.05,49.79,11.52
2019-09-22,22.64,16.05,49.79,11.52
2019-09-23,22.83,16.0,49.63,11.54
2019-09-24,22.81,15.9,49.66,11.63
2019-09-25,22.75,15.83,49.98,11.44
2019-09-26,22.92,15.82,49.74,11.52
2019-09-27,22.55,16.45,50.02,10.98
2019-09-28,22.55,16.45,50.02,10.98
2019-09-29,22.55,16.45,50.02,10.98
2019-09-30,22.34,16.96,49.91,10.79
2019-10-01,22.42,17.21,49.51,10.86
2019-10-02,22.42,17.21,49.51,10.86
2019-10-03,22.73,17.23,49.19,10.85
2019-10-04,23.24,17.46,48.47,10.83
2019-10-05,23.16,18.43,47.22,11.19
2019-10-06,23.16,18.43,47.22,11.19
2019-10-07,22.65,18.97,46.65,11.73
2019-10-08,22.65,18.97,46.65,11.73
2019-10-09,22.87,18.88,46.71,11.54
2019-10-10,22.78,18.83,47.01,11.38
2019-10-11,23.05,19.7,45.59,11.66
2019-10-12,23.57,19.54,45.27,11.62
2019-10-13,23.57,19.54,45.27,11.62
2019-10-14,23.52,19.67,45.13,11.68
2019-10-15,23.65,19.72,45.0,11.63
2019-10-16,23.49,19.81,44.97,11.73
2019-10-17,23.46,19.87,44.92,11.75
2019-10-18,23.68,19.98,44.49,11.85
2019-10-19,22.75,20.68,45.38,11.19
2019-10-20,22.75,20.68,45.38,11.19
2019-10-21,22.65,20.56,45.52,11.27
2019-10-22,22.68,20.89,45.53,10.9
2019-10-23,22.59,20.95,45.54,10.92
2019-10-24,22.55,21.03,45.49,10.93
2019-10-25,22.56,21.06,45.36,11.02
2019-10-26,22.56,21.06,45.36,11.02
2019-10-27,22.56,21.06,45.36,11.02
2019-10-28,22.56,21.06,45.36,11.02
2019-10-29,22.56,21.06,45.36,11.02
2019-10-30,22.35,21.13,45.52,11.0
2019-10-31,22.48,20.86,45.52,11.14
2019-11-01,22.52,19.83,45.91,11.74
2019-11-02,22.83,19.95,45.66,11.56
2019-11-03,22.94,19.39,46.07,11.6
2019-11-04,22.91,20.07,45.1,11.92
2019-11-05,23.0,20.19,44.96,11.85
2019-11-06,23.27,20.7,44.61,11.42
2019-11-07,23.5,20.89,44.06,11.55
2019-11-08,23.86,20.63,43.56,11.95
2019-11-09,23.87,20.68,43.54,11.91
2019-11-10,24.53,20.34,43.36,11.77
2019-11-11,24.69,20.45,42.86,12.0
2019-11-12,24.52,20.69,42.87,11.92
2019-11-13,24.97,20.8,42.57,11.66
2019-11-14,25.32,20.92,42.24,11.52
2019-11-15,25.19,21.62,41.77,11.42
2019-11-16,25.31,21.46,41.62,11.61
2019-11-17,25.43,21.25,41.64,11.68
2019-11-18,25.51,21.04,41.76,11.69
2019-11-19,25.83,21.03,41.6,11.54
2019-11-20,25.94,20.78,41.59,11.69
2019-11-21,26.1,20.85,41.67,11.38
2019-11-22,25.94,21.13,41.63,11.3
2019-11-23,25.56,21.53,41.37,11.54
2019-11-24,25.01,21.65,41.8,11.54
2019-11-25,24.86,21.63,41.71,11.8
2019-11-26,24.82,21.95,41.52,11.71
2019-11-27,24.87,21.93,42.0,11.2
2019-11-28,24.6,21.14,42.54,11.72
2019-11-29,24.04,21.85,42.42,11.69
2019-11-30,23.89,21.95,42.21,11.95
2019-12-01,24.02,21.89,42.24,11.85
2019-12-02,23.34,22.42,42.1,12.14
2019-12-03,23.56,22.54,41.83,12.07
2019-12-04,23.66,22.31,41.92,12.11
2019-12-05,23.94,22.21,41.56,12.29
2019-12-06,24.09,22.05,41.51,12.35
2019-12-07,24.33,22.21,41.28,12.18
2019-12-08,24.23,22.06,41.38,12.33
2019-12-09,24.03,21.69,42.0,12.28
2019-12-10,25.0,20.64,42.1,12.26
2019-12-11,25.15,20.51,42.01,12.33
2019-12-12,25.65,20.29,42.18,11.88
2019-12-13,26.02,19.56,42.68,11.74
2019-12-14,26.43,19.93,41.99,11.65
2019-12-15,26.27,19.99,42.01,11.73
2019-12-16,26.41,20.01,41.97,11.61
2019-12-17,26.18,20.25,41.96,11.61
2019-12-18,26.01,20.36,42.1,11.53
2019-12-19,25.86,20.34,42.44,11.36
2019-12-20,25.7,20.36,42.64,11.3
2019-12-21,26.44,19.91,42.36,11.29
2019-12-22,26.65,20.25,41.87,11.23
2019-12-23,26.46,21.13,41.47,10.94
2019-12-24,26.74,20.56,41.68,11.02
2019-12-25,26.1,20.91,42.22,10.77
2019-12-26,26.09,20.47,42.55,10.89
2019-12-27,26.87,19.96,42.54,10.63
2019-12-28,27.03,20.35,42.14,10.48
2019-12-29,26.38,20.62,42.63,10.37
2019-12-30,26.81,20.04,42.69,10.46
2019-12-31,26.79,19.55,42.84,10.82
2020-01-01,26.37,20.13,42.46,11.04
2020-01-02,26.01,20.27,42.4,11.32
2020-01-03,26.15,19.85,42.72,11.28
2020-01-04,25.24,19.8,43.46,11.5
2020-01-05,25.3,19.77,43.45,11.48
2020-01-06,25.53,19.31,43.7,11.46
2020-01-07,24.61,19.42,44.31,11.66
2020-01-08,24.75,19.09,44.49,11.67
2020-01-09,24.8,19.27,44.2,11.73
2020-01-10,24.37,20.26,43.75,11.62
2020-01-11,24.27,20.41,43.89,11.43
2020-01-12,23.67,21.15,44.13,11.05
2020-01-13,23.54,21.07,44.0,11.39
2020-01-14,23.78,20.94,44.2,11.08
2020-01-15,23.6,21.11,44.04,11.25
2020-01-16,23.66,21.53,43.71,11.1
2020-01-17,23.84,21.42,43.64,11.1
2020-01-18,24.01,21.26,43.43,11.3
2020-01-19,23.88,20.98,43.84,11.3
2020-01-20,23.79,21.38,43.24,11.59
2020-01-21,24.45,21.05,43.15,11.35
2020-01-22,24.11,21.41,43.03,11.45
2020-01-23,24.49,21.0,42.75,11.76
2020-01-24,24.34,20.7,43.01,11.95
2020-01-25,24.45,20.72,42.89,11.94
2020-01-26,24.42,20.68,43.24,11.66
2020-01-27,24.28,20.25,43.43,12.04
2020-01-28,24.34,20.45,43.71,11.5
2020-01-29,24.2,20.41,43.81,11.58
2020-01-30,24.36,20.48,43.7,11.46
2020-01-31,24.76,20.45,43.36,11.43
2020-02-01,24.75,20.44,43.47,11.34
2020-02-02,24.75,20.44,43.47,11.34
2020-02-03,24.75,20.44,43.47,11.34
2020-02-04,24.84,20.2,43.54,11.42
2020-02-05,24.94,20.31,43.62,11.13
2020-02-06,25.77,20.76,43.27,10.2
2020-02-07,25.92,20.0,43.53,10.55
2020-02-08,25.95,19.98,43.5,10.57
2020-02-09,25.95,19.98,43.5,10.57
2020-02-10,25.88,20.19,43.25,10.68
2020-02-11,26.21,19.81,42.82,11.16
2020-02-12,26.4,20.29,42.57,10.74
2020-02-13,26.15,20.44,42.78,10.63
2020-02-14,26.1,20.31,42.97,10.62
2020-02-15,26.27,20.27,42.83,10.63
2020-02-16,26.27,20.27,42.83,10.63
2020-02-17,26.2,19.7,43.43,10.67
2020-02-18,25.82,20.75,42.6,10.83
2020-02-19,25.72,20.76,41.96,11.56
2020-02-20,25.78,20.68,41.53,12.01
2020-02-21,25.78,20.68,41.53,12.01
2020-02-22,25.3,20.81,42.0,11.89
2020-02-23,25.3,20.81,42.0,11.89
2020-02-24,25.81,21.08,41.77,11.34
2020-02-25,25.41,20.58,43.27,10.74
2020-02-26,25.61,20.68,42.94,10.77
2020-02-27,25.26,20.71,43.26,10.77
2020-02-28,25.73,19.9,43.27,11.1
2020-02-29,25.6,19.88,43.37,11.15
2020-03-01,25.6,19.88,43.37,11.15
2020-03-02,25.71,21.72,41.58,10.99
2020-03-03,26.22,21.35,41.47,10.96
2020-03-04,26.13,21.3,41.6,10.97
2020-03-05,26.42,21.25,41.26,11.07
2020-03-06,26.55,21.24,41.11,11.1
2020-03-07,26.32,21.51,40.94,11.23
2020-03-08,26.32,21.51,40.94,11.23
2020-03-09,26.43,21.41,41.01,11.15
2020-03-10,26.43,21.41,41.01,11.15
2020-03-11,26.43,21.41,41.01,11.15
2020-03-12,26.28,21.68,40.98,11.06
2020-03-13,26.37,21.3,41.03,11.3
2020-03-14,26.72,20.32,41.69,11.27
2020-03-15,26.72,20.32,41.69,11.27
2020-03-16,26.86,20.44,41.47,11.23
2020-03-17,26.9,20.48,41.56,11.06
2020-03-18,26.88,20.55,41.64,10.93
2020-03-19,27.22,20.44,41.51,10.83
2020-03-20,27.41,20.75,40.71,11.13
2020-03-21,27.34,20.52,40.86,11.28
2020-03-22,27.34,20.52,40.86,11.28
2020-03-23,27.25,20.04,41.18,11.53
2020-03-24,27.03,19.86,41.53,11.58
2020-03-25,27.03,19.86,41.53,11.58
2020-03-26,27.03,19.86,41.53,11.58
2020-03-27,27.47,19.65,41.49,11.39
2020-03-28,27.65,20.36,40.91,11.08
2020-03-29,27.66,20.36,40.9,11.08
2020-03-30,26.94,21.69,40.42,10.95
2020-03-31,27.32,21.83,40.43,10.42
2020-04-01,28.43,22.31,39.87,9.39
2020-04-02,29.52,22.87,38.01,9.6
2020-04-03,28.44,24.68,37.68,9.2
2020-04-04,28.44,24.68,37.68,9.2
2020-04-05,28.44,24.68,37.68,9.2
2020-04-06,28.44,24.68,37.68,9.2
2020-04-07,28.86,24.01,38.22,8.91
2020-04-08,29.25,24.43,37.58,8.74
2020-04-09,29.19,24.49,37.57,8.75
2020-04-10,29.11,24.54,37.6,8.75
2020-04-11,29.11,24.54,37.6,8.75
2020-04-12,28.21,26.57,36.47,8.75
2020-04-13,28.81,27.57,35.74,7.88
2020-04-14,28.55,28.39,35.08,7.98
2020-04-15,27.38,28.06,35.58,8.98
2020-04-16,28.64,25.76,36.39,9.21
2020-04-17,28.23,27.55,35.92,8.3
2020-04-18,28.42,27.2,35.43,8.95
2020-04-19,28.42,27.2,35.43,8.95
2020-04-20,28.5,27.7,35.2,8.6
2020-04-21,27.48,29.14,34.84,8.54
2020-04-22,27.96,28.1,35.22,8.72
2020-04-23,27.25,28.79,34.85,9.11
2020-04-24,27.96,28.1,34.98,8.96
2020-04-25,29.26,27.42,34.19,9.13
2020-04-26,29.46,28.13,33.45,8.96
2020-04-27,30.13,28.07,32.83,8.97
2020-04-28,29.84,27.74,32.57,9.85
2020-04-29,30.83,27.33,32.16,9.68
2020-04-30,29.9,27.57,32.77,9.76
2020-05-01,30.46,27.66,32.39,9.49
2020-05-02,29.18,29.28,32.82,8.72
2020-05-03,29.37,29.89,32.33,8.41
2020-05-04,28.75,30.53,32.38,8.34
2020-05-05,27.77,30.74,33.24,8.25
2020-05-06,27.03,32.02,33.02,7.93
2020-05-07,26.64,31.74,32.58,9.04
2020-05-08,26.77,31.65,32.47,9.11
2020-05-09,26.82,31.77,32.43,8.98
2020-05-10,26.83,31.75,32.64,8.78
2020-05-11,26.96,31.44,32.59,9.01
2020-05-12,26.52,31.66,32.67,9.15
2020-05-13,26.42,31.24,32.83,9.51
2020-05-14,26.58,31.01,32.96,9.45
2020-05-15,26.87,30.55,32.86,9.72
2020-05-16,26.9,30.55,32.72,9.83
2020-05-17,26.86,30.71,32.76,9.67
2020-05-18,27.67,30.42,32.71,9.2
2020-05-19,27.22,31.63,32.99,8.16
2020-05-20,27.67,31.2,32.62,8.51
2020-05-21,26.99,31.63,32.51,8.87
2020-05-22,26.75,31.54,32.68,9.03
2020-05-23,26.65,31.73,32.42,9.2
2020-05-24,26.01,31.37,32.89,9.73
2020-05-25,26.09,31.16,32.92,9.83
2020-05-26,25.76,31.06,33.43,9.75
2020-05-27,25.37,30.7,33.65,10.28
2020-05-28,25.04,30.75,33.88,10.33
2020-05-29,25.0,30.95,33.9,10.15
2020-05-30,25.06,31.08,33.47,10.39
2020-05-31,24.84,31.0,33.68,10.48
2020-06-01,25.09,30.96,33.69,10.26
2020-06-02,24.62,31.4,33.45,10.53
2020-06-03,25.35,30.64,33.63,10.38
2020-06-04,25.2,30.2,33.96,10.64
2020-06-05,25.92,29.38,33.85,10.85
2020-06-06,26.21,28.81,33.93,11.05
2020-06-07,26.15,28.55,33.97,11.33
2020-06-08,25.39,28.45,34.81,11.35
2020-06-09,25.85,28.37,34.39,11.39
2020-06-10,25.72,27.91,34.42,11.95
2020-06-11,25.64,27.49,34.48,12.39
2020-06-12,25.55,27.69,33.65,13.11
2020-06-13,25.28,27.55,33.89,13.28
2020-06-14,25.22,27.82,33.92,13.04
2020-06-15,25.4,27.88,33.87,12.85
2020-06-16,26.02,28.08,33.35,12.55
2020-06-17,25.35,27.75,33.77,13.13
2020-06-18,25.52,28.79,32.49,13.2
2020-06-19,26.04,27.98,32.97,13.01
2020-06-20,26.25,28.52,32.52,12.71
2020-06-21,25.93,28.51,33.02,12.54
2020-06-22,25.75,28.36,33.3,12.59
2020-06-23,25.62,28.4,33.34,12.64
2020-06-24,25.74,27.97,33.84,12.45
2020-06-25,25.36,28.33,34.16,12.15
2020-06-26,24.54,28.66,34.67,12.13
2020-06-27,25.65,28.06,34.54,11.75
2020-06-28,24.77,28.35,34.97,11.91
2020-06-29,24.88,28.0,35.17,11.95
2020-06-30,24.69,28.04,35.28,11.99
2020-07-01,24.67,28.1,35.27,11.96
2020-07-02,24.42,28.11,35.27,12.2
2020-07-03,24.46,28.77,34.87,11.9
2020-07-04,25.07,28.6,34.38,11.95
2020-07-05,24.81,28.14,34.79,12.26
2020-07-06,24.66,27.98,35.05,12.31
2020-07-07,23.96,27.95,35.84,12.25
2020-07-08,23.25,28.53,35.73,12.49
2020-07-09,23.07,28.93,35.46,12.54
2020-07-10,23.25,28.95,35.11,12.69
2020-07-11,23.28,28.93,35.33,12.46
2020-07-12,23.5,28.77,35.48,12.25
2020-07-13,23.43,28.6,35.66,12.31
2020-07-14,23.43,28.78,35.64,12.15
2020-07-15,23.65,28.82,35.4,12.13
2020-07-16,24.09,28.39,35.01,12.51
2020-07-17,24.25,28.73,34.78,12.24
2020-07-18,24.71,29.44,34.51,11.34
2020-07-19,25.36,28.76,34.43,11.45
2020-07-20,25.48,28.92,33.82,11.78
2020-07-21,25.36,28.58,34.32,11.74
2020-07-22,25.66,29.06,33.97,11.31
2020-07-23,25.85,28.28,34.41,11.46
2020-07-24,25.92,28.3,34.41,11.37
2020-07-25,26.31,27.72,34.41,11.56
2020-07-26,26.31,27.72,34.41,11.56
2020-07-27,26.43,28.08,34.12,11.37
2020-07-28,26.87,28.01,34.26,10.86
2020-07-29,26.44,28.48,34.23,10.85
2020-07-30,26.31,28.7,34.25,10.74
2020-07-31,24.89,29.63,34.67,10.81
2020-08-01,25.67,28.28,36.0,10.05
2020-08-02,25.37,28.4,36.06,10.17
2020-08-03,25.37,28.4,36.06,10.17
2020-08-04,25.22,28.55,36.04,10.19
2020-08-05,25.27,28.75,36.06,9.92
2020-08-06,24.83,28.94,36.18,10.05
2020-08-07,24.78,28.61,36.58,10.03
2020-08-08,24.87,28.58,36.58,9.97
2020-08-09,24.87,28.58,36.58,9.97
2020-08-10,25.04,28.56,36.44,9.96
2020-08-11,24.58,28.94,36.44,10.04
2020-08-12,24.89,28.84,36.13,10.14
2020-08-13,25.59,28.43,35.75,10.23
2020-08-14,25.13,28.32,36.64,9.91
2020-08-15,25.12,28.38,36.47,10.03
2020-08-16,25.2,28.3,36.45,10.05
2020-08-17,25.11,28.27,36.93,9.69
2020-08-18,25.09,28.07,37.27,9.57
2020-08-19,25.22,27.99,37.07,9.72
2020-08-20,25.07,27.45,36.96,10.52
2020-08-21,25.49,27.4,36.58,10.53
2020-08-22,25.29,26.73,37.36,10.62
2020-08-23,25.3,26.66,37.41,10.63
2020-08-24,25.41,26.84,36.98,10.77
2020-08-25,25.58,26.49,37.14,10.79
2020-08-26,25.81,26.48,36.88,10.83
2020-08-27,26.36,26.23,36.73,10.68
2020-08-28,26.64,25.07,37.18,11.11
2020-08-29,26.39,24.75,37.95,10.91
2020-08-30,26.58,24.56,37.97,10.89
2020-08-31,27.21,23.51,37.35,11.93
2020-09-01,27.08,23.68,36.77,12.47
2020-09-02,27.14,23.78,36.74,12.34
2020-09-03,27.33,24.37,37.32,10.98
2020-09-04,27.51,24.94,37.43,10.12
2020-09-05,27.43,25.2,37.16,10.21
2020-09-06,27.64,25.02,37.13,10.21
2020-09-07,27.31,26.11,36.55,10.03
2020-09-08,28.38,25.42,36.03,10.17
2020-09-09,28.28,25.36,36.06,10.3
2020-09-10,28.05,25.65,35.93,10.37
2020-09-11,27.88,25.94,36.07,10.11
2020-09-12,28.37,25.56,36.07,10.0
2020-09-13,28.33,25.64,36.0,10.03
2020-09-14,28.43,25.62,35.9,10.05
2020-09-15,28.73,25.51,35.85,9.91
2020-09-16,28.93,25.48,35.62,9.97
2020-09-17,28.84,25.45,35.79,9.92
2020-09-18,29.03,25.46,35.43,10.08
2020-09-19,28.95,25.38,35.65,10.02
2020-09-20,28.9,25.37,35.76,9.97
2020-09-21,28.96,25.11,35.83,10.1
2020-09-22,29.19,24.94,35.77,10.1
2020-09-23,29.1,25.02,35.82,10.06
2020-09-24,28.94,25.06,36.06,9.94
2020-09-25,28.68,25.29,36.23,9.8
2020-09-26,28.68,24.35,36.23,10.74
2020-09-27,28.68,24.16,36.36,10.8
2020-09-28,28.74,24.05,36.52,10.69
2020-09-29,28.73,24.22,36.36,10.69
2020-09-30,28.25,24.48,36.38,10.89
2020-10-01,28.27,24.03,36.65,11.05
2020-10-02,28.22,24.01,36.75,11.02
2020-10-03,27.84,24.3,36.4,11.46
2020-10-04,28.04,24.16,36.4,11.4
2020-10-05,27.83,24.26,36.41,11.5
2020-10-06,28.09,24.41,36.55,10.95
2020-10-07,26.98,24.47,37.49,11.06
2020-10-08,27.55,24.39,37.0,11.06
2020-10-09,27.74,24.36,36.75,11.15
2020-10-10,27.77,24.25,36.83,11.15
2020-10-11,27.81,24.1,36.85,11.24
2020-10-12,27.22,23.76,37.63,11.39
2020-10-13,27.95,23.03,37.53,11.49
2020-10-14,28.15,22.93,37.68,11.24
2020-10-15,28.04,22.8,37.81,11.35
2020-10-16,28.22,23.11,37.62,11.05
2020-10-17,28.63,23.2,37.39,10.78
2020-10-18,28.74,23.14,37.44,10.68
2020-10-19,29.49,22.12,37.52,10.87
2020-10-20,29.48,21.53,37.82,11.17
2020-10-21,29.39,21.44,38.24,10.93
2020-10-22,28.36,21.68,38.82,11.14
2020-10-23,28.54,21.73,38.9,10.83
2020-10-24,28.45,21.99,38.77,10.79
2020-10-25,28.43,21.77,38.93,10.87
2020-10-26,28.57,22.09,38.57,10.77
2020-10-27,28.65,22.0,38.6,10.75
2020-10-28,28.44,21.84,38.76,10.96
2020-10-29,28.74,21.66,38.79,10.81
2020-10-30,28.83,21.76,38.56,10.85
2020-10-31,28.76,21.73,38.66,10.85
2020-11-01,28.78,21.83,38.64,10.75
2020-11-02,29.6,21.81,38.46,10.13
2020-11-03,29.83,21.62,38.87,9.68
2020-11-04,29.34,20.74,39.87,10.05
2020-11-05,28.82,19.83,40.86,10.49
2020-11-06,29.11,19.3,41.05,10.54
2020-11-07,28.32,19.37,41.77,10.54
2020-11-08,28.32,19.34,41.73,10.61
2020-11-09,29.4,19.28,40.6,10.72
2020-11-10,30.06,19.85,39.86,10.23
2020-11-11,30.68,20.05,39.12,10.15
2020-11-12,30.46,19.94,39.65,9.95
2020-11-13,30.58,19.92,39.51,9.99
2020-11-14,30.49,20.03,39.57,9.91
2020-11-15,30.64,19.99,39.42,9.95
2020-11-16,30.66,20.01,39.45,9.88
2020-11-17,31.5,19.68,39.28,9.54
2020-11-18,31.13,19.42,40.06,9.39
2020-11-19,31.19,20.14,39.65,9.02
2020-11-20,31.4,20.12,39.46,9.02
2020-11-21,31.22,19.84,39.77,9.17
2020-11-22,31.02,19.97,39.84,9.17
2020-11-23,30.87,20.32,39.95,8.86
2020-11-24,30.54,20.26,40.19,9.01
2020-11-25,30.7,19.84,40.04,9.42
2020-11-26,30.3,20.38,40.02,9.3
2020-11-27,30.29,21.21,39.03,9.47
2020-11-28,30.29,21.24,39.04,9.43
2020-11-29,30.25,21.27,39.04,9.44
2020-11-30,30.29,21.17,39.08,9.46
2020-12-01,29.82,21.52,39.04,9.62
2020-12-02,30.39,20.88,38.55,10.18
2020-12-03,30.98,21.16,37.68,10.18
2020-12-04,30.89,21.31,37.21,10.59
2020-12-05,31.61,21.36,37.13,9.9
2020-12-06,31.39,21.46,37.18,9.97
2020-12-07,32.17,20.34,37.25,10.24
2020-12-08,31.7,21.12,37.24,9.94
2020-12-09,32.78,20.08,37.04,10.1
2020-12-10,32.54,20.23,37.51,9.72
2020-12-11,33.47,20.73,37.09,8.71
2020-12-12,33.64,20.35,36.73,9.28
2020-12-13,33.69,20.28,36.68,9.35
2020-12-14,34.45,19.14,37.41,9.0
2020-12-15,34.58,18.66,37.87,8.89
2020-12-16,34.61,18.18,38.25,8.96
2020-12-17,34.77,18.39,38.19,8.65
2020-12-18,34.07,18.39,38.95,8.59
2020-12-19,32.18,19.25,39.33,9.24
2020-12-20,32.32,19.13,39.35,9.2
2020-12-21,32.87,18.56,38.85,9.72
2020-12-22,32.74,19.23,38.36,9.67
2020-12-23,32.88,19.66,37.65,9.81
2020-12-24,34.27,18.84,37.39,9.5
2020-12-25,34.37,18.8,37.31,9.52
2020-12-26,34.49,18.89,37.25,9.37
2020-12-27,34.36,18.85,37.21,9.58
2020-12-28,34.26,18.81,37.33,9.6
2020-12-29,34.28,18.87,37.33,9.52
2020-12-30,34.92,18.17,37.44,9.47
2020-12-31,35.04,18.37,37.36,9.23
2021-01-01,35.26,18.0,37.37,9.37
2021-01-02,36.05,17.18,37.21,9.56
2021-01-03,36.04,17.06,37.35,9.55
2021-01-04,37.01,15.73,37.81,9.45
2021-01-05,36.09,15.51,38.63,9.77
2021-01-06,36.13,14.66,38.67,10.54
2021-01-07,36.28,14.56,38.76,10.4
2021-01-08,34.9,14.4,39.73,10.97
2021-01-09,34.41,14.8,39.46,11.33
2021-01-10,34.35,14.76,39.6,11.29
2021-01-11,33.5,15.52,40.23,10.75
2021-01-12,33.9,15.28,40.27,10.55
2021-01-13,34.52,14.94,40.32,10.22
2021-01-14,36.1,15.65,39.0,9.25
2021-01-15,35.77,15.58,39.5,9.15
2021-01-16,34.98,15.8,40.31,8.91
2021-01-17,34.91,15.94,40.31,8.84
2021-01-18,35.04,15.26,40.81,8.89
2021-01-19,35.23,15.51,40.44,8.82
2021-01-20,34.84,15.78,40.08,9.3
2021-01-21,35.49,15.58,39.59,9.34
2021-01-22,35.32,15.97,39.65,9.06
2021-01-23,36.11,16.04,38.64,9.21
2021-01-24,36.01,15.99,38.84,9.16
2021-01-25,34.77,16.85,38.6,9.78
2021-01-26,34.79,16.92,38.52,9.77
2021-01-27,35.29,16.08,38.32,10.31
2021-01-28,35.13,15.7,38.74,10.43
2021-01-29,34.7,15.74,39.22,10.34
2021-01-30,34.58,15.91,39.0,10.51
2021-01-31,34.48,15.88,39.13,10.51
2021-02-01,34.66,16.03,38.82,10.49
2021-02-02,35.01,15.79,38.85,10.35
2021-02-03,35.02,15.86,38.68,10.44
2021-02-04,34.43,16.22,39.12,10.23
2021-02-05,33.54,16.4,39.83,10.23
2021-02-06,33.75,16.36,39.7,10.19
2021-02-07,33.64,16.34,39.76,10.26
2021-02-08,33.41,16.53,39.65,10.41
2021-02-09,33.4,16.74,39.22,10.64
2021-02-10,33.26,17.55,38.49,10.7
2021-02-11,32.57,17.44,39.88,10.11
2021-02-12,31.24,18.45,39.99,10.32
2021-02-13,31.24,18.05,39.38,11.33
2021-02-14,31.27,18.08,39.4,11.25
2021-02-15,33.0,16.62,38.79,11.59
2021-02-16,33.89,16.3,38.47,11.34
2021-02-17,34.65,16.79,37.76,10.8
2021-02-18,34.47,16.79,37.67,11.07
2021-02-19,34.2,17.84,37.25,10.71
2021-02-20,35.13,17.96,36.6,10.31
2021-02-21,35.1,17.87,36.75,10.28
2021-02-22,35.26,18.36,36.05,10.33
2021-02-23,34.46,18.5,36.0,11.04
2021-02-24,34.37,19.08,36.18,10.37
2021-02-25,33.88,19.5,36.0,10.62
2021-02-26,33.08,19.6,36.87,10.45
2021-02-27,33.28,20.35,36.47,9.9
2021-02-28,33.45,20.33,36.34,9.88
2021-03-01,33.78,20.76,36.0,9.46
2021-03-02,33.07,21.25,36.0,9.68
2021-03-03,33.07,21.94,35.32,9.67
2021-03-04,31.69,22.66,35.4,10.25
2021-03-05,32.9,21.41,35.39,10.3
2021-03-06,33.39,22.01,34.78,9.82
2021-03-07,33.26,22.06,34.88,9.8
2021-03-08,33.14,22.33,34.82,9.71
2021-03-09,32.81,22.43,35.18,9.58
2021-03-10,33.96,21.41,34.76,9.87
2021-03-11,33.99,20.78,35.46,9.77
2021-03-12,33.92,20.31,35.49,10.28
2021-03-13,33.97,20.28,36.05,9.7
2021-03-14,34.05,20.32,35.88,9.75
2021-03-15,34.09,20.01,35.85,10.05
2021-03-16,34.62,19.98,35.61,9.79
2021-03-17,35.05,20.35,34.96,9.64
2021-03-18,34.76,20.9,35.0,9.34
2021-03-19,34.51,20.88,35.72,8.89
2021-03-20,34.94,20.78,35.65,8.63
2021-03-21,35.09,20.74,35.51,8.66
2021-03-22,34.87,21.03,35.28,8.82
2021-03-23,34.98,21.76,34.15,9.11
2021-03-24,34.61,22.2,34.38,8.81
2021-03-25,35.33,22.65,33.32,8.7
2021-03-26,34.81,23.19,33.34,8.66
2021-03-27,34.9,23.06,33.35,8.69
2021-03-28,34.94,23.05,33.27,8.74
2021-03-29,35.04,23.12,33.15,8.69
2021-03-30,32.04,24.49,35.09,8.38
2021-03-31,32.31,24.42,34.55,8.72
2021-04-01,31.83,24.0,35.17,9.0
2021-04-02,32.54,23.63,34.86,8.97
2021-04-03,32.5,23.36,35.22,8.92
2021-04-04,32.36,23.45,35.29,8.9
2021-04-05,32.87,23.62,34.58,8.93
2021-04-06,32.99,23.26,34.73,9.02
2021-04-07,32.83,23.83,34.2,9.14
2021-04-08,32.99,24.03,33.6,9.38
2021-04-09,33.78,24.64,32.61,8.97
2021-04-10,34.12,24.26,32.64,8.98
2021-04-11,34.01,24.42,32.69,8.88
2021-04-12,33.67,25.08,32.3,8.95
2021-04-13,33.81,25.39,31.75,9.05
2021-04-14,33.57,25.43,32.09,8.91
2021-04-15,32.83,26.25,31.97,8.95
2021-04-16,33.68,26.52,31.01,8.79
2021-04-17,32.6,27.77,30.77,8.86
2021-04-18,32.61,27.7,30.79,8.9
2021-04-19,32.4,27.84,30.76,9.0
2021-04-20,32.22,27.78,31.14,8.86
2021-04-21,32.09,28.59,30.68,8.64
2021-04-22,33.05,28.63,29.65,8.67
2021-04-23,33.0,29.3,29.28,8.42
2021-04-24,32.05,30.56,28.79,8.6
2021-04-25,32.06,30.38,29.02,8.54
2021-04-26,32.49,30.75,27.77,8.99
2021-04-27,32.63,31.04,27.19,9.14
2021-04-28,32.87,30.83,27.08,9.22
2021-04-29,34.01,30.05,26.69,9.25
2021-04-30,33.63,30.35,27.01,9.01
2021-05-01,33.79,30.1,27.24,8.87
2021-05-02,33.82,30.15,27.29,8.74
2021-05-03,33.95,30.56,26.69,8.8
2021-05-04,33.5,30.53,27.05,8.92
2021-05-05,33.66,30.69,26.95,8.7
2021-05-06,33.49,31.3,26.26,8.95
2021-05-07,33.48,31.42,26.1,9.0
2021-05-08,33.33,31.5,26.05,9.12
2021-05-09,33.57,31.37,26.05,9.01
2021-05-10,33.13,31.96,26.04,8.87
2021-05-11,32.8,32.02,26.33,8.85
2021-05-12,32.18,32.35,25.71,9.76
2021-05-13,32.46,31.62,26.35,9.57
2021-05-14,32.42,31.76,26.25,9.57
2021-05-15,31.32,32.21,26.67,9.8
2021-05-16,31.29,32.32,26.59,9.8
2021-05-17,31.5,31.92,26.66,9.92
2021-05-18,31.72,31.48,26.79,10.01
2021-05-19,33.35,30.77,26.08,9.8
2021-05-20,33.65,30.33,26.48,9.54
2021-05-21,34.49,29.78,26.52,9.21
2021-05-22,34.79,28.65,27.24,9.32
2021-05-23,34.77,28.55,27.33,9.35
2021-05-24,35.25,28.37,26.99,9.39
2021-05-25,34.39,28.44,28.09,9.08
2021-05-26,34.73,28.85,27.41,9.01
2021-05-27,35.17,28.6,26.92,9.31
2021-05-28,35.22,28.6,27.0,9.18
2021-05-29,34.13,29.13,27.49,9.25
2021-05-30,34.18,29.04,27.48,9.3
2021-05-31,34.3,29.1,27.33,9.27
2021-06-01,32.97,29.54,27.84,9.65
2021-06-02,33.46,28.94,27.75,9.85
2021-06-03,32.81,29.83,27.49,9.87
2021-06-04,32.89,28.95,28.55,9.61
2021-06-05,32.36,29.26,28.59,9.79
2021-06-06,32.33,29.21,28.57,9.89
2021-06-07,33.45,27.6,28.8,10.15
2021-06-08,33.95,27.1,28.78,10.17
2021-06-09,33.08,27.05,29.65,10.22
2021-06-10,32.09,27.12,30.26,10.53
2021-06-11,31.96,27.28,30.26,10.5
2021-06-12,32.29,26.89,30.15,10.67
2021-06-13,32.32,27.07,29.98,10.63
2021-06-14,32.78,26.42,29.52,11.28
2021-06-15,34.04,26.3,28.88,10.78
2021-06-16,33.27,27.49,28.68,10.56
2021-06-17,33.2,28.24,28.0,10.56
2021-06-18,32.96,28.2,28.15,10.69
2021-06-19,32.18,28.18,29.32,10.32
2021-06-20,32.16,28.13,29.43,10.28
2021-06-21,32.24,28.09,29.4,10.27
2021-06-22,32.06,27.84,29.73,10.37
2021-06-23,31.88,28.01,29.44,10.67
2021-06-24,31.9,27.08,30.61,10.41
2021-06-25,32.17,27.12,30.08,10.63
2021-06-26,32.34,27.07,30.24,10.35
2021-06-27,32.2,27.1,30.31,10.39
2021-06-28,32.93,26.23,30.34,10.5
2021-06-29,32.27,26.52,30.58,10.63
2021-06-30,32.13,26.47,30.74,10.66
2021-07-01,31.88,26.29,31.19,10.64
2021-07-02,32.62,26.02,31.24,10.12
2021-07-03,33.03,25.58,31.3,10.09
2021-07-04,33.12,25.44,31.33,10.11
2021-07-05,32.73,25.83,31.29,10.15
2021-07-06,32.89,25.77,31.18,10.16
2021-07-07,33.23,26.24,30.43,10.1
2021-07-08,34.35,25.29,30.8,9.56
2021-07-09,34.67,25.38,30.52,9.43
2021-07-10,34.97,25.5,30.11,9.42
2021-07-11,35.14,25.42,29.93,9.51
2021-07-12,35.93,25.4,29.33,9.34
2021-07-13,36.02,24.71,29.76,9.51
2021-07-14,34.8,25.46,30.12,9.62
2021-07-15,34.32,25.4,30.4,9.88
2021-07-16,34.19,25.8,30.04,9.97
2021-07-17,33.8,26.12,30.07,10.01
2021-07-18,33.87,26.0,30.1,10.03
2021-07-19,33.64,26.1,30.25,10.01
2021-07-20,33.46,25.66,30.68,10.2
2021-07-21,33.61,25.58,30.63,10.18
2021-07-22,33.19,26.03,30.4,10.38
2021-07-23,32.76,26.64,30.38,10.22
2021-07-24,33.24,26.54,30.26,9.96
2021-07-25,33.19,26.5,30.35,9.96
2021-07-26,33.55,26.95,29.45,10.05
2021-07-27,33.64,26.98,28.97,10.41
2021-07-28,33.63,26.5,29.58,10.29
2021-07-29,33.54,26.82,29.39,10.25
2021-07-30,34.11,26.05,29.5,10.34
2021-07-31,34.16,25.91,29.55,10.38
2021-08-01,34.14,25.97,29.51,10.38
2021-08-02,33.79,26.85,29.8,9.56
2021-08-03,34.22,27.22,29.59,8.97
2021-08-04,33.98,27.31,29.67,9.04
2021-08-05,34.24,27.13,29.51,9.12
2021-08-06,33.76,27.6,29.42,9.22
2021-08-07,33.93,27.62,29.46,8.99
2021-08-08,34.01,27.56,29.53,8.9
2021-08-09,34.1,27.81,29.31,8.78
2021-08-10,34.12,27.69,29.36,8.83
2021-08-11,34.29,27.41,29.29,9.01
2021-08-12,34.14,26.72,29.95,9.19
2021-08-13,33.87,26.99,29.93,9.21
2021-08-14,33.85,27.06,29.72,9.37
2021-08-15,33.9,26.94,29.82,9.34
2021-08-16,33.82,26.8,29.96,9.42
2021-08-17,33.23,27.3,30.17,9.3
2021-08-18,32.06,26.43,31.61,9.9
2021-08-19,31.8,26.8,31.38,10.02
2021-08-20,32.13,26.48,31.36,10.03
2021-08-21,32.7,26.51,30.83,9.96
2021-08-22,32.62,26.54,30.95,9.89
2021-08-23,32.72,26.07,31.38,9.83
2021-08-24,32.82,26.2,30.97,10.01
2021-08-25,33.05,25.91,31.02,10.02
2021-08-26,32.96,26.0,31.01,10.03
2021-08-27,33.26,25.54,30.93,10.27
2021-08-28,33.46,25.46,30.5,10.58
2021-08-29,33.37,25.43,30.58,10.62
2021-08-30,33.35,25.2,30.77,10.68
2021-08-31,33.59,25.14,30.59,10.68
2021-09-01,32.59,24.51,31.91,10.99
2021-09-02,32.13,24.09,32.13,11.65
2021-09-03,31.64,24.01,32.95,11.4
2021-09-04,31.65,24.02,33.6,10.73
2021-09-05,31.64,24.01,33.64,10.71
2021-09-06,32.0,23.62,33.76,10.62
2021-09-07,31.88,23.39,34.34,10.39
2021-09-08,31.9,22.47,35.25,10.38
2021-09-09,31.15,22.65,35.45,10.75
2021-09-10,32.45,21.98,35.06,10.51
2021-09-11,32.35,22.76,34.19,10.7
2021-09-12,32.49,22.71,34.14,10.66
2021-09-13,32.37,23.18,33.99,10.46
2021-09-14,32.28,23.3,34.07,10.35
2021-09-15,32.4,24.0,33.64,9.96
2021-09-16,32.17,24.13,34.01,9.69
2021-09-17,32.27,24.06,33.96,9.71
2021-09-18,32.47,23.86,33.7,9.97
2021-09-19,32.55,23.82,33.6,10.03
2021-09-20,32.58,23.86,33.71,9.85
2021-09-21,32.97,22.76,34.13,10.14
2021-09-22,33.16,21.99,35.19,9.66
2021-09-23,33.06,21.68,35.57,9.69
2021-09-24,33.41,21.71,35.26,9.62
2021-09-25,33.53,21.47,35.52,9.48
2021-09-26,33.45,21.66,35.4,9.49
2021-09-27,33.64,21.9,35.06,9.4
2021-09-28,32.75,22.43,35.54,9.28
2021-09-29,33.0,22.41,35.29,9.3
2021-09-30,32.77,22.36,35.68,9.19
2021-10-01,33.2,22.36,35.35,9.09
2021-10-02,33.16,22.29,35.46,9.09
2021-10-03,33.1,22.42,35.39,9.09
2021-10-04,33.63,21.93,35.27,9.17
2021-10-05,33.68,22.33,35.14,8.85
2021-10-06,33.59,22.33,35.1,8.98
2021-10-07,33.53,22.25,35.08,9.14
2021-10-08,33.72,22.54,34.39,9.35
2021-10-09,34.11,22.31,34.41,9.17
2021-10-10,33.92,22.28,34.36,9.44
2021-10-11,34.1,22.28,34.21,9.41
2021-10-12,33.91,22.17,34.54,9.38
2021-10-13,34.14,22.11,34.24,9.51
2021-10-14,34.06,21.95,34.42,9.57
2021-10-15,34.17,21.91,34.33,9.59
2021-10-16,34.03,21.86,34.52,9.59
2021-10-17,33.95,22.16,34.29,9.6
2021-10-18,34.17,22.1,34.15,9.58
2021-10-19,34.17,22.33,34.05,9.45
2021-10-20,34.14,22.38,34.0,9.48
2021-10-21,33.98,22.08,34.52,9.42
2021-10-22,33.75,22.33,34.48,9.44
2021-10-23,34.05,22.35,34.4,9.2
2021-10-24,34.15,22.28,34.42,9.15
2021-10-25,34.06,22.42,34.32,9.2
2021-10-26,34.16,22.54,33.99,9.31
2021-10-27,33.98,22.46,33.99,9.57
2021-10-28,33.79,22.46,34.35,9.4
2021-10-29,33.89,22.37,34.23,9.51
2021-10-30,33.83,22.89,33.69,9.59
2021-10-31,33.77,22.98,33.73,9.52
2021-11-01,33.86,22.74,33.93,9.47
2021-11-02,33.74,22.74,33.88,9.64
2021-11-03,33.86,22.56,33.78,9.8
2021-11-04,33.88,22.58,33.75,9.79
2021-11-05,33.92,22.56,33.7,9.82
2021-11-06,33.87,22.43,33.92,9.78
2021-11-07,33.86,22.66,33.67,9.81
2021-11-08,34.4,22.39,33.65,9.56
2021-11-09,34.43,22.17,33.78,9.62
2021-11-10,34.61,22.07,33.57,9.75
2021-11-11,34.69,21.82,33.66,9.83
2021-11-12,35.09,21.94,33.38,9.59
2021-11-13,34.72,22.22,33.19,9.87
2021-11-14,34.83,21.88,33.4,9.89
2021-11-15,34.96,21.85,33.34,9.85
2021-11-16,34.68,21.8,33.56,9.96
2021-11-17,34.51,21.77,33.52,10.2
2021-11-18,34.31,21.68,33.83,10.18
2021-11-19,34.52,21.74,33.81,9.93
2021-11-20,34.15,21.87,34.14,9.84
2021-11-21,33.99,22.05,34.26,9.7
2021-11-22,33.59,22.18,34.26,9.97
2021-11-23,33.31,22.59,34.11,9.99
2021-11-24,33.61,22.87,33.42,10.1
2021-11-25,33.69,22.56,33.98,9.77
2021-11-26,33.82,22.53,33.93,9.72
2021-11-27,33.7,22.76,33.81,9.73
2021-11-28,33.72,22.59,34.02,9.67
2021-11-29,33.27,22.32,34.7,9.71
2021-11-30,33.22,22.52,34.49,9.77
2021-12-01,33.08,22.58,34.44,9.9
2021-12-02,33.44,22.45,34.3,9.81
2021-12-03,33.69,22.35,34.02,9.94
2021-12-04,33.75,22.05,34.1,10.1
2021-12-05,33.64,22.09,34.21,10.06
2021-12-06,33.51,22.41,33.9,10.18
2021-12-07,33.46,22.04,34.23,10.27
2021-12-08,32.7,22.27,34.46,10.57
2021-12-09,32.49,22.2,34.76,10.55
2021-12-10,32.74,22.15,34.56,10.55
2021-12-11,32.79,22.01,34.65,10.55
2021-12-12,32.88,21.9,34.71,10.51
2021-12-13,32.68,21.84,34.79,10.69
2021-12-14,32.77,21.85,34.85,10.53
2021-12-15,33.04,21.51,34.87,10.58
2021-12-16,33.48,21.44,34.56,10.52
2021-12-17,33.2,21.4,34.84,10.56
2021-12-18,33.13,21.39,34.84,10.64
2021-12-19,33.1,21.43,34.88,10.59
2021-12-20,33.31,21.33,34.81,10.55
2021-12-21,33.39,21.47,34.6,10.54
2021-12-22,33.76,21.59,34.32,10.33
2021-12-23,34.02,21.47,34.26,10.25
2021-12-24,33.97,21.43,34.26,10.34
2021-12-25,34.1,21.41,34.19,10.3
2021-12-26,34.01,21.32,34.32,10.35
2021-12-27,34.08,21.3,34.35,10.27
2021-12-28,34.12,21.22,34.62,10.04
2021-12-29,34.19,21.24,34.64,9.93
2021-12-30,34.28,21.24,34.54,9.94
2021-12-31,34.06,21.42,34.68,9.84
2022-01-01,33.93,21.53,34.71,9.83
2022-01-02,34.05,21.43,34.7,9.82
2022-01-03,34.58,20.91,34.88,9.63
2022-01-04,34.2,21.25,35.22,9.33
2022-01-05,34.24,21.52,35.36,8.88
2022-01-06,33.63,22.32,35.31,8.74
2022-01-07,33.2,22.65,35.27,8.88
2022-01-08,33.29,22.77,35.0,8.94
2022-01-09,33.19,22.87,34.92,9.02
2022-01-10,32.62,23.14,35.02,9.22
2022-01-11,32.69,22.9,35.38,9.03
2022-01-12,32.43,22.89,35.53,9.15
2022-01-13,33.24,22.34,35.03,9.39
2022-01-14,32.87,22.76,34.99,9.38
2022-01-15,32.66,22.11,35.33,9.9
2022-01-16,32.78,22.1,35.17,9.95
2022-01-17,31.95,22.04,35.92,10.09
2022-01-18,31.56,22.08,36.53,9.83
2022-01-19,32.28,21.78,35.79,10.15
2022-01-20,31.89,21.88,36.26,9.97
2022-01-21,32.15,22.09,36.06,9.7
2022-01-22,32.55,22.34,35.29,9.82
2022-01-23,32.33,22.25,35.61,9.81
2022-01-24,32.27,22.61,35.24,9.88
2022-01-25,32.72,22.48,35.42,9.38
2022-01-26,32.75,22.51,35.38,9.36
2022-01-27,32.65,22.9,35.25,9.2
2022-01-28,32.58,22.67,35.29,9.46
2022-01-29,32.52,22.27,35.64,9.57
2022-01-30,32.6,22.18,35.71,9.51
2022-01-31,32.81,21.39,36.33,9.47
2022-02-01,33.67,22.09,35.3,8.94
2022-02-02,33.41,21.81,35.92,8.86
2022-02-03,33.33,21.62,35.78,9.27
2022-02-04,33.62,21.44,35.97,8.97
2022-02-05,33.28,21.35,36.41,8.96
2022-02-06,33.51,21.21,36.3,8.98
2022-02-07,32.44,21.67,36.82,9.07
2022-02-08,32.85,21.46,36.43,9.26
2022-02-09,32.7,21.46,37.11,8.73
2022-02-10,32.4,21.5,37.04,9.06
2022-02-11,33.35,21.81,36.35,8.49
2022-02-12,32.85,21.38,36.99,8.78
2022-02-13,32.74,21.45,36.97,8.84
2022-02-14,32.39,21.17,37.88,8.56
2022-02-15,32.14,20.58,38.35,8.93
2022-02-16,32.62,19.46,39.37,8.55
2022-02-17,32.46,19.56,39.18,8.8
2022-02-18,31.5,19.62,39.56,9.32
2022-02-19,31.07,19.74,40.5,8.69
2022-02-20,31.08,19.63,40.62,8.67
2022-02-21,31.45,19.21,40.22,9.12
2022-02-22,30.54,19.5,41.31,8.65
2022-02-23,30.3,19.57,41.09,9.04
2022-02-24,30.31,20.81,39.87,9.01
2022-02-25,29.27,21.9,39.43,9.4
2022-02-26,28.73,22.92,38.72,9.63
2022-02-27,28.71,22.88,38.71,9.7
2022-02-28,28.87,22.01,39.45,9.67
2022-03-01,28.76,21.95,39.56,9.73
2022-03-02,28.57,22.2,39.75,9.48
2022-03-03,28.55,22.32,39.47,9.66
2022-03-04,27.98,23.07,39.01,9.94
2022-03-05,27.93,22.95,38.75,10.37
2022-03-06,27.84,22.99,38.82,10.35
2022-03-07,27.65,23.3,38.46,10.59
2022-03-08,28.42,23.17,37.07,11.34
2022-03-09,28.16,22.27,38.78,10.79
2022-03-10,27.65,22.47,39.6,10.28
2022-03-11,27.39,21.46,40.87,10.28
2022-03-12,27.5,21.31,40.94,10.25
2022-03-13,27.41,21.47,40.8,10.32
2022-03-14,27.48,21.4,40.87,10.25
2022-03-15,27.59,21.62,40.09,10.7
2022-03-16,27.95,21.23,39.91,10.91
2022-03-17,28.59,21.49,39.22,10.7
2022-03-18,28.53,21.41,39.25,10.81
2022-03-19,28.61,21.54,39.22,10.63
2022-03-20,28.67,21.39,39.28,10.66
2022-03-21,25.38,23.07,40.43,11.12
2022-03-22,24.44,23.32,40.78,11.46
2022-03-23,22.89,24.1,41.13,11.88
2022-03-24,23.43,24.46,40.75,11.36
2022-03-25,24.36,23.66,40.31,11.67
2022-03-26,24.76,23.81,40.2,11.23
2022-03-27,24.81,23.79,40.14,11.26
2022-03-28,24.13,23.77,40.49,11.61
2022-03-29,24.23,23.48,40.5,11.79
2022-03-30,23.58,24.42,40.03,11.97
2022-03-31,21.86,26.03,39.99,12.12
2022-04-01,21.2,26.51,40.07,12.22
2022-04-02,23.29,26.88,38.46,11.37
2022-04-03,23.25,26.69,38.53,11.53
2022-04-04,23.7,26.75,37.44,12.11
2022-04-05,24.41,27.05,36.97,11.57
2022-04-06,25.34,26.27,37.16,11.23
2022-04-07,24.67,26.79,37.44,11.1
2022-04-08,22.49,28.64,37.52,11.35
2022-04-09,22.35,28.56,37.5,11.59
2022-04-10,22.42,28.51,37.56,11.51
2022-04-11,22.54,28.38,37.11,11.97
2022-04-12,23.1,28.79,35.88,12.23
2022-04-13,22.91,28.98,36.53,11.58
2022-04-14,23.81,28.89,35.9,11.4
2022-04-15,23.68,29.38,35.34,11.6
2022-04-16,23.67,28.93,35.1,12.3
2022-04-17,23.64,29.03,35.05,12.28
2022-04-18,23.77,29.1,34.84,12.29
2022-04-19,23.63,29.63,34.5,12.24
2022-04-20,23.21,30.74,34.09,11.96
2022-04-21,22.55,31.4,34.78,11.27
2022-04-22,22.92,31.1,35.58,10.4
2022-04-23,23.53,30.45,35.71,10.31
2022-04-24,23.62,30.32,35.69,10.37
2022-04-25,24.06,30.1,35.05,10.79
2022-04-26,24.6,30.46,34.12,10.82
2022-04-27,24.72,30.59,33.99,10.7
2022-04-28,24.98,30.65,33.86,10.51
2022-04-29,24.9,30.7,34.07,10.33
2022-04-30,24.85,30.22,34.25,10.68
2022-05-01,24.94,30.29,34.17,10.6
2022-05-02,25.2,30.56,33.95,10.29
2022-05-03,25.27,30.51,34.04,10.18
2022-05-04,26.48,29.38,34.2,9.94
2022-05-05,25.82,29.62,34.88,9.68
2022-05-06,26.16,29.26,34.99,9.59
2022-05-07,26.63,29.07,34.74,9.56
2022-05-08,26.72,28.96,34.74,9.58
2022-05-09,27.15,28.49,34.9,9.46
2022-05-10,26.13,28.34,35.77,9.76
2022-05-11,25.79,28.99,34.58,10.64
2022-05-12,25.89,28.94,34.34,10.83
2022-05-13,25.49,28.44,35.11,10.96
2022-05-14,24.66,29.33,34.82,11.19
2022-05-15,24.64,29.41,34.74,11.21
2022-05-16,23.83,30.43,35.26,10.48
2022-05-17,23.82,30.61,35.2,10.37
2022-05-18,22.98,31.61,34.2,11.21
2022-05-19,22.43,31.77,34.41,11.39
2022-05-20,22.82,31.1,34.71,11.37
2022-05-21,24.03,30.5,34.59,10.88
2022-05-22,24.23,30.37,34.51,10.89
2022-05-23,24.01,29.85,34.78,11.36
2022-05-24,23.93,30.07,34.44,11.56
2022-05-25,23.58,29.95,34.58,11.89
2022-05-26,24.63,27.97,34.96,12.44
2022-05-27,24.18,28.26,35.74,11.82
2022-05-28,23.19,28.94,36.41,11.46
2022-05-29,23.2,28.92,36.43,11.45
2022-05-30,22.96,28.94,36.42,11.68
2022-05-31,22.86,27.67,37.18,12.29
2022-06-01,23.03,25.68,38.84,12.45
2022-06-02,23.35,25.67,38.51,12.47
2022-06-03,23.44,25.6,38.12,12.84
2022-06-04,24.2,25.13,38.16,12.51
2022-06-05,24.18,25.12,38.18,12.52
2022-06-06,25.2,23.58,38.16,13.06
2022-06-07,27.11,23.49,36.51,12.89
2022-06-08,28.02,23.39,35.52,13.07
2022-06-09,27.81,23.99,35.95,12.25
2022-06-10,27.33,24.82,35.77,12.08
2022-06-11,27.59,25.31,35.32,11.78
2022-06-12,27.56,25.14,35.39,11.91
2022-06-13,27.64,24.88,35.64,11.84
2022-06-14,27.09,24.95,35.97,11.99
2022-06-15,27.18,24.96,36.14,11.72
2022-06-16,27.05,25.36,36.18,11.41
2022-06-17,27.47,25.35,35.75,11.43
2022-06-18,27.37,25.4,35.8,11.43
2022-06-19,27.57,25.69,35.13,11.61
2022-06-20,27.56,26.04,35.29,11.11
2022-06-21,27.92,25.88,35.11,11.09
2022-06-22,27.62,26.01,36.39,9.98
2022-06-23,26.4,26.5,36.88,10.22
2022-06-24,25.27,26.92,36.93,10.88
2022-06-25,24.67,27.09,37.29,10.95
2022-06-26,24.65,26.94,37.5,10.91
2022-06-27,24.39,26.48,37.95,11.18
2022-06-28,24.35,26.23,38.14,11.28
2022-06-29,24.05,25.56,38.75,11.64
2022-06-30,24.08,25.37,39.21,11.34
2022-07-01,24.21,25.07,38.95,11.77
2022-07-02,23.41,25.47,38.88,12.24
2022-07-03,23.53,25.29,38.91,12.27
2022-07-04,23.41,26.19,38.25,12.15
2022-07-05,24.14,26.26,37.86,11.74
2022-07-06,24.35,26.1,37.95,11.6
2022-07-07,24.65,26.07,38.08,11.2
2022-07-08,24.68,25.97,38.45,10.9
2022-07-09,25.03,25.37,38.51,11.09
2022-07-10,25.0,25.42,38.51,11.07
2022-07-11,25.65,24.8,38.18,11.37
2022-07-12,24.05,26.02,39.04,10.89
2022-07-13,23.0,25.66,39.98,11.36
2022-07-14,21.69,26.83,40.08,11.4
2022-07-15,22.15,25.54,40.23,12.08
2022-07-16,22.05,25.16,40.74,12.05
2022-07-17,21.91,25.19,40.73,12.17
2022-07-18,22.22,25.75,40.3,11.73
2022-07-19,24.69,24.35,39.63,11.33
2022-07-20,23.35,26.06,39.03,11.56
2022-07-21,22.73,27.11,38.24,11.92
2022-07-22,22.1,27.17,38.28,12.45
2022-07-23,21.47,26.94,38.47,13.12
2022-07-24,21.46,27.22,38.36,12.96
2022-07-25,21.66,26.19,39.28,12.87
2022-07-26,23.05,26.4,38.69,11.86
2022-07-27,24.58,25.65,37.59,12.18
2022-07-28,24.97,25.41,37.36,12.26
2022-07-29,25.78,25.28,37.3,11.64
2022-07-30,25.3,27.05,36.05,11.6
2022-07-31,25.23,27.08,36.12,11.57
2022-08-01,23.51,28.16,36.39,11.94
2022-08-02,21.95,28.27,37.7,12.08
2022-08-03,21.98,28.39,37.16,12.47
2022-08-04,22.87,28.35,37.17,11.61
2022-08-05,23.2,27.9,37.4,11.5
2022-08-06,24.14,27.99,36.67,11.2
2022-08-07,24.05,27.94,36.59,11.42
2022-08-08,25.14,28.29,34.88,11.69
2022-08-09,25.09,28.13,34.91,11.87
2022-08-10,25.4,27.32,35.31,11.97
2022-08-11,25.55,27.21,35.24,12.0
2022-08-12,25.61,27.14,35.65,11.6
2022-08-13,25.64,27.04,35.6,11.72
2022-08-14,25.67,27.11,35.6,11.62
2022-08-15,25.65,27.03,35.6,11.72
2022-08-16,25.27,25.99,37.2,11.54
2022-08-17,23.96,27.11,37.49,11.44
2022-08-18,25.68,26.64,36.74,10.94
2022-08-19,25.51,26.69,36.84,10.96
2022-08-20,24.74,27.47,36.39,11.4
2022-08-21,24.76,27.5,36.36,11.38
2022-08-22,23.04,28.33,37.23,11.4
2022-08-23,23.64,27.96,36.9,11.5
2022-08-24,24.95,27.48,36.3,11.27
2022-08-25,25.08,27.49,35.98,11.45
2022-08-26,24.78,27.2,36.44,11.58
2022-08-27,23.98,28.13,35.99,11.9
2022-08-28,23.95,28.15,36.03,11.87
2022-08-29,24.45,28.77,34.79,11.99
2022-08-30,23.46,28.35,35.76,12.43
2022-08-31,23.34,26.74,37.5,12.42
2022-09-01,23.33,27.46,36.85,12.36
2022-09-02,23.66,27.25,37.13,11.96
2022-09-03,23.51,27.26,38.32,10.91
2022-09-04,23.5,27.17,38.37,10.96
2022-09-05,22.97,27.8,38.41,10.82
2022-09-06,22.87,27.39,38.53,11.21
2022-09-07,23.89,27.24,37.62,11.25
2022-09-08,25.03,28.26,35.69,11.02
2022-09-09,23.21,27.75,38.01,11.03
2022-09-10,22.02,28.16,38.34,11.48
2022-09-11,21.92,28.3,38.31,11.47
2022-09-12,21.51,28.99,37.48,12.02
2022-09-13,21.75,30.03,36.78,11.44
2022-09-14,22.26,30.27,36.19,11.28
2022-09-15,21.76,30.45,36.92,10.87
2022-09-16,20.99,28.86,38.26,11.89
2022-09-17,21.13,29.24,37.92,11.71
2022-09-18,20.94,29.36,38.04,11.66
2022-09-19,20.83,28.98,38.17,12.02
2022-09-20,20.54,28.55,38.35,12.56
2022-09-21,19.88,28.87,38.45,12.8
2022-09-22,20.59,27.4,38.07,13.94
2022-09-23,20.7,26.72,38.98,13.6
2022-09-24,20.5,28.53,38.28,12.69
2022-09-25,20.42,28.53,38.26,12.79
2022-09-26,20.56,28.88,39.0,11.56
2022-09-27,21.03,29.47,37.42,12.08
2022-09-28,21.01,29.2,38.09,11.7
2022-09-29,20.46,29.42,38.01,12.11
2022-09-30,20.73,28.67,37.85,12.75
2022-10-01,21.38,28.85,38.01,11.76
2022-10-02,21.49,28.77,38.01,11.73
2022-10-03,20.0,29.26,38.59,12.15
2022-10-04,19.45,28.89,39.11,12.55
2022-10-05,19.53,29.01,38.91,12.55
2022-10-06,19.64,28.24,38.9,13.22
2022-10-07,20.08,28.19,37.97,13.76
2022-10-08,20.77,28.05,38.26,12.92
2022-10-09,20.82,28.09,38.24,12.85
2022-10-10,20.6,27.67,38.46,13.27
2022-10-11,19.84,27.81,38.37,13.98
2022-10-12,18.98,28.14,39.12,13.76
2022-10-13,18.4,28.36,38.73,14.51
2022-10-14,17.64,28.57,38.98,14.81
2022-10-15,16.44,28.61,40.54,14.41
2022-10-16,16.42,28.59,40.48,14.51
2022-10-17,15.62,29.45,40.52,14.41
2022-10-18,15.37,29.48,40.86,14.29
2022-10-19,15.1,30.32,40.39,14.19
2022-10-20,14.66,29.93,40.42,14.99
2022-10-21,14.8,29.86,40.38,14.96
2022-10-22,14.78,29.56,40.73,14.93
2022-10-23,14.75,29.58,40.7,14.97
2022-10-24,14.72,29.32,40.68,15.28
2022-10-25,14.75,29.14,40.84,15.27
2022-10-26,17.09,27.8,40.48,14.63
2022-10-27,17.12,27.78,40.48,14.62
2022-10-28,17.96,27.97,39.79,14.28
2022-10-29,18.03,28.17,39.31,14.49
2022-10-30,17.97,28.2,39.43,14.4
2022-10-31,17.61,28.03,40.55,13.81
2022-11-01,17.51,28.1,40.68,13.71
2022-11-02,17.42,27.73,40.91,13.94
2022-11-03,17.96,26.98,41.04,14.02
2022-11-04,18.16,26.55,41.0,14.29
2022-11-05,18.09,26.39,41.06,14.46
2022-11-06,18.12,26.45,40.97,14.46
2022-11-07,17.7,26.32,41.53,14.45
2022-11-08,18.09,26.0,41.42,14.49
2022-11-09,18.41,26.38,41.11,14.1
2022-11-10,18.14,26.15,41.7,14.01
2022-11-11,18.44,25.64,41.69,14.23
2022-11-12,17.91,25.57,42.51,14.01
2022-11-13,17.92,25.45,42.69,13.94
2022-11-14,18.22,24.79,42.59,14.4
2022-11-15,18.26,24.72,42.72,14.3
2022-11-16,17.95,24.47,42.87,14.71
2022-11-17,16.6,24.97,43.38,15.05
2022-11-18,16.52,24.91,43.81,14.76
2022-11-19,16.38,24.75,43.39,15.48
2022-11-20,16.32,24.8,43.38,15.5
2022-11-21,16.51,25.62,42.47,15.4
2022-11-22,17.08,25.58,41.85,15.49
2022-11-23,17.4,25.6,42.04,14.96
2022-11-24,17.51,25.56,42.18,14.75
2022-11-25,17.5,25.42,42.47,14.61
2022-11-26,17.47,26.09,42.1,14.34
2022-11-27,17.63,26.0,42.04,14.33
2022-11-28,17.28,26.12,42.1,14.5
2022-11-29,17.41,25.77,42.37,14.45
2022-11-30,17.17,26.38,42.15,14.3
2022-12-01,17.23,26.27,42.44,14.06
2022-12-02,17.05,26.45,42.16,14.34
2022-12-03,17.8,25.77,42.12,14.31
2022-12-04,17.16,25.93,42.38,14.53
2022-12-05,17.81,26.05,41.89,14.25
2022-12-06,17.06,26.24,42.67,14.03
2022-12-07,16.51,26.49,42.5,14.5
2022-12-08,16.91,26.51,42.42,14.16
2022-12-09,16.58,26.22,42.42,14.78
2022-12-10,16.5,26.61,42.21,14.68
2022-12-11,16.45,26.62,42.19,14.74
2022-12-12,16.53,26.73,42.26,14.48
2022-12-13,16.62,27.13,42.25,14.0
2022-12-14,16.19,26.65,42.92,14.24
2022-12-15,16.87,26.49,42.45,14.19
2022-12-16,16.96,26.3,42.44,14.3
2022-12-17,16.79,25.58,42.82,14.81
2022-12-18,16.82,25.58,42.81,14.79
2022-12-19,17.2,25.42,42.54,14.84
2022-12-20,17.22,26.21,41.68,14.89
2022-12-21,17.12,26.08,41.74,15.06
2022-12-22,17.56,25.61,41.82,15.01
2022-12-23,18.33,25.37,41.3,15.0
2022-12-24,18.14,25.06,41.89,14.91
2022-12-25,18.22,25.11,42.05,14.62
2022-12-26,17.97,25.4,42.23,14.4
2022-12-27,18.39,25.68,41.65,14.28
2022-12-28,18.73,25.33,41.65,14.29
2022-12-29,18.45,24.7,42.05,14.8
2022-12-30,18.46,24.55,41.45,15.54
2022-12-31,18.62,24.49,41.5,15.39
2023-01-01,18.92,24.48,41.29,15.31
2023-01-02,18.34,24.71,41.53,15.42
2023-01-03,18.39,25.42,41.09,15.1
2023-01-04,18.1,25.15,41.43,15.32
2023-01-05,18.32,24.77,41.79,15.12
2023-01-06,18.33,25.11,41.61,14.95
2023-01-07,18.56,25.3,41.4,14.74
2023-01-08,18.77,25.48,40.93,14.82
2023-01-09,18.86,25.73,40.63,14.78
2023-01-10,18.77,25.36,41.18,14.69
2023-01-11,19.01,25.44,41.01,14.54
2023-01-12,17.82,25.53,41.74,14.91
2023-01-13,18.06,25.17,41.64,15.13
2023-01-14,18.44,25.1,41.29,15.17
2023-01-15,18.26,25.05,41.56,15.13
2023-01-16,17.5,23.62,42.25,16.63
2023-01-17,17.0,24.2,42.97,15.83
2023-01-18,17.43,24.72,42.01,15.84
2023-01-19,17.09,25.71,40.62,16.58
2023-01-20,17.15,25.72,40.77,16.36
2023-01-21,17.69,26.01,40.12,16.18
2023-01-22,18.12,25.88,39.87,16.13
2023-01-23,17.85,26.16,40.66,15.33
2023-01-24,17.6,26.38,40.46,15.56
2023-01-25,17.87,26.46,41.45,14.22
2023-01-26,17.96,26.44,41.32,14.28
2023-01-27,18.28,25.5,42.53,13.69
2023-01-28,19.02,25.11,41.86,14.01
2023-01-29,18.95,25.12,41.96,13.97
2023-01-30,19.63,25.83,40.36,14.18
2023-01-31,19.47,25.84,40.05,14.64
2023-02-01,19.4,25.68,40.17,14.75
2023-02-02,19.37,25.69,40.48,14.46
2023-02-03,19.6,25.52,39.97,14.91
2023-02-04,19.24,25.43,40.45,14.88
2023-02-05,19.23,25.5,40.45,14.82
2023-02-06,19.33,25.2,40.87,14.6
2023-02-07,19.42,25.28,40.44,14.86
2023-02-08,18.68,25.51,41.04,14.77
2023-02-09,18.67,25.66,41.13,14.54
2023-02-10,18.63,25.73,41.0,14.64
2023-02-11,18.69,25.77,40.98,14.56
2023-02-12,18.59,25.81,41.28,14.32
2023-02-13,18.59,25.64,41.4,14.37
2023-02-14,18.56,25.68,41.3,14.46
2023-02-15,18.81,25.43,41.43,14.33
2023-02-16,18.81,25.53,41.14,14.52
2023-02-17,18.57,25.61,41.29,14.53
2023-02-18,18.56,25.6,41.26,14.58
2023-02-19,18.81,25.42,41.29,14.48
2023-02-20,18.58,25.47,41.6,14.35
2023-02-21,18.65,25.36,41.73,14.26
2023-02-22,18.35,25.51,41.67,14.47
2023-02-23,18.46,25.16,42.04,14.34
2023-02-24,18.12,24.95,42.04,14.89
2023-02-25,18.24,24.52,41.93,15.31
2023-02-26,18.45,24.35,41.83,15.37
2023-02-27,18.62,24.33,41.63,15.42
2023-02-28,18.89,24.31,41.23,15.57
2023-03-01,18.66,24.52,41.13,15.69
2023-03-02,18.11,24.7,41.08,16.11
2023-03-03,17.61,24.71,41.6,16.08
2023-03-04,17.7,25.14,41.42,15.74
2023-03-05,17.67,24.9,41.48,15.95
2023-03-06,17.47,25.47,40.5,16.56
2023-03-07,16.44,25.79,41.51,16.26
2023-03-08,16.47,26.21,41.42,15.9
2023-03-09,16.94,25.88,41.03,16.15
2023-03-10,16.5,26.31,42.17,15.02
2023-03-11,16.65,26.6,42.1,14.65
2023-03-12,16.51,26.49,42.28,14.72
2023-03-13,16.94,27.11,41.06,14.89
2023-03-14,17.85,27.11,40.42,14.62
2023-03-15,18.05,27.17,40.06,14.72
2023-03-16,18.16,27.25,40.15,14.44
2023-03-17,18.14,26.91,40.93,14.02
2023-03-18,17.92,26.35,41.83,13.9
2023-03-19,18.08,26.32,41.79,13.81
2023-03-20,18.03,27.11,41.3,13.56
2023-03-21,18.29,26.05,42.02,13.64
2023-03-22,17.55,26.31,41.92,14.22
2023-03-23,17.66,26.37,42.1,13.87
2023-03-24,17.52,26.44,42.04,14.0
2023-03-25,17.31,26.48,41.89,14.32
2023-03-26,16.74,27.0,42.06,14.2
2023-03-27,16.81,26.81,42.33,14.05
2023-03-28,16.05,27.54,42.31,14.1
2023-03-29,16.77,27.88,41.04,14.31
2023-03-30,16.93,27.56,41.18,14.33
2023-03-31,16.83,26.95,41.55,14.67
2023-04-01,17.07,26.92,41.39,14.62
2023-04-02,17.06,26.93,41.39,14.62
2023-04-03,17.54,26.83,41.6,14.03
2023-04-04,17.12,27.03,41.61,14.24
2023-04-05,17.19,27.31,41.39,14.11
2023-04-06,17.35,27.15,41.26,14.24
2023-04-07,17.24,26.73,41.15,14.88
2023-04-08,16.9,26.64,41.71,14.75
2023-04-09,16.86,26.63,41.8,14.71
2023-04-10,17.53,27.15,41.05,14.27
2023-04-11,17.98,26.32,41.29,14.41
2023-04-12,18.04,26.5,41.27,14.19
2023-04-13,18.53,26.51,40.96,14.0
2023-04-14,18.25,27.73,39.82,14.2
2023-04-15,18.3,27.38,40.68,13.64
2023-04-16,18.26,27.38,40.67,13.69
2023-04-17,18.19,27.64,40.1,14.07
2023-04-18,18.06,27.31,40.44,14.19
2023-04-19,18.12,25.64,41.27,14.97
2023-04-20,17.63,24.47,42.97,14.93
2023-04-21,17.58,24.76,43.11,14.55
2023-04-22,17.53,24.73,43.18,14.56
2023-04-23,17.58,24.57,43.4,14.45
2023-04-24,17.38,24.53,42.96,15.13
2023-04-25,17.66,24.33,43.54,14.47
2023-04-26,17.68,24.5,43.28,14.54
2023-04-27,18.02,24.67,42.15,15.16
2023-04-28,18.34,24.95,40.98,15.73
2023-04-29,18.45,24.83,40.95,15.77
2023-04-30,18.48,24.92,40.83,15.77
2023-05-01,18.5,24.88,40.88,15.74
2023-05-02,18.47,24.75,40.9,15.88
2023-05-03,18.04,24.43,40.21,17.32
2023-05-04,17.36,23.63,41.53,17.48
2023-05-05,17.34,23.72,41.48,17.46
2023-05-06,17.19,23.85,41.58,17.38
2023-05-07,17.26,23.78,41.54,17.42
2023-05-08,18.02,24.61,40.41,16.96
2023-05-09,17.94,24.99,41.47,15.6
2023-05-10,17.51,24.88,42.12,15.49
2023-05-11,17.47,24.5,42.7,15.33
2023-05-12,17.41,24.4,43.2,14.99
2023-05-13,17.65,24.1,43.61,14.64
2023-05-14,17.7,24.07,43.54,14.69
2023-05-15,17.42,23.05,44.5,15.03
2023-05-16,17.71,22.53,44.38,15.38
2023-05-17,17.72,22.42,44.46,15.4
2023-05-18,18.19,22.88,43.56,15.37
2023-05-19,18.04,22.54,43.98,15.44
2023-05-20,18.58,22.73,43.9,14.79
2023-05-21,18.56,22.78,43.79,14.87
2023-05-22,18.79,22.48,43.71,15.02
2023-05-23,18.81,22.18,43.59,15.42
2023-05-24,17.91,22.61,44.15,15.33
2023-05-25,17.73,22.52,44.16,15.59
2023-05-26,17.77,22.67,43.92,15.64
2023-05-27,17.58,23.06,44.18,15.18
2023-05-28,17.62,23.04,44.23,15.11
2023-05-29,17.98,23.07,43.67,15.28
2023-05-30,18.3,22.58,43.71,15.41
2023-05-31,18.23,23.2,44.03,14.54
2023-06-01,17.59,22.7,45.02,14.69
2023-06-02,17.36,22.87,45.44,14.33
2023-06-03,16.93,23.26,45.29,14.52
2023-06-04,17.0,23.22,45.28,14.5
2023-06-05,16.92,23.25,45.32,14.51
2023-06-06,17.55,23.05,44.89,14.51
2023-06-07,17.23,22.85,45.65,14.27
2023-06-08,17.25,22.98,45.63,14.14
2023-06-09,17.31,22.89,45.62,14.18
2023-06-10,17.3,22.88,45.7,14.12
2023-06-11,17.37,22.84,45.64,14.15
2023-06-12,17.91,23.36,44.67,14.06
2023-06-13,17.93,23.4,44.71,13.96
2023-06-14,18.11,23.09,44.47,14.33
2023-06-15,17.21,23.62,44.97,14.2
2023-06-16,17.29,23.32,45.37,14.02
2023-06-17,17.32,23.78,44.89,14.01
2023-06-18,17.31,23.7,44.99,14.0
2023-06-19,17.13,24.07,45.38,13.42
2023-06-20,17.33,24.19,44.22,14.26
2023-06-21,18.05,24.18,43.49,14.28
2023-06-22,18.41,24.27,42.89,14.43
2023-06-23,18.36,24.14,42.95,14.55
2023-06-24,18.32,23.96,43.14,14.58
2023-06-25,18.37,23.89,43.2,14.54
2023-06-26,18.47,23.99,42.99,14.55
2023-06-27,18.45,23.38,43.28,14.89
2023-06-28,18.83,23.52,42.93,14.72
2023-06-29,18.71,23.72,42.84,14.73
2023-06-30,18.31,23.8,42.63,15.26
2023-07-01,18.2,23.96,42.53,15.31
2023-07-02,18.18,24.02,42.57,15.23
2023-07-03,17.68,24.03,43.1,15.19
2023-07-04,17.95,24.34,42.51,15.2
2023-07-05,17.62,24.33,42.51,15.54
2023-07-06,17.7,24.34,42.56,15.4
2023-07-07,18.88,24.68,41.63,14.81
2023-07-08,18.96,25.28,41.29,14.47
2023-07-09,18.94,25.3,41.29,14.47
2023-07-10,18.4,25.02,41.96,14.62
2023-07-11,18.32,25.24,41.6,14.84
2023-07-12,18.22,25.32,41.84,14.62
2023-07-13,18.13,24.55,42.74,14.58
2023-07-14,18.26,24.29,42.69,14.76
2023-07-15,18.27,24.33,42.95,14.45
2023-07-16,18.19,24.28,43.01,14.52
2023-07-17,17.97,24.18,43.17,14.68
2023-07-18,17.31,24.27,43.55,14.87
2023-07-19,16.75,23.95,43.46,15.84
2023-07-20,16.76,23.5,43.61,16.13
2023-07-21,17.41,23.39,43.23,15.97
2023-07-22,17.28,24.32,42.46,15.94
2023-07-23,17.33,24.37,42.42,15.88
2023-07-24,17.25,24.44,42.34,15.97
2023-07-25,17.86,24.44,41.26,16.44
2023-07-26,18.59,24.77,41.08,15.56
2023-07-27,18.83,23.97,41.35,15.85
2023-07-28,19.35,24.27,41.9,14.48
2023-07-29,19.31,24.27,41.93,14.49
2023-07-30,19.4,24.32,41.8,14.48
2023-07-31,20.38,23.82,41.5,14.3
2023-08-01,20.33,24.35,41.26,14.06
2023-08-02,20.15,24.39,41.57,13.89
2023-08-03,20.17,24.62,41.16,14.05
2023-08-04,20.29,23.61,41.3,14.8
2023-08-05,20.56,24.64,40.37,14.43
2023-08-06,20.49,24.61,40.45,14.45
2023-08-07,20.17,25.02,40.5,14.31
2023-08-08,20.37,25.89,39.92,13.82
2023-08-09,20.7,25.88,40.09,13.33
2023-08-10,21.4,25.67,39.58,13.35
2023-08-11,20.56,24.57,40.91,13.96
2023-08-12,20.39,24.69,40.9,14.02
2023-08-13,20.4,24.71,40.83,14.06
2023-08-14,19.97,25.05,40.86,14.12
2023-08-15,20.19,24.91,40.85,14.05
2023-08-16,19.19,23.85,42.36,14.6
2023-08-17,18.68,22.93,43.12,15.27
2023-08-18,19.04,23.12,42.83,15.01
2023-08-19,19.55,22.84,43.38,14.23
2023-08-20,19.59,22.55,43.66,14.2
2023-08-21,20.23,22.11,43.71,13.95
2023-08-22,20.28,22.49,43.41,13.82
2023-08-23,20.01,22.15,43.6,14.24
2023-08-24,19.75,21.66,44.71,13.88
2023-08-25,19.55,21.56,44.56,14.33
2023-08-26,18.78,22.16,44.51,14.55
2023-08-27,18.81,22.13,44.5,14.56
2023-08-28,18.89,22.11,43.95,15.05
2023-08-29,18.53,22.2,44.06,15.21
2023-08-30,19.02,22.32,43.11,15.55
2023-08-31,19.06,22.24,43.16,15.54
2023-09-01,19.52,22.24,42.55,15.69
2023-09-02,19.47,22.06,43.29,15.18
2023-09-03,19.45,22.13,43.14,15.28
2023-09-04,20.1,21.79,43.02,15.09
2023-09-05,20.14,22.4,42.72,14.74
2023-09-06,20.31,22.57,42.64,14.48
2023-09-07,20.31,22.63,42.59,14.47
2023-09-08,20.72,22.13,42.66,14.49
2023-09-09,20.65,22.13,42.73,14.49
2023-09-10,20.59,22.14,42.78,14.49
2023-09-11,20.4,21.71,43.65,14.24
2023-09-12,20.65,21.3,43.61,14.44
2023-09-13,20.54,21.15,43.81,14.5
2023-09-14,20.58,21.1,43.79,14.53
2023-09-15,20.6,21.15,43.76,14.49
2023-09-16,20.63,21.05,43.82,14.5
2023-09-17,20.63,21.08,43.82,14.47
2023-09-18,20.33,21.93,43.55,14.19
2023-09-19,20.81,21.02,43.6,14.57
2023-09-20,20.81,20.85,43.72,14.62
2023-09-21,19.82,21.62,44.29,14.27
2023-09-22,19.69,21.57,44.43,14.31
2023-09-23,20.0,21.43,44.16,14.41
2023-09-24,19.92,21.51,44.16,14.41
2023-09-25,20.24,21.5,44.02,14.24
2023-09-26,20.26,21.76,43.8,14.18
2023-09-27,20.02,22.08,43.43,14.47
2023-09-28,20.01,22.16,43.37,14.46
2023-09-29,20.01,22.32,43.39,14.28
2023-09-30,19.95,22.25,43.41,14.39
2023-10-01,20.02,22.32,43.25,14.41
2023-10-02,19.94,22.24,43.47,14.35
2023-10-03,19.79,22.24,43.62,14.35
2023-10-04,19.85,22.03,43.89,14.23
2023-10-05,20.27,22.08,43.52,14.13
2023-10-06,19.88,22.42,43.61,14.09
2023-10-07,19.81,22.64,43.44,14.11
2023-10-08,19.89,22.51,43.62,13.98
2023-10-09,19.34,22.54,43.85,14.27
2023-10-10,18.83,22.59,44.51,14.07
2023-10-11,18.91,22.57,44.55,13.97
2023-10-12,18.94,22.6,44.47,13.99
2023-10-13,18.78,22.64,44.55,14.03
2023-10-14,18.85,22.63,44.5,14.02
2023-10-15,18.81,22.7,44.6,13.89
2023-10-16,18.91,22.59,44.6,13.9
2023-10-17,18.88,22.79,44.41,13.92
2023-10-18,18.82,22.69,44.54,13.95
2023-10-19,18.71,22.77,44.58,13.94
2023-10-20,18.71,22.7,44.65,13.94
2023-10-21,20.0,23.73,42.82,13.45
2023-10-22,20.02,23.7,42.85,13.43
2023-10-23,19.91,23.61,43.05,13.43
2023-10-24,19.92,23.69,42.92,13.47
2023-10-25,20.03,23.7,42.84,13.43
2023-10-26,20.0,23.55,43.03,13.42
2023-10-27,20.02,23.69,42.84,13.45
2023-10-28,19.63,24.14,42.29,13.94
2023-10-29,19.58,24.13,42.43,13.86
2023-10-30,19.67,23.96,42.57,13.8
2023-10-31,20.69,23.63,42.05,13.63
2023-11-01,20.3,23.81,42.27,13.62
2023-11-02,20.04,25.08,41.15,13.73
2023-11-03,20.05,25.1,41.21,13.64
2023-11-04,20.09,25.04,41.25,13.62
2023-11-05,20.13,25.12,41.07,13.68
2023-11-06,19.69,25.18,41.52,13.61
2023-11-07,19.83,24.94,41.57,13.66
2023-11-08,20.15,24.63,41.27,13.95
2023-11-09,19.69,24.95,41.33,14.03
2023-11-10,20.86,24.71,40.44,13.99
2023-11-11,20.13,25.69,40.14,14.04
2023-11-12,20.47,25.75,39.81,13.97
2023-11-13,20.1,25.66,40.4,13.84
2023-11-14,20.02,26.06,40.34,13.58
2023-11-15,20.34,25.81,40.48,13.37
2023-11-16,20.2,26.17,40.49,13.14
2023-11-17,20.17,26.04,40.6,13.19
2023-11-18,19.97,25.7,40.89,13.44
2023-11-19,19.67,25.79,41.09,13.45
2023-11-20,19.51,25.54,41.43,13.52
2023-11-21,19.52,25.54,41.47,13.47
2023-11-22,19.52,25.54,41.39,13.55
2023-11-23,19.5,25.53,41.42,13.55
2023-11-24,19.62,25.5,41.33,13.55
2023-11-25,19.41,25.59,41.51,13.49
2023-11-26,19.48,25.61,41.41,13.5
2023-11-27,19.52,25.54,41.43,13.51
2023-11-28,19.52,25.52,41.45,13.51
2023-11-29,19.46,25.56,41.47,13.51
2023-11-30,19.52,25.58,41.38,13.52
2023-12-01,19.79,25.38,41.25,13.58
2023-12-02,20.04,25.13,41.4,13.43
2023-12-03,20.17,25.17,41.25,13.41
2023-12-04,19.79,25.37,41.44,13.4
2023-12-05,19.79,25.66,41.24,13.31
2023-12-06,19.74,25.57,41.32,13.37
2023-12-07,19.49,25.63,41.37,13.51
2023-12-08,19.71,25.59,41.23,13.47
2023-12-09,19.77,25.68,41.16,13.39
2023-12-10,20.16,25.46,41.27,13.11
2023-12-11,20.15,25.13,41.21,13.51
2023-12-12,19.5,24.93,41.1,14.47
2023-12-13,19.56,24.83,41.16,14.45
2023-12-14,19.49,24.98,41.08,14.45
2023-12-15,19.52,24.99,41.05,14.44
2023-12-16,19.6,24.84,41.08,14.48
2023-12-17,19.58,24.88,40.98,14.56
2023-12-18,19.08,24.7,41.55,14.67
2023-12-19,18.83,26.06,41.92,13.19
2023-12-20,18.96,26.0,41.91,13.13
2023-12-21,19.2,25.93,41.7,13.17
2023-12-22,19.34,26.01,41.9,12.75
2023-12-23,19.44,25.53,41.93,13.1
2023-12-24,19.43,25.63,42.09,12.85
2023-12-25,19.46,25.53,41.94,13.07
2023-12-26,19.2,25.79,42.27,12.74
2023-12-27,19.47,25.77,42.09,12.67
2023-12-28,19.58,25.78,42.18,12.46
2023-12-29,19.85,25.71,42.23,12.21
2023-12-30,19.78,25.57,42.27,12.38
2023-12-31,19.89,25.73,42.28,12.1
2024-01-01,19.9,25.8,42.23,12.07
2024-01-02,20.95,25.76,40.63,12.66
2024-01-03,20.54,25.95,40.97,12.54
2024-01-04,19.87,25.83,41.53,12.77
2024-01-05,19.68,25.26,42.15,12.91
2024-01-06,19.83,25.2,42.09,12.88
2024-01-07,19.77,25.37,41.98,12.88
2024-01-08,19.89,25.11,42.12,12.88
2024-01-09,19.54,24.02,43.13,13.31
2024-01-10,17.84,24.07,44.16,13.93
2024-01-11,18.5,22.31,45.39,13.8
2024-01-12,19.34,22.52,43.86,14.28
2024-01-13,19.47,24.14,42.94,13.45
2024-01-14,19.47,24.13,42.96,13.44
2024-01-15,19.37,24.23,42.95,13.45
2024-01-16,19.43,24.08,42.8,13.69
2024-01-17,19.16,24.57,43.08,13.19
2024-01-18,19.42,24.46,43.42,12.7
2024-01-19,19.53,24.57,42.87,13.03
2024-01-20,20.49,23.6,42.54,13.37
2024-01-21,20.42,23.55,42.64,13.39
2024-01-22,20.35,22.7,43.13,13.82
2024-01-23,20.51,22.84,42.87,13.78
2024-01-24,19.78,21.89,44.8,13.53
2024-01-25,18.87,21.88,45.47,13.78
2024-01-26,18.85,21.99,45.46,13.7
2024-01-27,18.75,22.53,45.38,13.34
2024-01-28,18.84,22.07,45.66,13.43
2024-01-29,18.92,22.03,45.63,13.42
2024-01-30,20.04,21.65,44.64,13.67
2024-01-31,20.79,21.95,43.43,13.83
2024-02-01,21.92,21.48,42.88,13.72
2024-02-02,21.74,21.6,43.07,13.59
2024-02-03,22.57,21.81,42.81,12.81
2024-02-04,22.62,21.89,42.63,12.86
2024-02-05,22.62,21.8,42.78,12.8
2024-02-06,21.38,21.89,43.27,13.46
2024-02-07,21.53,22.12,42.61,13.74
2024-02-08,21.97,21.82,42.53,13.68
2024-02-09,22.46,21.42,42.23,13.89
2024-02-10,22.5,21.22,41.95,14.33
2024-02-11,22.37,21.14,42.16,14.33
2024-02-12,22.48,21.28,41.91,14.33
2024-02-13,22.48,21.2,41.96,14.36
2024-02-14,22.47,21.26,41.94,14.33
2024-02-15,22.32,21.33,42.16,14.19
2024-02-16,21.28,20.73,42.37,15.62
2024-02-17,21.97,22.19,41.08,14.76
2024-02-18,21.94,22.24,41.09,14.73
2024-02-19,21.78,22.61,40.76,14.85
2024-02-20,21.64,23.77,40.21,14.38
2024-02-21,21.32,24.21,39.85,14.62
2024-02-22,21.56,24.1,40.08,14.26
2024-02-23,21.97,23.3,40.55,14.18
2024-02-24,23.67,22.69,39.92,13.72
2024-02-25,23.61,22.66,40.05,13.68
2024-02-26,24.22,23.1,39.86,12.82
2024-02-27,22.94,23.36,40.68,13.02
2024-02-28,22.53,23.3,42.07,12.1
2024-02-29,22.4,23.26,41.61,12.73
2024-03-01,22.67,23.3,40.73,13.3
2024-03-02,23.03,22.07,42.08,12.82
2024-03-03,23.02,21.98,42.15,12.85
2024-03-04,22.0,22.43,43.32,12.25
2024-03-05,20.92,22.38,44.11,12.59
2024-03-06,20.73,22.22,43.94,13.11
2024-03-07,20.67,22.01,44.26,13.06
2024-03-08,21.12,21.68,43.96,13.24
2024-03-09,20.94,21.89,44.03,13.14
2024-03-10,21.03,21.7,44.1,13.17
2024-03-11,21.41,21.81,43.76,13.02
2024-03-12,21.23,22.09,43.55,13.13
2024-03-13,20.75,23.13,42.5,13.62
2024-03-14,20.75,23.7,41.65,13.9
2024-03-15,19.86,23.88,43.35,12.91
2024-03-16,20.18,23.16,44.65,12.01
2024-03-17,20.17,23.22,44.65,11.96
2024-03-18,20.31,23.35,43.14,13.2
2024-03-19,20.29,23.14,43.45,13.12
2024-03-20,20.2,23.24,43.5,13.06
2024-03-21,20.12,22.6,44.91,12.37
2024-03-22,19.7,23.11,44.77,12.42
2024-03-23,19.71,23.68,43.92,12.69
2024-03-24,19.57,23.73,43.88,12.82
2024-03-25,19.61,23.68,43.9,12.81
2024-03-26,19.65,23.67,43.9,12.78
2024-03-27,20.09,22.98,43.21,13.72
2024-03-28,20.32,22.29,43.27,14.12
2024-03-29,20.39,22.18,42.83,14.6
2024-03-30,20.31,22.33,43.07,14.29
2024-03-31,20.3,22.36,43.05,14.29
2024-04-01,19.84,23.33,42.82,14.01
2024-04-02,20.82,23.48,41.85,13.85
2024-04-03,20.96,23.38,41.44,14.22
2024-04-04,21.34,23.19,41.54,13.93
2024-04-05,22.95,21.52,41.73,13.8
2024-04-06,23.8,20.64,42.23,13.33
2024-04-07,23.79,20.76,42.1,13.35
2024-04-08,22.46,22.92,41.68,12.94
2024-04-09,21.92,23.29,41.9,12.89
2024-04-10,21.77,23.31,42.35,12.57
2024-04-11,21.8,23.45,42.23,12.52
2024-04-12,22.08,23.55,41.74,12.63
2024-04-13,22.28,23.5,41.17,13.05
2024-04-14,22.24,23.51,41.23,13.02
2024-04-15,23.05,23.06,40.97,12.92
2024-04-16,24.18,22.17,41.06,12.59
2024-04-17,25.48,21.61,40.32,12.59
2024-04-18,26.0,21.06,40.8,12.14
2024-04-19,24.1,21.8,41.9,12.2
2024-04-20,23.84,21.1,42.57,12.49
2024-04-21,23.78,21.08,42.63,12.51
2024-04-22,23.69,20.82,42.65,12.84
2024-04-23,23.82,21.7,41.25,13.23
2024-04-24,23.76,20.7,41.97,13.57
2024-04-25,23.06,21.56,41.31,14.07
2024-04-26,23.2,21.51,41.66,13.63
2024-04-27,23.35,21.52,41.91,13.22
2024-04-28,23.46,21.54,41.91,13.09
2024-04-29,23.29,22.13,41.23,13.35
2024-04-30,23.03,22.15,41.39,13.43
2024-05-01,23.03,22.15,41.47,13.35
2024-05-02,23.25,21.64,41.89,13.22
2024-05-03,22.9,22.25,41.69,13.16
2024-05-04,23.06,22.59,41.34,13.01
2024-05-05,23.15,22.53,41.29,13.03
2024-05-06,23.01,22.55,40.97,13.47
2024-05-07,23.41,22.15,41.2,13.24
2024-05-08,22.94,22.23,41.73,13.1
2024-05-09,22.81,22.19,41.89,13.11
2024-05-10,22.72,22.21,41.93,13.14
2024-05-11,22.67,22.23,41.99,13.11
2024-05-12,22.66,22.25,41.98,13.11
2024-05-13,22.69,22.28,41.89,13.14
2024-05-14,22.67,22.25,41.99,13.09
2024-05-15,22.67,22.19,42.04,13.1
2024-05-16,22.65,22.26,41.97,13.12
2024-05-17,22.71,22.21,41.95,13.13
2024-05-18,22.69,22.19,41.98,13.14
2024-05-19,22.72,22.26,41.87,13.15
2024-05-20,22.83,22.16,41.99,13.02
2024-05-21,23.27,22.04,41.62,13.07
2024-05-22,22.99,22.18,41.64,13.19
2024-05-23,23.27,22.14,41.4,13.19
2024-05-24,23.44,22.1,41.53,12.93
2024-05-25,23.62,21.62,41.7,13.06
2024-05-26,23.66,21.45,41.82,13.07
2024-05-27,24.19,21.17,41.69,12.95
2024-05-28,24.06,21.28,41.96,12.7
2024-05-29,24.23,21.81,41.57,12.39
2024-05-30,24.15,22.17,41.55,12.13
2024-05-31,24.08,21.63,41.9,12.39
2024-06-01,23.64,22.33,42.43,11.6
2024-06-02,23.61,22.2,42.52,11.67
2024-06-03,24.98,20.95,42.82,11.25
2024-06-04,26.07,19.43,42.7,11.8
2024-06-05,26.6,20.29,41.64,11.47
2024-06-06,27.29,19.86,40.74,12.11
2024-06-07,27.24,19.89,40.8,12.07
2024-06-08,27.27,19.92,40.75,12.06
2024-06-09,27.26,19.85,40.8,12.09
2024-06-10,26.75,20.71,40.32,12.22
2024-06-11,27.68,20.02,38.39,13.91
2024-06-12,27.27,20.58,39.12,13.03
2024-06-13,25.59,22.28,38.65,13.48
2024-06-14,25.56,22.45,38.44,13.55
2024-06-15,24.93,22.06,39.58,13.43
2024-06-16,24.83,22.05,39.65,13.47
2024-06-17,24.94,22.03,39.65,13.38
2024-06-18,24.69,22.27,38.72,14.32
2024-06-19,26.26,24.69,36.1,12.95
2024-06-20,26.45,25.35,35.52,12.68
2024-06-21,27.5,23.32,35.94,13.24
2024-06-22,27.66,22.65,36.55,13.14
2024-06-23,27.63,22.81,36.45,13.11
2024-06-24,27.79,22.21,36.75,13.25
2024-06-25,26.85,22.33,37.91,12.91
2024-06-26,26.48,22.92,36.63,13.97
2024-06-27,26.97,22.78,35.88,14.37
2024-06-28,27.12,22.71,36.32,13.85
2024-06-29,27.66,22.4,35.73,14.21
2024-06-30,27.63,22.42,35.73,14.22
2024-07-01,26.64,23.21,35.64,14.51
2024-07-02,26.56,23.52,35.42,14.5
2024-07-03,27.28,23.51,34.55,14.66
2024-07-04,27.06,24.09,34.25,14.6
2024-07-05,27.11,24.2,34.31,14.38
2024-07-06,26.4,24.46,34.55,14.59
2024-07-07,26.33,24.38,34.61,14.68
2024-07-08,27.59,24.85,33.45,14.11
2024-07-09,26.99,24.73,33.87,14.41
2024-07-10,27.24,25.24,33.26,14.26
2024-07-11,28.82,23.87,32.64,14.67
2024-07-12,28.82,23.75,33.01,14.42
2024-07-13,28.76,24.14,32.86,14.24
2024-07-14,28.66,24.21,32.9,14.23
2024-07-15,28.39,23.86,33.83,13.92
2024-07-16,27.86,24.23,33.73,14.18
2024-07-17,27.81,24.24,33.81,14.14
2024-07-18,27.31,24.61,33.83,14.25
2024-07-19,26.53,25.85,34.08,13.54
2024-07-20,26.35,25.87,34.51,13.27
2024-07-21,26.3,26.04,34.38,13.28
2024-07-22,26.76,26.37,33.96,12.91
2024-07-23,25.29,26.62,34.97,13.12
2024-07-24,25.32,26.34,34.3,14.04
2024-07-25,24.11,27.5,33.59,14.8
2024-07-26,23.97,27.97,33.01,15.05
2024-07-27,24.06,27.83,34.09,14.02
2024-07-28,24.13,27.74,34.15,13.98
2024-07-29,24.36,27.78,33.85,14.01
2024-07-30,25.29,26.85,33.89,13.97
2024-07-31,25.32,26.79,33.93,13.96
2024-08-01,25.25,26.8,33.92,14.03
2024-08-02,25.32,26.89,33.71,14.08
2024-08-03,25.62,26.83,33.59,13.96
2024-08-04,25.73,26.89,33.44,13.94
2024-08-05,26.37,26.53,33.99,13.11
2024-08-06,25.15,27.2,34.62,13.03
2024-08-07,24.8,27.3,34.96,12.94
2024-08-08,24.7,27.64,34.78,12.88
2024-08-09,24.13,27.78,34.83,13.26
2024-08-10,23.65,28.66,34.86,12.83
2024-08-11,23.67,28.65,34.82,12.86
2024-08-12,24.35,28.69,34.15,12.81
2024-08-13,25.7,27.38,34.08,12.84
2024-08-14,25.44,26.66,34.69,13.21
2024-08-15,25.33,26.65,34.79,13.23
2024-08-16,24.27,27.1,35.4,13.23
2024-08-17,23.31,26.31,37.79,12.59
2024-08-18,23.31,26.31,37.76,12.62
2024-08-19,23.21,26.35,37.91,12.53
2024-08-20,22.64,26.95,38.0,12.41
2024-08-21,22.82,27.42,36.67,13.09
2024-08-22,23.45,27.01,36.52,13.02
2024-08-23,24.2,27.29,35.06,13.45
2024-08-24,24.59,27.36,34.66,13.39
2024-08-25,24.54,27.36,34.69,13.41
2024-08-26,24.64,27.45,34.59,13.32
2024-08-27,24.7,27.76,34.27,13.27
2024-08-28,24.85,27.79,33.94,13.42
2024-08-29,25.19,26.84,34.13,13.84
2024-08-30,25.52,26.28,34.13,14.07
2024-08-31,25.72,25.93,34.27,14.08
2024-09-01,25.63,25.99,34.26,14.12
2024-09-02,25.25,26.1,34.39,14.26
2024-09-03,25.28,25.55,34.96,14.21
2024-09-04,24.98,24.97,35.41,14.64
2024-09-05,24.31,25.68,35.03,14.98
2024-09-06,24.12,25.39,35.67,14.82
2024-09-07,23.31,26.0,35.26,15.43
2024-09-08,23.33,25.99,35.29,15.39
2024-09-09,23.58,26.47,34.9,15.05
2024-09-10,22.93,27.02,34.55,15.5
2024-09-11,23.1,26.28,35.07,15.55
2024-09-12,23.77,26.6,34.74,14.89
2024-09-13,23.84,25.95,35.72,14.49
2024-09-14,24.05,26.08,35.23,14.64
2024-09-15,24.03,26.15,35.2,14.62
2024-09-16,23.95,26.11,35.28,14.66
2024-09-17,24.57,26.43,34.5,14.5
2024-09-18,24.23,26.95,34.17,14.65
2024-09-19,24.53,27.03,33.88,14.56
2024-09-20,24.46,26.84,33.96,14.74
2024-09-21,24.39,26.94,34.13,14.54
2024-09-22,24.37,26.91,34.11,14.61
2024-09-23,24.44,26.6,34.69,14.27
2024-09-24,23.48,26.86,35.46,14.2
2024-09-25,23.61,26.94,35.25,14.2
2024-09-26,23.67,27.38,35.32,13.63
2024-09-27,24.12,27.59,35.29,13.0
2024-09-28,23.92,27.19,35.97,12.92
2024-09-29,23.9,27.23,35.97,12.9
2024-09-30,24.27,26.03,36.27,13.43
2024-10-01,24.17,26.04,36.2,13.59
2024-10-02,24.01,26.22,36.12,13.65
2024-10-03,23.76,26.5,35.45,14.29
2024-10-04,24.19,26.53,35.27,14.01
2024-10-05,23.78,27.09,35.4,13.73
2024-10-06,23.8,27.09,35.41,13.7
2024-10-07,23.26,27.13,36.18,13.43
2024-10-08,23.15,26.78,36.09,13.98
2024-10-09,23.21,26.14,36.3,14.35
2024-10-10,23.28,25.92,36.5,14.3
2024-10-11,23.21,26.03,36.43,14.33
2024-10-12,23.17,26.01,36.5,14.32
2024-10-13,23.12,26.01,36.53,14.34
2024-10-14,22.71,24.7,38.45,14.14
2024-10-15,22.71,24.6,38.47,14.22
2024-10-16,22.72,24.67,38.44,14.17
2024-10-17,22.69,24.63,38.46,14.22
2024-10-18,22.73,24.68,38.4,14.19
2024-10-19,22.8,24.12,39.37,13.71
2024-10-20,22.78,24.05,39.39,13.78
2024-10-21,22.34,24.67,39.2,13.79
2024-10-22,22.49,24.54,39.14,13.83
2024-10-23,22.03,24.75,39.53,13.69
2024-10-24,22.29,25.88,38.51,13.32
2024-10-25,21.56,25.91,38.63,13.9
2024-10-26,21.63,25.44,38.84,14.09
2024-10-27,21.56,25.48,38.88,14.08
2024-10-28,21.55,25.51,38.87,14.07
2024-10-29,22.15,25.1,39.48,13.27
2024-10-30,21.65,25.95,38.91,13.49
2024-10-31,21.62,25.99,38.97,13.42
2024-11-01,21.72,25.97,38.8,13.51
2024-11-02,21.73,25.89,38.91,13.47
2024-11-03,21.75,25.9,38.9,13.45
2024-11-04,22.07,25.41,39.33,13.19
2024-11-05,22.39,26.82,37.78,13.01
2024-11-06,22.56,26.57,37.88,12.99
2024-11-07,22.85,26.39,38.32,12.44
2024-11-08,23.36,26.21,37.72,12.71
2024-11-09,23.43,25.98,38.1,12.49
2024-11-10,23.47,25.96,38.09,12.48
2024-11-11,23.54,25.37,38.62,12.47
2024-11-12,24.11,25.21,38.41,12.27
2024-11-13,24.44,25.23,37.48,12.85
2024-11-14,24.21,25.03,37.95,12.81
2024-11-15,24.1,25.12,37.97,12.81
2024-11-16,24.38,25.0,37.69,12.93
2024-11-17,24.4,24.94,37.8,12.86
2024-11-18,24.5,25.01,37.33,13.16
2024-11-19,24.07,25.0,37.6,13.33
2024-11-20,24.24,24.96,37.26,13.54
2024-11-21,23.86,24.79,37.7,13.65
2024-11-22,23.02,24.3,39.03,13.65
2024-11-23,22.97,23.86,38.09,15.08
2024-11-24,22.86,23.82,38.2,15.12
2024-11-25,21.68,24.57,38.54,15.21
2024-11-26,21.81,24.24,38.42,15.53
2024-11-27,21.51,24.42,38.67,15.4
2024-11-28,21.38,24.83,38.2,15.59
2024-11-29,22.22,24.91,38.1,14.77
2024-11-30,22.75,24.48,38.6,14.17
2024-12-01,22.75,24.44,38.69,14.12
2024-12-02,23.4,24.7,37.96,13.94
2024-12-03,23.38,24.59,38.52,13.51
2024-12-04,22.99,25.1,38.13,13.78
2024-12-05,22.94,25.81,37.77,13.48
2024-12-06,22.95,26.18,37.61,13.26
2024-12-07,23.03,26.71,37.14,13.12
2024-12-08,23.16,26.69,37.1,13.05
2024-12-09,22.77,27.02,36.46,13.75
2024-12-10,22.24,28.26,35.81,13.69
2024-12-11,22.75,27.63,36.07,13.55
2024-12-12,23.44,28.62,34.99,12.95
2024-12-13,23.42,27.87,35.58,13.13
2024-12-14,23.62,27.62,35.69,13.07
2024-12-15,23.49,27.46,36.01,13.04
2024-12-16,23.31,27.7,35.76,13.23
2024-12-17,22.95,27.78,35.67,13.6
2024-12-18,23.12,27.66,35.56,13.66
2024-12-19,22.96,28.5,34.77,13.77
2024-12-20,23.12,28.77,34.41,13.7
2024-12-21,23.12,28.68,33.93,14.27
2024-12-22,23.39,28.71,33.6,14.3
2024-12-23,22.87,28.48,34.29,14.36
2024-12-24,22.38,28.77,34.48,14.37
2024-12-25,22.31,28.6,34.64,14.45
2024-12-26,22.13,27.93,35.4,14.54
2024-12-27,22.32,27.72,35.49,14.47
2024-12-28,22.09,27.93,35.51,14.47
2024-12-29,22.07,27.45,36.24,14.24
2024-12-30,22.09,27.41,36.96,13.54
2024-12-31,22.23,27.37,36.75,13.65
2025-01-01,22.32,27.03,37.27,13.38
2025-01-02,22.28,27.49,36.49,13.74
2025-01-03,21.96,27.71,36.17,14.16
2025-01-04,22.49,27.48,36.12,13.91
2025-01-05,22.64,27.85,35.65,13.86
2025-01-06,22.75,27.64,35.63,13.98
2025-01-07,23.15,27.35,35.65,13.85
2025-01-08,22.93,27.23,36.07,13.77
2025-01-09,22.72,27.15,36.22,13.91
2025-01-10,23.02,26.86,36.26,13.86
2025-01-11,23.09,26.55,36.53,13.83
2025-01-12,23.11,26.46,36.51,13.92
2025-01-13,23.13,26.59,36.37,13.91
2025-01-14,23.12,26.53,36.44,13.91
2025-01-15,23.07,26.53,36.39,14.01
2025-01-16,22.93,26.55,36.52,14.0
2025-01-17,22.73,26.84,36.54,13.89
2025-01-18,23.16,26.67,36.8,13.37
2025-01-19,23.16,26.64,36.86,13.34
2025-01-20,22.99,26.68,36.86,13.47
2025-01-21,22.91,26.77,36.9,13.42
2025-01-22,22.87,26.8,36.65,13.68
2025-01-23,23.0,26.72,36.85,13.43
2025-01-24,22.97,26.73,36.82,13.48
2025-01-25,22.99,26.67,36.72,13.62
2025-01-26,22.96,26.59,36.97,13.48
2025-01-27,22.87,26.74,36.78,13.61
2025-01-28,23.02,26.74,36.72,13.52
2025-01-29,23.02,26.7,36.48,13.8
2025-01-30,23.11,26.45,36.8,13.64
2025-01-31,23.38,26.54,36.69,13.39
2025-02-01,23.39,26.34,36.92,13.35
2025-02-02,23.34,26.38,36.94,13.34
2025-02-03,23.19,26.46,36.88,13.47
2025-02-04,23.04,26.6,36.85,13.51
2025-02-05,22.77,26.75,36.79,13.69
2025-02-06,22.95,27.07,36.58,13.4
2025-02-07,23.26,26.55,36.91,13.28
2025-02-08,23.41,26.36,37.35,12.88
2025-02-09,23.37,26.45,37.29,12.89
2025-02-10,23.1,27.24,36.88,12.78
2025-02-11,23.79,27.36,36.03,12.82
2025-02-12,24.55,27.0,35.77,12.68
2025-02-13,24.45,27.46,35.25,12.84
2025-02-14,24.28,27.5,35.71,12.51
2025-02-15,24.28,26.89,36.09,12.74
2025-02-16,24.27,26.98,36.02,12.73
2025-02-17,24.28,26.73,36.42,12.57
2025-02-18,24.13,26.93,36.14,12.8
2025-02-19,24.06,26.59,37.34,12.01
2025-02-20,24.28,26.43,37.19,12.1
2025-02-21,24.02,26.21,37.23,12.54
2025-02-22,23.87,26.26,36.89,12.98
2025-02-23,23.88,26.25,36.98,12.89
2025-02-24,23.09,26.16,37.68,13.07
2025-02-25,23.22,25.38,36.75,14.65
2025-02-26,23.15,25.34,36.87,14.64
2025-02-27,24.66,23.7,37.68,13.96
2025-02-28,24.9,24.59,37.11,13.4
2025-03-01,24.92,25.2,37.13,12.75
2025-03-02,24.77,25.23,37.25,12.75
2025-03-03,24.42,25.54,37.07,12.97
2025-03-04,23.86,25.25,36.84,14.05
2025-03-05,23.97,25.32,37.06,13.65
2025-03-06,24.2,24.05,37.46,14.29
2025-03-07,24.51,23.48,37.5,14.51
2025-03-08,23.93,24.49,36.76,14.82
2025-03-09,23.96,24.46,36.71,14.87
2025-03-10,23.84,23.35,37.39,15.42
2025-03-11,23.91,24.09,36.64,15.36
2025-03-12,23.46,24.3,36.5,15.74
2025-03-13,23.81,24.41,36.45,15.33
2025-03-14,23.82,24.41,36.42,15.35
2025-03-15,23.75,24.45,36.45,15.35
2025-03-16,23.81,24.44,36.41,15.34
2025-03-17,23.9,24.57,36.27,15.26
2025-03-18,23.66,24.22,36.0,16.12
2025-03-19,24.4,23.95,36.03,15.62
2025-03-20,23.96,23.79,37.0,15.25
2025-03-21,23.84,24.42,36.36,15.38
2025-03-22,23.47,24.59,36.69,15.25
2025-03-23,23.39,24.59,36.7,15.32
2025-03-24,23.44,24.51,36.76,15.29
2025-03-25,23.47,24.53,36.69,15.31
2025-03-26,23.46,24.48,36.73,15.33
2025-03-27,23.4,24.52,36.79,15.29
2025-03-28,23.55,24.48,36.67,15.3
2025-03-29,23.43,24.59,36.69,15.29
2025-03-30,23.43,24.47,36.79,15.31
2025-03-31,23.46,24.52,36.73,15.29
2025-04-01,22.29,25.63,37.05,15.03
2025-04-02,22.55,25.76,36.99,14.7
2025-04-03,22.27,24.59,39.08,14.06
2025-04-04,22.26,24.45,39.35,13.94
2025-04-05,22.01,25.04,38.72,14.23
2025-04-06,21.98,25.05,38.74,14.23
2025-04-07,21.96,25.24,39.06,13.74
2025-04-08,21.95,25.8,38.61,13.64
2025-04-09,22.42,25.9,37.94,13.74
2025-04-10,22.87,25.3,37.85,13.98
2025-04-11,23.48,25.02,37.49,14.01
2025-04-12,23.07,25.47,37.48,13.98
2025-04-13,23.13,25.49,37.45,13.93
2025-04-14,23.8,24.83,37.64,13.73
2025-04-15,24.0,25.23,37.44,13.33
2025-04-16,23.85,25.57,37.52,13.06
2025-04-17,23.8,25.39,37.37,13.44
2025-04-18,23.25,25.16,37.8,13.79
2025-04-19,23.48,25.27,37.56,13.69
2025-04-20,23.4,25.26,37.68,13.66
2025-04-21,22.84,25.72,37.28,14.16
2025-04-22,23.06,25.84,37.24,13.86
2025-04-23,22.91,25.79,37.77,13.53
2025-04-24,22.64,26.17,37.6,13.59
2025-04-25,21.35,25.02,38.38,15.25
2025-04-26,21.43,26.01,38.08,14.48
2025-04-27,21.24,26.06,38.2,14.5
2025-04-28,21.55,25.73,38.08,14.64
2025-04-29,22.3,25.03,37.71,14.96
2025-04-30,22.3,25.33,37.24,15.13
2025-05-01,22.24,25.53,37.16,15.07
2025-05-02,22.09,25.72,36.66,15.53
2025-05-03,22.04,25.82,36.68,15.46
2025-05-04,22.1,25.65,36.77,15.48
2025-05-05,21.29,26.13,36.96,15.62
2025-05-06,21.62,26.16,37.42,14.8
2025-05-07,21.6,26.53,37.11,14.76
2025-05-08,21.5,26.44,37.31,14.75
2025-05-09,21.36,26.35,37.5,14.79
2025-05-10,21.41,26.24,37.66,14.69
2025-05-11,21.36,26.33,37.61,14.7
2025-05-12,21.32,26.01,37.79,14.88
2025-05-13,21.37,26.0,37.63,15.0
2025-05-14,21.04,26.02,38.1,14.84
2025-05-15,20.82,25.51,39.38,14.29
2025-05-16,21.1,25.03,39.82,14.05
2025-05-17,20.74,25.88,39.01,14.37
2025-05-18,20.72,25.88,39.04,14.36
2025-05-19,21.0,25.59,39.0,14.41
2025-05-20,21.18,25.33,38.87,14.62
2025-05-21,21.52,25.75,38.35,14.38
2025-05-22,20.91,26.06,38.84,14.19
2025-05-23,21.36,25.6,39.23,13.81
2025-05-24,21.12,26.47,38.72,13.69
2025-05-25,21.08,26.44,38.72,13.76
2025-05-26,21.65,26.07,38.64,13.64
2025-05-27,21.9,26.92,37.67,13.51
2025-05-28,22.24,27.33,36.84,13.59
2025-05-29,21.95,26.83,37.21,14.01
2025-05-30,22.15,26.83,37.3,13.72
2025-05-31,22.7,25.77,38.17,13.36
2025-06-01,22.75,25.68,38.23,13.34
2025-06-02,22.63,25.54,38.75,13.08
2025-06-03,22.94,25.38,38.15,13.53
2025-06-04,21.49,26.06,38.78,13.67
2025-06-05,21.73,25.8,38.59,13.88
2025-06-06,21.03,26.5,38.51,13.96
2025-06-07,21.16,26.39,38.49,13.96
2025-06-08,21.17,26.32,38.52,13.99
2025-06-09,20.82,25.31,39.83,14.04
2025-06-10,20.52,25.13,40.03,14.32
2025-06-11,20.91,24.72,40.27,14.1
2025-06-12,21.13,24.55,40.45,13.87
2025-06-13,21.38,24.44,40.58,13.6
2025-06-14,21.7,24.42,39.85,14.03
2025-06-15,21.75,24.38,39.93,13.94
2025-06-16,22.4,23.67,40.08,13.85
2025-06-17,23.29,23.59,39.55,13.57
2025-06-18,24.12,23.22,39.37,13.29
2025-06-19,24.8,22.37,38.44,14.39
2025-06-20,24.32,22.5,38.97,14.21
2025-06-21,24.16,22.71,39.75,13.38
2025-06-22,24.07,22.64,39.87,13.42
2025-06-23,24.12,22.92,39.5,13.46
2025-06-24,24.15,23.39,38.96,13.5
2025-06-25,24.34,24.44,38.24,12.98
2025-06-26,23.33,24.39,39.42,12.86
2025-06-27,23.21,23.74,39.15,13.9
2025-06-28,23.34,23.75,39.35,13.56
2025-06-29,23.24,23.76,39.42,13.58
2025-06-30,23.08,24.14,39.28,13.5
2025-07-01,23.11,24.06,39.75,13.08
2025-07-02,23.35,23.55,39.85,13.25
2025-07-03,24.87,23.8,38.33,13.0
2025-07-04,24.48,24.02,38.68,12.82
2025-07-05,25.54,24.67,37.15,12.64
2025-07-06,25.6,24.53,37.22,12.65
2025-07-07,25.47,24.51,37.43,12.59
2025-07-08,25.47,25.13,36.85,12.55
2025-07-09,25.42,25.1,36.86,12.62
2025-07-10,25.53,24.64,37.11,12.72
2025-07-11,24.91,25.26,37.14,12.69
2025-07-12,25.14,25.41,36.87,12.58
2025-07-13,25.08,25.46,36.92,12.54
2025-07-14,25.2,25.88,36.38,12.54
2025-07-15,24.16,26.0,36.55,13.29
2025-07-16,23.11,27.11,36.58,13.2
2025-07-17,23.84,27.72,35.24,13.2
2025-07-18,24.53,27.62,34.83,13.02
2025-07-19,24.56,27.56,34.84,13.04
2025-07-20,24.6,27.62,34.76,13.02
2025-07-21,24.71,28.47,34.35,12.47
2025-07-22,24.64,28.33,34.41,12.62
2025-07-23,24.74,27.96,34.92,12.38
2025-07-24,24.79,27.87,34.97,12.37
2025-07-25,25.09,27.83,34.71,12.37
2025-07-26,25.26,27.75,34.54,12.45
2025-07-27,25.33,27.75,34.54,12.38
2025-07-28,25.16,27.78,34.79,12.27
2025-07-29,24.95,27.12,35.91,12.02
2025-07-30,25.69,26.68,35.55,12.08
2025-07-31,26.01,25.57,35.97,12.45
2025-08-01,25.25,25.8,36.66,12.29
2025-08-02,24.92,25.87,37.07,12.14
2025-08-03,24.89,25.96,37.13,12.02
2025-08-04,24.29,25.48,37.94,12.29
2025-08-05,23.56,25.77,37.95,12.72
2025-08-06,23.57,25.44,38.26,12.73
2025-08-07,23.74,25.36,38.14,12.76
2025-08-08,23.72,25.42,38.11,12.75
2025-08-09,23.64,25.36,38.1,12.9
2025-08-10,23.64,25.45,38.07,12.84
2025-08-11,24.06,25.0,37.81,13.13
2025-08-12,24.15,25.21,37.23,13.41
2025-08-13,23.47,25.36,37.58,13.59
2025-08-14,23.67,25.28,37.24,13.81
2025-08-15,23.78,25.43,37.17,13.62
2025-08-16,23.66,25.51,37.16,13.67
2025-08-17,23.68,25.26,37.27,13.79
2025-08-18,23.71,25.32,37.11,13.86
2025-08-19,23.76,25.29,37.14,13.81
2025-08-20,23.74,25.49,37.18,13.59
2025-08-21,24.27,25.61,37.17,12.95
2025-08-22,24.7,25.61,36.8,12.89
2025-08-23,26.27,25.14,35.52,13.07
2025-08-24,26.22,25.17,35.54,13.07
2025-08-25,26.22,24.94,35.43,13.41
2025-08-26,25.78,24.97,35.72,13.53
2025-08-27,26.3,24.36,35.77,13.57
2025-08-28,26.25,23.81,37.07,12.87
2025-08-29,25.43,24.29,38.18,12.1
2025-08-30,25.46,24.89,37.68,11.97
2025-08-31,25.52,24.91,37.61,11.96
2025-09-01,24.91,26.14,37.15,11.8
2025-09-02,24.84,25.55,37.48,12.13
2025-09-03,25.3,25.58,37.21,11.91
2025-09-04,25.4,25.84,36.91,11.85
2025-09-05,25.0,25.48,37.55,11.97
2025-09-06,24.75,24.8,37.47,12.98
2025-09-07,24.66,24.87,37.49,12.98
2025-09-08,24.67,23.74,37.9,13.69
2025-09-09,24.59,23.34,37.97,14.1
2025-09-10,24.94,22.34,38.2,14.52
2025-09-11,24.88,21.38,39.1,14.64
2025-09-12,24.65,21.4,39.87,14.08
2025-09-13,25.05,22.6,39.09,13.26
2025-09-14,25.07,22.53,39.06,13.34
2025-09-15,25.09,21.91,40.2,12.8
2025-09-16,25.37,22.12,39.49,13.02
2025-09-17,25.47,22.6,39.29,12.64
2025-09-18,25.52,23.52,38.18,12.78
2025-09-19,26.1,22.71,37.78,13.41
2025-09-20,26.35,22.96,37.55,13.14
2025-09-21,26.31,23.0,37.55,13.14
2025-09-22,27.03,22.76,37.03,13.18
2025-09-23,27.65,22.8,36.58,12.97
2025-09-24,28.19,22.65,36.41,12.75
2025-09-25,28.95,22.58,35.65,12.82
2025-09-26,28.95,22.47,35.47,13.11
2025-09-27,28.6,22.64,35.6,13.16
2025-09-28,28.56,22.61,35.64,13.19
2025-09-29,28.53,22.46,35.67,13.34
2025-09-30,28.31,22.7,35.69,13.3
2025-10-01,28.44,22.23,35.58,13.75
2025-10-02,28.35,22.25,35.59,13.81
2025-10-03,28.98,22.0,35.49,13.53
2025-10-04,28.7,22.49,35.74,13.07
2025-10-05,28.68,22.45,35.74,13.13
2025-10-06,29.13,22.41,35.33,13.13
2025-10-07,28.92,22.3,35.67,13.11
2025-10-08,28.65,22.27,35.92,13.16
2025-10-09,27.14,22.3,36.92,13.64
2025-10-10,26.1,22.59,37.72,13.59
2025-10-11,25.06,22.71,38.54,13.69
2025-10-12,25.03,22.73,38.59,13.65
2025-10-13,23.48,24.25,38.45,13.82
2025-10-14,22.8,24.34,39.0,13.86
2025-10-15,22.76,24.39,38.75,14.1
2025-10-16,22.6,24.63,38.88,13.89
2025-10-17,22.79,25.15,38.17,13.89
2025-10-18,23.24,24.96,38.08,13.72
2025-10-19,23.22,25.03,38.06,13.69
2025-10-20,23.14,24.95,38.26,13.65
2025-10-21,23.13,24.94,38.24,13.69
2025-10-22,23.13,25.03,38.18,13.66
2025-10-23,23.18,24.94,38.24,13.64
2025-10-24,23.4,25.07,38.3,13.23
2025-10-25,23.81,24.96,37.74,13.49
2025-10-26,23.81,24.75,38.0,13.44
2025-10-27,23.73,25.77,37.11,13.39
2025-10-28,22.88,26.05,37.64,13.43
2025-10-29,22.37,26.29,37.97,13.37
2025-10-30,22.19,26.84,37.79,13.18
2025-10-31,21.1,26.68,38.66,13.56
2025-11-01,21.08,26.93,38.37,13.62
2025-11-02,21.08,27.01,38.3,13.61
2025-11-03,21.12,26.59,38.48,13.81
2025-11-04,21.16,26.15,39.08,13.61
2025-11-05,21.16,26.16,39.07,13.61
2025-11-06,20.51,26.52,39.08,13.89
2025-11-07,21.75,25.19,38.51,14.55
2025-11-08,22.75,25.15,38.07,14.03
2025-11-09,22.66,25.19,38.17,13.98
2025-11-10,22.74,25.4,37.9,13.96
2025-11-11,22.43,25.33,38.09,14.15
2025-11-12,22.7,25.2,37.9,14.2
2025-11-13,22.36,25.44,38.15,14.05
2025-11-14,22.53,25.64,37.66,14.17
2025-11-15,22.89,25.66,37.88,13.57
2025-11-16,22.81,25.73,37.87,13.59
2025-11-17,23.07,26.6,37.32,13.01
2025-11-18,22.52,26.37,37.53,13.58
2025-11-19,22.43,25.56,38.29,13.72
2025-11-20,21.79,24.87,38.33,15.01
2025-11-21,21.74,24.59,39.03,14.64
2025-11-22,21.79,24.55,39.0,14.66
2025-11-23,21.74,24.52,39.05,14.69
2025-11-24,21.82,23.4,39.72,15.06
2025-11-25,21.99,25.01,39.02,13.98
2025-11-26,22.02,24.91,39.17,13.9
2025-11-27,23.76,23.47,38.14,14.63
2025-11-28,23.84,22.6,38.35,15.21
2025-11-29,23.65,22.21,39.62,14.52
2025-11-30,23.61,22.12,39.46,14.81
2025-12-01,22.82,22.66,39.81,14.71
2025-12-02,22.74,23.34,39.89,14.03
2025-12-03,22.41,24.53,38.3,14.76
2025-12-04,22.1,24.25,38.66,14.99
2025-12-05,22.31,23.67,38.85,15.17
2025-12-06,22.04,23.8,39.35,14.81
2025-12-07,22.03,23.58,39.42,14.97
2025-12-08,22.56,23.76,39.05,14.63
2025-12-09,23.74,23.16,38.37,14.73
2025-12-10,23.59,23.37,38.54,14.5
2025-12-11,23.95,22.87,38.76,14.42
2025-12-12,23.69,22.78,39.1,14.43
2025-12-13,23.61,22.75,39.16,14.48
2025-12-14,23.59,22.78,39.14,14.49
2025-12-15,23.75,22.76,39.04,14.45
2025-12-16,24.02,22.84,38.94,14.2
2025-12-17,23.8,22.99,38.95,14.26
2025-12-18,23.83,22.96,38.87,14.34
2025-12-19,23.78,22.9,38.91,14.41
2025-12-20,23.79,23.04,38.74,14.43
2025-12-21,23.77,23.0,38.83,14.4
2025-12-22,23.83,22.96,38.81,14.4
2025-12-23,23.8,22.93,38.89,14.38
2025-12-24,23.64,23.12,38.91,14.33
2025-12-25,23.57,23.03,39.09,14.31
2025-12-26,23.64,23.05,38.91,14.4
2025-12-27,23.61,23.09,38.92,14.38
2025-12-28,23.65,23.01,38.93,14.41
2025-12-29,23.56,23.14,38.85,14.45
2025-12-30,23.57,23.17,38.79,14.47
2025-12-31,23.47,23.19,38.83,14.51
2026-01-01,23.46,23.28,38.78,14.48
2026-01-02,23.39,23.2,38.88,14.53
2026-01-03,23.37,23.21,38.8,14.62
2026-01-04,23.36,23.13,38.88,14.63
2026-01-05,23.34,23.19,38.83,14.64
2026-01-06,23.4,23.11,38.89,14.6
2026-01-07,23.36,23.23,38.8,14.61
2026-01-08,23.33,23.22,38.74,14.71
2026-01-09,23.19,23.18,38.8,14.83
2026-01-10,23.37,23.07,38.67,14.89
2026-01-11,23.49,22.99,38.64,14.88
2026-01-12,23.73,22.72,38.68,14.87
2026-01-13,24.02,22.6,38.62,14.76
2026-01-14,23.87,22.78,38.72,14.63
2026-01-15,23.94,22.62,38.93,14.51
2026-01-16,23.95,22.71,38.81,14.53
2026-01-17,24.04,22.62,38.88,14.46
2026-01-18,24.01,22.64,38.82,14.53
2026-01-19,24.05,22.68,38.86,14.41
2026-01-20,24.04,22.63,38.88,14.45
2026-01-21,24.15,22.58,38.87,14.4
2026-01-22,23.82,22.53,39.13,14.52
2026-01-23,23.83,22.82,38.83,14.52
2026-01-24,23.93,22.85,38.51,14.71
2026-01-25,23.91,22.9,38.51,14.68
2026-01-26,23.96,22.95,38.43,14.66
2026-01-27,23.93,22.85,38.48,14.74
2026-01-28,23.87,22.99,38.07,15.07
2026-01-29,23.11,22.68,38.87,15.34
2026-01-30,23.16,22.28,39.61,14.95
2026-01-31,23.21,22.44,39.43,14.92
2026-02-01,23.27,22.38,39.38,14.97
2026-02-02,22.9,23.37,39.38,14.35
2026-02-03,22.0,24.99,39.22,13.79
2026-02-04,22.98,24.68,38.27,14.07
2026-02-05,22.88,24.75,38.37,14.0
2026-02-06,21.65,25.14,38.88,14.33
2026-02-07,22.63,24.32,38.54,14.51
2026-02-08,22.75,24.38,38.42,14.45
2026-02-09,22.29,24.71,39.14,13.86
2026-02-10,24.3,24.97,35.77,14.96
2026-02-11,24.35,24.02,35.53,16.1
2026-02-12,23.59,24.03,36.7,15.68
2026-02-13,23.37,24.11,38.31,14.21
2026-02-14,23.7,24.51,37.56,14.23
2026-02-15,23.62,24.49,37.63,14.26
2026-02-16,23.42,24.46,37.71,14.41
2026-02-17,23.65,23.71,37.61,15.03
2026-02-18,23.33,23.31,38.77,14.59
2026-02-19,23.46,22.35,39.21,14.98
2026-02-20,23.66,23.15,38.86,14.33
2026-02-21,24.16,23.45,38.49,13.9
2026-02-22,24.14,23.31,38.65,13.9
2026-02-23,24.32,23.58,37.43,14.67
2026-02-24,26.28,23.75,36.32,13.65
2026-02-25,26.41,23.26,35.76,14.57
2026-02-26,25.74,23.2,36.02,15.04
2026-02-27,25.18,22.78,37.01,15.03
2026-02-28,24.34,24.76,35.99,14.91
2026-03-01,24.27,24.85,35.97,14.91
2026-03-02,23.68,24.91,36.45,14.96
2026-03-03,24.45,25.44,35.36,14.75
2026-03-04,24.49,25.38,35.37,14.76
2026-03-05,24.54,25.28,35.47,14.71
2026-03-06,24.32,23.95,36.43,15.3
2026-03-07,23.91,23.45,37.31,15.33
2026-03-08,23.98,23.43,37.29,15.3
2026-03-09,24.44,24.23,36.15,15.18
2026-03-10,23.37,24.74,37.16,14.73
2026-03-11,23.5,24.86,37.07,14.57
2026-03-12,24.33,25.74,35.97,13.96
2026-03-13,24.18,24.85,35.77,15.2
2026-03-14,25.53,24.16,35.35,14.96
2026-03-15,25.65,24.17,35.31,14.87
2026-03-16,24.66,24.79,35.98,14.57
2026-03-17,23.62,24.54,37.75,14.09
2026-03-18,22.78,24.56,38.57,14.09
2026-03-19,23.03,24.4,38.66,13.91
2026-03-20,23.54,24.71,38.01,13.74
2026-03-21,23.67,24.63,38.0,13.7
2026-03-22,23.52,24.75,37.99,13.74
2026-03-23,23.8,23.91,38.31,13.98
2026-03-24,23.89,23.85,38.31,13.95
2026-03-25,24.17,24.12,37.95,13.76
2026-03-26,23.57,24.73,37.89,13.81
2026-03-27,23.43,24.86,38.14,13.57
2026-03-28,23.08,25.26,38.0,13.66
2026-03-29,23.11,25.21,38.0,13.68
2026-03-30,22.71,25.43,38.49,13.37
2026-03-31,22.77,25.59,38.54,13.1
2026-04-01,22.23,26.82,38.02,12.93
2026-04-02,21.87,28.77,36.61,12.75
2026-04-03,22.21,28.81,35.23,13.75
2026-04-04,21.68,28.04,36.55,13.73
2026-04-05,21.68,28.0,36.59,13.73
2026-04-06,21.38,28.23,36.42,13.97
2026-04-07,21.85,26.12,37.21,14.82
2026-04-08,21.59,26.71,36.69,15.01
2026-04-09,22.13,26.6,36.65,14.62
2026-04-10,23.11,26.64,35.88,14.37
2026-04-11,24.22,27.9,34.39,13.49
2026-04-12,24.18,27.93,34.37,13.52
2026-04-13,24.27,28.08,34.3,13.35
2026-04-14,23.66,28.6,34.61,13.13
2026-04-15,23.51,28.33,35.06,13.1
2026-04-16,23.32,28.67,34.9,13.11
2026-04-17,23.21,28.75,34.89,13.15
2026-04-18,22.95,28.56,34.96,13.53
2026-04-19,22.99,28.58,34.95,13.48
2026-04-20,22.8,28.7,35.0,13.5
2026-04-21,23.55,28.75,34.65,13.05
2026-04-22,23.67,28.16,35.1,13.07
2026-04-23,23.83,27.91,35.84,12.42
2026-04-24,23.7,28.24,35.7,12.36
2026-04-25,22.9,28.72,35.89,12.49
2026-04-26,22.86,28.58,36.09,12.47
2026-04-27,22.84,28.83,35.76,12.57
2026-04-28,22.84,28.05,36.18,12.93
2026-04-29,23.14,28.14,36.02,12.7
2026-04-30,23.62,27.19,36.49,12.7
2026-05-01,25.44,27.17,34.69,12.7
2026-05-02,25.23,26.52,35.38,12.87
2026-05-03,25.2,26.53,35.44,12.83
2026-05-04,23.84,27.75,35.24,13.17
2026-05-05,22.93,27.86,35.69,13.52
2026-05-06,22.61,26.98,36.75,13.66
2026-05-07,23.21,26.06,36.33,14.4
2026-05-08,23.06,25.86,36.65,14.43
2026-05-09,23.56,25.73,36.4,14.31
2026-05-10,23.5,25.84,36.36,14.3
2026-05-11,23.47,25.3,36.51,14.72
2026-05-12,23.66,24.63,36.84,14.87
2026-05-13,23.66,24.62,36.61,15.11
2026-05-14,23.54,24.67,36.74,15.05
2026-05-15,23.87,24.57,36.47,15.09
2026-05-16,23.95,24.83,36.13,15.09
2026-05-17,23.92,25.04,36.1,14.94
2026-05-18,23.73,25.56,35.44,15.27
2026-05-19,24.15,25.8,34.98,15.07
2026-05-20,24.37,26.5,34.57,14.56
2026-05-21,24.41,26.24,34.47,14.88
2026-05-22,24.51,26.18,34.24,15.07
2026-05-23,24.52,26.29,33.77,15.42
2026-05-24,24.42,26.41,33.77,15.4
2026-05-25,24.41,26.6,33.7,15.29
2026-05-26,23.99,26.89,33.72,15.4
2026-05-27,23.6,27.35,33.86,15.19
2026-05-28,23.6,27.45,33.91,15.04
2026-05-29,23.18,28.03,33.79,15.0
2026-05-30,23.18,28.13,33.37,15.32
2026-05-31,23.27,28.05,33.42,15.26
2026-06-01,22.26,28.03,34.6,15.11
2026-06-02,21.81,28.27,34.44,15.48
2026-06-03,21.56,28.56,34.41,15.47
2026-06-04,21.03,29.8,33.53,15.64
2026-06-05,20.12,30.93,33.35,15.6
2026-06-06,19.61,31.79,33.72,14.88
2026-06-07,19.53,31.84,33.75,14.88
2026-06-08,19.7,32.25,34.15,13.9
2026-06-09,20.83,31.42,34.07,13.68
2026-06-10,20.65,31.45,33.99,13.91
2026-06-11,20.58,31.12,34.42,13.88
2026-06-12,20.55,30.82,34.8,13.83
2026-06-13,21.57,30.69,34.27,13.47
2026-06-14,21.45,30.75,34.32,13.48
2026-06-15,21.34,30.99,34.21,13.46
2026-06-16,20.45,32.52,33.5,13.53
2026-06-17,20.16,33.37,33.48,12.99
2026-06-18,20.47,32.8,33.65,13.08
2026-06-19,21.18,32.81,32.73,13.28
2026-06-20,21.55,32.87,32.28,13.3
2026-06-21,21.46,32.86,32.38,13.3
2026-06-22,21.86,32.83,31.67,13.64
2026-06-23,21.67,32.95,32.12,13.26
2026-06-24,21.76,32.93,32.4,12.91
2026-06-25,22.1,32.38,32.7,12.82
2026-06-26,22.13,32.36,32.68,12.83
2026-06-27,21.63,32.95,32.55,12.87
2026-06-28,21.4,33.03,32.68,12.89
2026-06-29,21.57,32.94,32.89,12.6
2026-06-30,21.87,32.63,32.61,12.89
2026-07-01,21.48,32.92,32.71,12.89
2026-07-02,21.44,32.35,33.21,13.0
2026-07-03,21.42,32.43,33.2,12.95
2026-07-04,21.49,32.34,33.16,13.01
2026-07-05,21.51,32.35,33.15,12.99
2026-07-06,21.57,32.31,33.11,13.01
2026-07-07,21.55,32.37,33.09,12.99
2026-07-08,21.48,32.39,33.09,13.04
2026-07-09,21.64,32.33,32.93,13.1
2026-07-10,21.65,32.3,32.91,13.14
2026-07-11,21.54,32.33,32.95,13.18
2026-07-12,21.53,32.33,32.92,13.22
2026-07-13,21.62,32.04,33.08,13.26
2026-07-14,21.69,31.95,33.05,13.31
2026-07-15,21.57,31.82,33.23,13.38
2026-07-16,21.58,32.15,32.89,13.38
2026-07-17,21.59,31.71,33.11,13.59
2026-07-18,21.64,31.55,33.54,13.27
2026-07-19,21.5,31.68,33.46,13.36
2026-07-20,21.56,31.58,33.54,13.32
2026-07-21,21.73,31.18,33.46,13.63
2026-07-22,21.96,31.05,33.61,13.38
2026-07-23,22.05,31.03,33.88,13.04
2026-07-24,21.77,31.18,34.1,12.95
2026-07-25,22.07,31.1,34.0,12.83
2026-07-26,21.94,31.19,34.05,12.82
2026-07-27,22.14,31.17,33.89,12.8
2026-07-28,22.25,30.97,33.98,12.8
2026-07-29,22.33,30.87,34.13,12.67
2026-07-30,22.37,30.85,34.13,12.65
2026-07-31,22.59,30.73,33.91,12.77
2026-08-01,22.62,30.7,33.82,12.86
2026-08-02,22.6,30.7,33.88,12.82
