date,Deteriorated,Don't Know/Can't Say,Improved,Remained the same
2019-01-01,31.07,1.64,36.78,30.51
2019-01-02,30.77,1.7,36.95,30.58
2019-01-03,29.9,1.57,37.48,31.05
2019-01-04,29.29,1.69,38.05,30.97
2019-01-05,27.93,1.72,39.24,31.11
2019-01-06,26.95,1.81,39.97,31.27
2019-01-07,27.6,2.0,39.32,31.08
2019-01-08,27.55,1.73,39.31,31.41
2019-01-09,28.49,1.37,39.04,31.1
2019-01-10,29.0,1.36,38.24,31.4
2019-01-11,30.42,1.38,37.61,30.59
2019-01-12,30.4,1.29,37.64,30.67
2019-01-13,30.52,1.29,37.57,30.62
2019-01-14,30.58,1.31,37.6,30.51
2019-01-15,30.55,1.22,37.8,30.43
2019-01-16,30.07,1.26,37.16,31.51
2019-01-17,30.37,1.21,37.38,31.04
2019-01-18,30.24,1.12,38.3,30.34
2019-01-19,29.95,1.02,38.73,30.3
2019-01-20,29.81,1.0,38.59,30.6
2019-01-21,29.83,0.98,38.58,30.61
2019-01-22,29.87,1.05,38.45,30.63
2019-01-23,29.95,0.99,39.75,29.31
2019-01-24,29.71,1.06,40.72,28.51
2019-01-25,30.73,1.08,38.78,29.41
2019-01-26,31.33,1.16,37.89,29.62
2019-01-27,31.39,1.19,37.8,29.62
2019-01-28,30.07,1.18,38.94,29.81
2019-01-29,29.75,1.15,39.44,29.66
2019-01-30,29.71,1.21,39.39,29.69
2019-01-31,29.27,1.16,39.6,29.97
2019-02-01,28.98,1.1,39.43,30.49
2019-02-02,27.24,1.18,40.68,30.9
2019-02-03,27.18,1.17,40.67,30.98
2019-02-04,27.58,1.28,41.05,30.09
2019-02-05,28.36,1.13,41.44,29.07
2019-02-06,27.97,1.1,41.68,29.25
2019-02-07,27.48,1.13,42.38,29.01
2019-02-08,27.66,0.96,42.41,28.97
2019-02-09,27.68,0.87,43.34,28.11
2019-02-10,27.72,0.88,43.16,28.24
2019-02-11,27.84,0.9,42.97,28.29
2019-02-12,27.54,0.83,42.39,29.24
2019-02-13,26.11,1.11,41.92,30.86
2019-02-14,26.34,1.19,42.12,30.35
2019-02-15,26.39,1.16,42.13,30.32
2019-02-16,25.81,1.06,42.74,30.39
2019-02-17,25.8,1.09,42.69,30.42
2019-02-18,25.81,1.08,42.5,30.61
2019-02-19,25.77,1.06,42.6,30.57
2019-02-20,25.67,1.09,42.43,30.81
2019-02-21,25.74,1.19,43.17,29.9
2019-02-22,25.61,0.84,43.31,30.24
2019-02-23,25.29,0.92,43.37,30.42
2019-02-24,25.71,1.03,42.85,30.41
2019-02-25,25.0,0.94,42.87,31.19
2019-02-26,25.01,1.03,43.21,30.75
2019-02-27,24.09,1.12,44.2,30.59
2019-02-28,23.78,1.06,44.28,30.88
2019-03-01,22.82,0.96,44.74,31.48
2019-03-02,22.15,0.75,45.21,31.89
2019-03-03,21.79,0.97,45.53,31.71
2019-03-04,21.72,1.03,45.51,31.74
2019-03-05,21.91,1.02,46.03,31.04
2019-03-06,21.06,1.01,46.26,31.67
2019-03-07,22.14,0.86,45.44,31.56
2019-03-08,21.65,0.89,46.5,30.96
2019-03-09,20.76,1.16,47.44,30.64
2019-03-10,22.31,1.39,46.47,29.83
2019-03-11,22.23,1.27,46.17,30.33
2019-03-12,21.89,1.28,46.8,30.03
2019-03-13,22.6,1.23,46.03,30.14
2019-03-14,22.51,1.05,45.93,30.51
2019-03-15,22.85,1.08,46.16,29.91
2019-03-16,23.7,1.21,45.12,29.97
2019-03-17,23.85,1.38,45.48,29.29
2019-03-18,23.86,1.35,45.54,29.25
2019-03-19,23.7,1.26,45.32,29.72
2019-03-20,23.99,1.38,44.29,30.34
2019-03-21,23.48,1.37,44.87,30.28
2019-03-22,24.17,1.32,44.59,29.92
2019-03-23,23.91,1.29,44.37,30.43
2019-03-24,24.05,0.89,45.01,30.05
2019-03-25,23.94,0.8,44.82,30.44
2019-03-26,24.05,0.83,44.44,30.68
2019-03-27,24.18,0.74,44.68,30.4
2019-03-28,24.61,0.65,44.31,30.43
2019-03-29,24.82,0.71,43.22,31.25
2019-03-30,24.86,0.67,43.94,30.53
2019-03-31,24.49,0.69,44.28,30.54
2019-04-01,24.07,0.58,44.27,31.08
2019-04-02,24.6,0.59,43.8,31.01
2019-04-03,24.63,1.12,43.49,30.76
2019-04-04,24.67,0.61,43.88,30.84
2019-04-05,25.4,0.52,43.83,30.25
2019-04-06,25.27,0.51,44.7,29.52
2019-04-07,24.61,0.49,44.7,30.2
2019-04-08,24.83,0.49,44.84,29.84
2019-04-09,25.45,0.48,44.07,30.0
2019-04-10,25.6,0.49,44.19,29.72
2019-04-11,26.15,0.49,43.71,29.65
2019-04-12,26.01,0.47,44.07,29.45
2019-04-13,24.32,0.5,45.15,30.03
2019-04-14,24.92,0.48,44.5,30.1
2019-04-15,25.39,0.5,44.3,29.81
2019-04-16,25.15,0.57,44.28,30.0
2019-04-17,24.86,0.55,44.8,29.79
2019-04-18,24.51,0.56,44.73,30.2
2019-04-19,23.62,0.61,45.41,30.36
2019-04-20,23.43,0.68,45.43,30.46
2019-04-21,23.4,0.61,45.48,30.51
2019-04-22,23.58,0.63,45.36,30.43
2019-04-23,23.53,0.62,45.31,30.54
2019-04-24,23.44,0.61,45.26,30.69
2019-04-25,24.04,0.59,45.14,30.23
2019-04-26,24.1,0.72,45.14,30.04
2019-04-27,23.8,0.73,45.07,30.4
2019-04-28,24.36,0.8,44.78,30.06
2019-04-29,24.81,0.91,44.3,29.98
2019-04-30,24.83,0.85,44.27,30.05
2019-05-01,24.66,1.03,44.06,30.25
2019-05-02,24.57,1.07,44.31,30.05
2019-05-03,24.62,1.04,44.28,30.06
2019-05-04,24.96,0.87,43.71,30.46
2019-05-05,25.1,1.05,43.16,30.69
2019-05-06,24.55,1.28,43.29,30.88
2019-05-07,24.63,1.22,43.05,31.1
2019-05-08,24.4,1.36,43.35,30.89
2019-05-09,25.3,1.39,42.5,30.81
2019-05-10,25.15,1.33,42.5,31.02
2019-05-11,25.1,1.26,42.55,31.09
2019-05-12,24.84,1.41,43.11,30.64
2019-05-13,25.23,1.31,42.91,30.55
2019-05-14,25.77,1.39,42.48,30.36
2019-05-15,25.34,1.46,43.14,30.06
2019-05-16,25.68,1.45,42.61,30.26
2019-05-17,25.32,1.38,43.1,30.2
2019-05-18,25.77,1.32,42.82,30.09
2019-05-19,25.94,1.36,42.78,29.92
2019-05-20,26.59,1.22,42.49,29.7
2019-05-21,26.39,1.18,42.51,29.92
2019-05-22,26.26,0.91,42.78,30.05
2019-05-23,26.08,1.06,42.21,30.65
2019-05-24,23.84,2.21,44.05,29.9
2019-05-25,23.98,2.25,44.0,29.77
2019-05-26,23.98,2.25,44.0,29.77
2019-05-27,23.51,2.21,44.57,29.71
2019-05-28,22.56,2.15,45.14,30.15
2019-05-29,21.63,2.49,45.73,30.15
2019-05-30,21.12,2.55,44.83,31.5
2019-05-31,21.33,2.52,44.3,31.85
2019-06-01,21.33,2.52,44.3,31.85
2019-06-02,21.33,2.52,44.3,31.85
2019-06-03,21.24,2.5,43.78,32.48
2019-06-04,21.85,2.43,43.46,32.26
2019-06-05,21.85,2.43,43.46,32.26
2019-06-06,21.53,2.21,43.18,33.08
2019-06-07,20.86,2.3,43.34,33.5
2019-06-08,20.48,2.16,43.88,33.48
2019-06-09,20.48,2.16,43.88,33.48
2019-06-10,19.89,2.01,45.74,32.36
2019-06-11,20.16,1.99,45.35,32.5
2019-06-12,19.98,2.19,44.59,33.24
2019-06-13,20.2,2.12,45.07,32.61
2019-06-14,20.57,2.1,45.0,32.33
2019-06-15,20.67,2.14,44.17,33.02
2019-06-16,20.67,2.14,44.17,33.02
2019-06-17,20.43,2.29,44.75,32.53
2019-06-18,20.94,2.22,44.76,32.08
2019-06-19,20.31,2.05,44.76,32.88
2019-06-20,20.13,2.16,44.83,32.88
2019-06-21,20.38,2.19,44.94,32.49
2019-06-22,20.81,2.53,44.61,32.05
2019-06-23,20.81,2.53,44.61,32.05
2019-06-24,20.71,2.7,43.8,32.79
2019-06-25,19.85,2.77,43.34,34.04
2019-06-26,19.39,2.9,43.72,33.99
2019-06-27,19.08,2.31,43.57,35.04
2019-06-28,19.15,2.16,42.63,36.06
2019-06-29,20.66,1.99,40.87,36.48
2019-06-30,20.66,1.99,40.87,36.48
2019-07-01,21.26,1.93,40.12,36.69
2019-07-02,21.89,1.82,40.27,36.02
2019-07-03,22.76,1.72,40.23,35.29
2019-07-04,22.87,1.66,40.44,35.03
2019-07-05,23.33,1.72,40.11,34.84
2019-07-06,23.31,1.71,40.11,34.87
2019-07-07,23.31,1.71,40.11,34.87
2019-07-08,22.93,1.71,41.63,33.73
2019-07-09,22.89,1.69,41.57,33.85
2019-07-10,23.02,1.75,40.89,34.34
2019-07-11,22.4,1.74,40.42,35.44
2019-07-12,22.98,1.8,40.48,34.74
2019-07-13,23.04,1.8,40.5,34.66
2019-07-14,23.04,1.8,40.5,34.66
2019-07-15,23.49,1.97,40.01,34.53
2019-07-16,23.44,1.8,39.1,35.66
2019-07-17,23.44,1.8,39.1,35.66
2019-07-18,23.44,1.85,39.08,35.63
2019-07-19,24.24,1.81,39.76,34.19
2019-07-20,25.25,1.53,39.1,34.12
2019-07-21,25.25,1.53,39.1,34.12
2019-07-22,25.64,1.49,39.71,33.16
2019-07-23,24.59,1.47,40.38,33.56
2019-07-24,24.15,1.26,40.4,34.19
2019-07-25,23.58,1.2,40.11,35.11
2019-07-26,22.84,1.28,39.78,36.1
2019-07-27,23.32,1.3,40.18,35.2
2019-07-28,23.32,1.3,40.18,35.2
2019-07-29,23.0,1.29,39.63,36.08
2019-07-30,23.09,1.28,39.58,36.05
2019-07-31,22.75,1.34,39.39,36.52
2019-08-01,22.37,1.19,40.76,35.68
2019-08-02,22.84,1.16,41.61,34.39
2019-08-03,22.84,1.16,41.61,34.39
2019-08-04,22.84,1.16,41.61,34.39
2019-08-05,23.06,1.22,40.72,35.0
2019-08-06,22.87,1.16,41.28,34.69
2019-08-07,22.6,1.34,41.64,34.42
2019-08-08,22.46,1.34,42.26,33.94
2019-08-09,23.1,1.38,41.59,33.93
2019-08-10,22.9,1.57,41.34,34.19
2019-08-11,22.9,1.57,41.34,34.19
2019-08-12,22.9,1.57,41.34,34.19
2019-08-13,23.34,1.6,41.49,33.57
2019-08-14,23.36,1.59,41.5,33.55
2019-08-15,23.36,1.59,41.5,33.55
2019-08-16,23.62,1.59,41.91,32.88
2019-08-17,22.9,1.6,42.1,33.4
2019-08-18,22.9,1.6,42.1,33.4
2019-08-19,22.09,1.76,42.47,33.68
2019-08-20,22.62,1.87,42.79,32.72
2019-08-21,22.97,1.92,42.58,32.53
2019-08-22,22.77,2.0,42.48,32.75
2019-08-23,22.78,2.12,42.34,32.76
2019-08-24,22.78,2.12,42.34,32.76
2019-08-25,22.78,2.12,42.34,32.76
2019-08-26,22.81,2.24,42.23,32.72
2019-08-27,22.79,2.23,42.27,32.71
2019-08-28,22.81,2.42,42.22,32.55
2019-08-29,22.18,3.46,41.4,32.96
2019-08-30,22.28,3.7,41.18,32.84
2019-08-31,22.0,3.74,41.19,33.07
2019-09-01,22.0,3.74,41.19,33.07
2019-09-02,22.0,3.74,41.19,33.07
2019-09-03,22.0,3.83,41.19,32.98
2019-09-04,21.89,3.81,41.39,32.91
2019-09-05,22.3,3.87,41.4,32.43
2019-09-06,22.27,3.75,41.27,32.71
2019-09-07,22.43,3.72,41.14,32.71
2019-09-08,22.43,3.72,41.14,32.71
2019-09-09,22.45,3.54,41.0,33.01
2019-09-10,22.45,3.53,40.98,33.04
2019-09-11,22.45,3.5,41.13,32.92
2019-09-12,22.59,3.26,41.45,32.7
2019-09-13,22.72,3.15,41.31,32.82
2019-09-14,22.89,3.0,41.3,32.81
2019-09-15,22.89,3.0,41.3,32.81
2019-09-16,23.04,2.92,41.29,32.75
2019-09-17,23.27,2.86,41.18,32.69
2019-09-18,23.14,2.93,41.18,32.75
2019-09-19,23.34,3.57,40.7,32.39
2019-09-20,24.84,2.85,39.2,33.11
2019-09-21,25.68,2.43,38.66,33.23
2019-09-22,25.68,2.43,38.66,33.23
2019-09-23,25.89,2.43,38.7,32.98
2019-09-24,26.06,2.39,38.81,32.74
2019-09-25,25.96,2.4,39.0,32.64
2019-09-26,25.92,2.44,38.85,32.79
2019-09-27,26.05,1.92,38.74,33.29
2019-09-28,26.05,1.92,38.74,33.29
2019-09-29,26.05,1.92,38.74,33.29
2019-09-30,27.48,1.59,38.32,32.61
2019-10-01,27.63,1.67,38.09,32.61
2019-10-02,27.63,1.67,38.09,32.61
2019-10-03,27.61,1.71,37.98,32.7
2019-10-04,27.89,1.67,37.75,32.69
2019-10-05,29.28,1.31,36.3,33.11
2019-10-06,29.28,1.31,36.3,33.11
2019-10-07,29.5,1.28,35.75,33.47
2019-10-08,29.5,1.28,35.75,33.47
2019-10-09,29.58,1.22,35.82,33.38
2019-10-10,29.49,1.19,35.9,33.42
2019-10-11,31.14,1.0,35.27,32.59
2019-10-12,32.02,0.84,34.38,32.76
2019-10-13,32.02,0.84,34.38,32.76
2019-10-14,32.39,0.85,33.96,32.8
2019-10-15,32.28,0.78,34.07,32.87
2019-10-16,32.17,0.76,33.94,33.13
2019-10-17,32.55,0.7,33.82,32.93
2019-10-18,33.16,0.69,33.29,32.86
2019-10-19,32.67,0.75,34.03,32.55
2019-10-20,32.67,0.75,34.03,32.55
2019-10-21,32.61,0.73,34.05,32.61
2019-10-22,32.87,0.68,34.15,32.3
2019-10-23,32.81,0.65,34.33,32.21
2019-10-24,32.75,0.64,34.42,32.19
2019-10-25,32.67,0.66,34.46,32.21
2019-10-26,32.67,0.66,34.46,32.21
2019-10-27,32.67,0.66,34.46,32.21
2019-10-28,32.67,0.66,34.46,32.21
2019-10-29,32.67,0.66,34.46,32.21
2019-10-30,32.5,0.6,34.65,32.25
2019-10-31,30.77,0.56,35.35,33.32
2019-11-01,30.13,0.59,35.02,34.26
2019-11-02,29.8,0.59,35.07,34.54
2019-11-03,29.28,0.55,35.84,34.33
2019-11-04,28.95,0.48,35.87,34.7
2019-11-05,28.63,0.43,35.88,35.06
2019-11-06,28.96,0.41,36.49,34.14
2019-11-07,29.12,0.4,36.76,33.72
2019-11-08,29.65,0.44,36.25,33.66
2019-11-09,30.27,0.46,36.49,32.78
2019-11-10,30.25,0.45,36.9,32.4
2019-11-11,29.96,0.49,37.28,32.27
2019-11-12,30.11,0.51,37.17,32.21
2019-11-13,30.4,0.5,36.99,32.11
2019-11-14,30.81,0.39,37.07,31.73
2019-11-15,31.25,0.44,36.76,31.55
2019-11-16,30.77,0.43,36.79,32.01
2019-11-17,30.69,0.42,36.79,32.1
2019-11-18,31.16,0.44,36.44,31.96
2019-11-19,31.26,0.48,36.58,31.68
2019-11-20,31.42,0.43,36.58,31.57
2019-11-21,31.81,0.45,36.62,31.12
2019-11-22,31.33,0.49,37.26,30.92
2019-11-23,31.55,0.5,37.33,30.62
2019-11-24,31.69,0.51,37.52,30.28
2019-11-25,31.22,0.43,37.83,30.52
2019-11-26,31.15,0.46,38.12,30.27
2019-11-27,30.88,0.43,38.25,30.44
2019-11-28,30.21,0.47,38.82,30.5
2019-11-29,30.3,0.45,39.16,30.09
2019-11-30,30.43,0.43,38.99,30.15
2019-12-01,30.08,0.44,38.91,30.57
2019-12-02,29.74,0.4,38.32,31.54
2019-12-03,29.95,0.43,38.4,31.22
2019-12-04,29.9,0.4,38.49,31.21
2019-12-05,29.88,0.42,38.32,31.38
2019-12-06,30.94,0.41,37.6,31.05
2019-12-07,31.05,0.44,37.75,30.76
2019-12-08,30.92,0.43,37.64,31.01
2019-12-09,30.59,0.49,37.41,31.51
2019-12-10,31.19,0.45,37.47,30.89
2019-12-11,31.58,0.43,37.33,30.66
2019-12-12,31.82,0.47,37.33,30.38
2019-12-13,31.77,0.43,37.59,30.21
2019-12-14,32.23,0.39,37.44,29.94
2019-12-15,32.14,0.44,36.86,30.56
2019-12-16,31.91,0.48,36.75,30.86
2019-12-17,32.12,0.48,36.24,31.16
2019-12-18,32.0,0.48,36.21,31.31
2019-12-19,32.18,0.49,36.39,30.94
2019-12-20,31.77,0.53,36.78,30.92
2019-12-21,31.11,0.49,37.15,31.25
2019-12-22,31.59,0.48,37.13,30.8
2019-12-23,32.17,0.48,36.74,30.61
2019-12-24,31.6,0.44,36.82,31.14
2019-12-25,31.39,0.43,37.37,30.81
2019-12-26,30.89,0.46,37.75,30.9
2019-12-27,29.48,0.44,38.28,31.8
2019-12-28,29.29,0.45,38.51,31.75
2019-12-29,29.47,0.54,38.45,31.54
2019-12-30,29.22,0.55,38.29,31.94
2019-12-31,28.74,0.62,38.36,32.28
2020-01-01,29.02,0.6,37.79,32.59
2020-01-02,29.25,0.63,37.64,32.48
2020-01-03,29.17,0.59,37.98,32.26
2020-01-04,28.93,0.62,37.6,32.85
2020-01-05,29.28,0.62,37.02,33.08
2020-01-06,29.77,0.57,37.04,32.62
2020-01-07,30.11,0.6,37.0,32.29
2020-01-08,29.92,0.61,37.35,32.12
2020-01-09,30.23,0.56,37.18,32.03
2020-01-10,30.21,0.6,37.11,32.08
2020-01-11,30.55,0.6,36.85,32.0
2020-01-12,30.7,0.51,37.0,31.79
2020-01-13,30.75,0.59,37.18,31.48
2020-01-14,31.13,0.59,37.01,31.27
2020-01-15,31.3,0.55,36.61,31.54
2020-01-16,31.31,0.51,36.37,31.81
2020-01-17,31.34,0.57,36.29,31.8
2020-01-18,31.64,0.68,36.45,31.23
2020-01-19,31.63,0.66,36.69,31.02
2020-01-20,31.26,0.67,36.63,31.44
2020-01-21,31.5,0.65,36.03,31.82
2020-01-22,31.63,0.6,36.04,31.73
2020-01-23,31.8,0.63,36.3,31.27
2020-01-24,31.92,0.61,36.4,31.07
2020-01-25,32.1,0.6,36.57,30.73
2020-01-26,32.1,0.6,36.57,30.73
2020-01-27,32.03,0.63,36.74,30.6
2020-01-28,31.76,0.72,36.67,30.85
2020-01-29,31.7,0.92,36.56,30.82
2020-01-30,31.9,0.87,36.52,30.71
2020-01-31,32.05,0.88,36.56,30.51
2020-02-01,31.92,0.91,36.64,30.53
2020-02-02,31.92,0.91,36.64,30.53
2020-02-03,31.92,0.91,36.64,30.53
2020-02-04,31.69,0.9,36.8,30.61
2020-02-05,31.16,0.95,36.63,31.26
2020-02-06,30.62,0.88,36.78,31.72
2020-02-07,29.72,0.89,37.01,32.38
2020-02-08,29.69,0.85,37.06,32.4
2020-02-09,29.69,0.85,37.06,32.4
2020-02-10,28.93,0.93,37.06,33.08
2020-02-11,28.19,0.74,37.08,33.99
2020-02-12,29.36,0.71,36.81,33.12
2020-02-13,29.85,0.76,36.98,32.41
2020-02-14,29.38,0.71,37.1,32.81
2020-02-15,28.57,0.84,37.84,32.75
2020-02-16,28.57,0.84,37.84,32.75
2020-02-17,28.4,0.79,37.82,32.99
2020-02-18,28.45,0.82,37.99,32.74
2020-02-19,30.85,5.48,34.55,29.12
2020-02-20,33.33,1.31,35.52,29.84
2020-02-21,33.33,1.31,35.52,29.84
2020-02-22,31.75,1.26,37.4,29.59
2020-02-23,31.75,1.26,37.4,29.59
2020-02-24,32.86,1.23,35.72,30.19
2020-02-25,32.96,1.18,35.96,29.9
2020-02-26,32.4,1.17,35.9,30.53
2020-02-27,31.39,1.23,36.94,30.44
2020-02-28,30.45,1.4,37.55,30.6
2020-02-29,30.83,1.47,37.61,30.09
2020-03-01,30.83,1.47,37.61,30.09
2020-03-02,31.04,1.46,36.78,30.72
2020-03-03,30.9,1.46,37.08,30.56
2020-03-04,31.11,1.49,36.8,30.6
2020-03-05,30.83,1.41,36.89,30.87
2020-03-06,30.58,1.44,36.94,31.04
2020-03-07,30.5,1.41,37.15,30.94
2020-03-08,30.5,1.41,37.15,30.94
2020-03-09,30.11,1.42,37.4,31.07
2020-03-10,30.11,1.42,37.4,31.07
2020-03-11,30.11,1.42,37.4,31.07
2020-03-12,30.14,1.33,37.43,31.1
2020-03-13,29.91,1.32,37.6,31.17
2020-03-14,29.38,1.29,38.18,31.15
2020-03-15,29.38,1.29,38.18,31.15
2020-03-16,29.23,1.36,38.12,31.29
2020-03-17,28.81,1.38,38.46,31.35
2020-03-18,28.23,1.4,38.99,31.38
2020-03-19,27.36,1.39,39.16,32.09
2020-03-20,26.93,0.84,38.99,33.24
2020-03-21,26.65,0.8,38.82,33.73
2020-03-22,26.65,0.8,38.82,33.73
2020-03-23,25.53,0.76,39.86,33.85
2020-03-24,25.49,0.74,39.39,34.38
2020-03-25,25.49,0.74,39.39,34.38
2020-03-26,25.49,0.74,39.39,34.38
2020-03-27,24.97,0.79,40.01,34.23
2020-03-28,25.03,0.78,39.51,34.68
2020-03-29,25.02,0.78,39.52,34.68
2020-03-30,25.34,0.85,39.35,34.46
2020-03-31,25.47,0.87,38.67,34.99
2020-04-01,24.1,0.8,39.95,35.15
2020-04-02,24.4,0.84,40.43,34.33
2020-04-03,25.28,0.85,41.07,32.8
2020-04-04,25.28,0.85,41.07,32.8
2020-04-05,25.28,0.85,41.07,32.8
2020-04-06,25.28,0.85,41.07,32.8
2020-04-07,24.7,0.83,40.23,34.24
2020-04-08,24.39,0.88,39.83,34.9
2020-04-09,24.38,0.86,39.8,34.96
2020-04-10,24.33,0.87,39.82,34.98
2020-04-11,24.33,0.87,39.82,34.98
2020-04-12,24.3,0.89,39.87,34.94
2020-04-13,24.0,0.91,40.4,34.69
2020-04-14,24.86,0.93,39.99,34.22
2020-04-15,24.32,0.92,39.63,35.13
2020-04-16,23.85,1.26,39.43,35.46
2020-04-17,24.6,1.22,40.04,34.14
2020-04-18,25.54,0.92,39.11,34.43
2020-04-19,25.54,0.92,39.11,34.43
2020-04-20,26.28,0.97,38.9,33.85
2020-04-21,26.97,0.92,38.42,33.69
2020-04-22,26.56,0.97,39.06,33.41
2020-04-23,26.07,0.97,39.09,33.87
2020-04-24,24.81,1.04,40.36,33.79
2020-04-25,23.93,0.99,40.7,34.38
2020-04-26,25.08,1.14,39.66,34.12
2020-04-27,24.36,1.28,40.14,34.22
2020-04-28,24.23,1.36,39.93,34.48
2020-04-29,24.47,1.21,39.67,34.65
2020-04-30,24.94,1.3,39.13,34.63
2020-05-01,24.03,1.49,39.35,35.13
2020-05-02,24.46,1.68,39.73,34.13
2020-05-03,25.31,1.64,39.88,33.17
2020-05-04,25.12,1.61,40.05,33.22
2020-05-05,25.56,1.62,40.52,32.3
2020-05-06,25.38,1.54,39.64,33.44
2020-05-07,25.46,1.47,39.21,33.86
2020-05-08,26.37,1.72,38.75,33.16
2020-05-09,26.77,1.77,38.36,33.1
2020-05-10,26.76,1.43,38.38,33.43
2020-05-11,27.06,1.38,38.76,32.8
2020-05-12,27.09,1.29,39.02,32.6
2020-05-13,27.03,1.4,38.63,32.94
2020-05-14,27.24,1.5,38.52,32.74
2020-05-15,27.0,1.76,38.02,33.22
2020-05-16,27.53,1.81,37.4,33.26
2020-05-17,27.41,1.77,37.8,33.02
2020-05-18,27.9,1.76,37.58,32.76
2020-05-19,29.55,1.28,37.42,31.75
2020-05-20,28.73,1.28,37.66,32.33
2020-05-21,29.24,1.15,37.45,32.16
2020-05-22,28.12,1.13,37.83,32.92
2020-05-23,27.9,1.21,37.73,33.16
2020-05-24,27.4,1.05,37.45,34.1
2020-05-25,27.61,1.01,37.85,33.53
2020-05-26,27.5,1.01,37.36,34.13
2020-05-27,27.37,1.02,37.29,34.32
2020-05-28,27.25,0.99,37.4,34.36
2020-05-29,27.31,0.99,37.17,34.53
2020-05-30,27.34,0.99,36.81,34.86
2020-05-31,27.55,0.98,36.72,34.75
2020-06-01,27.81,0.93,36.57,34.69
2020-06-02,28.44,0.92,36.18,34.46
2020-06-03,28.96,0.95,35.76,34.33
2020-06-04,28.64,0.97,35.32,35.07
2020-06-05,28.92,0.86,35.86,34.36
2020-06-06,28.73,0.83,35.96,34.48
2020-06-07,29.16,0.81,35.72,34.31
2020-06-08,30.7,0.82,34.34,34.14
2020-06-09,29.99,0.78,34.9,34.33
2020-06-10,30.02,0.72,34.98,34.28
2020-06-11,30.49,0.64,35.38,33.49
2020-06-12,31.04,0.65,35.27,33.04
2020-06-13,30.71,0.67,35.6,33.02
2020-06-14,31.01,0.8,35.43,32.76
2020-06-15,31.51,0.79,35.27,32.43
2020-06-16,31.95,0.71,34.03,33.31
2020-06-17,32.18,0.77,34.02,33.03
2020-06-18,33.17,0.74,34.4,31.69
2020-06-19,33.23,0.87,34.15,31.75
2020-06-20,33.39,1.04,33.51,32.06
2020-06-21,33.68,1.01,33.64,31.67
2020-06-22,33.51,1.0,33.67,31.82
2020-06-23,33.53,0.96,33.75,31.76
2020-06-24,34.01,0.95,33.56,31.48
2020-06-25,33.54,0.98,33.81,31.67
2020-06-26,32.93,0.95,33.55,32.57
2020-06-27,33.78,1.14,33.52,31.56
2020-06-28,33.2,1.09,34.25,31.46
2020-06-29,33.09,1.05,34.2,31.66
2020-06-30,32.95,1.07,34.18,31.8
2020-07-01,32.82,1.08,34.42,31.68
2020-07-02,32.94,1.07,34.35,31.64
2020-07-03,33.26,1.05,34.32,31.37
2020-07-04,33.27,1.09,34.71,30.93
2020-07-05,32.67,1.09,35.57,30.67
2020-07-06,33.08,1.18,35.61,30.13
2020-07-07,33.16,1.13,35.23,30.48
2020-07-08,33.3,1.15,34.97,30.58
2020-07-09,33.33,1.21,34.85,30.61
2020-07-10,33.31,1.18,35.06,30.45
2020-07-11,33.14,1.13,35.77,29.96
2020-07-12,33.06,1.14,35.83,29.97
2020-07-13,32.82,1.24,36.05,29.89
2020-07-14,32.52,1.34,35.79,30.35
2020-07-15,32.61,1.36,35.84,30.19
2020-07-16,33.16,1.39,34.91,30.54
2020-07-17,33.95,1.44,33.64,30.97
2020-07-18,34.75,1.41,33.14,30.7
2020-07-19,34.46,1.46,33.86,30.22
2020-07-20,34.54,1.46,33.98,30.02
2020-07-21,34.44,1.4,34.35,29.81
2020-07-22,34.5,1.35,34.34,29.81
2020-07-23,34.35,1.43,34.57,29.65
2020-07-24,34.85,1.39,34.52,29.24
2020-07-25,34.73,1.35,34.57,29.35
2020-07-26,34.73,1.35,34.57,29.35
2020-07-27,34.69,1.29,34.17,29.85
2020-07-28,35.6,1.35,33.15,29.9
2020-07-29,35.57,1.33,32.47,30.63
2020-07-30,35.62,1.31,32.26,30.81
2020-07-31,36.73,1.39,31.48,30.4
2020-08-01,37.3,1.44,31.35,29.91
2020-08-02,38.28,1.43,31.21,29.08
2020-08-03,38.28,1.43,31.21,29.08
2020-08-04,38.14,1.46,31.43,28.97
2020-08-05,37.78,1.42,31.63,29.17
2020-08-06,37.89,1.46,31.74,28.91
2020-08-07,38.3,1.47,31.8,28.43
2020-08-08,38.54,1.52,31.79,28.15
2020-08-09,38.54,1.52,31.79,28.15
2020-08-10,38.82,1.44,31.87,27.87
2020-08-11,39.44,1.41,31.63,27.52
2020-08-12,39.44,1.43,31.49,27.64
2020-08-13,38.9,1.32,30.15,29.63
2020-08-14,38.29,1.37,29.86,30.48
2020-08-15,38.63,1.43,29.87,30.07
2020-08-16,38.77,1.31,29.83,30.09
2020-08-17,39.58,1.26,29.52,29.64
2020-08-18,40.21,1.45,28.91,29.43
2020-08-19,40.1,1.63,28.81,29.46
2020-08-20,40.48,1.46,28.63,29.43
2020-08-21,40.21,1.55,28.49,29.75
2020-08-22,39.92,1.48,28.35,30.25
2020-08-23,39.95,1.58,28.35,30.12
2020-08-24,40.56,1.58,28.08,29.78
2020-08-25,40.75,1.55,27.87,29.83
2020-08-26,41.23,1.59,27.66,29.52
2020-08-27,41.08,1.57,27.03,30.32
2020-08-28,41.48,1.6,26.82,30.1
2020-08-29,41.04,1.72,27.1,30.14
2020-08-30,41.06,1.73,27.09,30.12
2020-08-31,39.95,1.76,29.33,28.96
2020-09-01,40.84,1.85,28.7,28.61
2020-09-02,41.14,1.87,29.05,27.94
2020-09-03,40.77,1.86,30.04,27.33
2020-09-04,42.78,1.67,28.32,27.23
2020-09-05,43.02,1.59,28.83,26.56
2020-09-06,43.09,1.59,28.77,26.55
2020-09-07,42.83,1.62,29.04,26.51
2020-09-08,42.48,1.58,29.17,26.77
2020-09-09,42.85,1.68,28.74,26.73
2020-09-10,42.94,1.55,28.69,26.82
2020-09-11,42.02,1.45,29.51,27.02
2020-09-12,41.79,1.44,29.58,27.19
2020-09-13,41.92,1.46,29.41,27.21
2020-09-14,42.11,1.51,29.26,27.12
2020-09-15,42.19,1.52,29.27,27.02
2020-09-16,41.93,1.54,29.42,27.11
2020-09-17,41.99,1.48,29.45,27.08
2020-09-18,42.11,1.49,29.31,27.09
2020-09-19,42.2,1.45,29.23,27.12
2020-09-20,42.29,1.42,29.17,27.12
2020-09-21,42.39,1.45,29.22,26.94
2020-09-22,42.37,1.45,29.22,26.96
2020-09-23,42.51,1.4,29.37,26.72
2020-09-24,42.61,1.43,29.27,26.69
2020-09-25,42.68,1.37,29.3,26.65
2020-09-26,42.54,1.31,29.92,26.23
2020-09-27,42.35,1.37,30.1,26.18
2020-09-28,42.84,1.34,29.83,25.99
2020-09-29,43.2,1.43,29.61,25.76
2020-09-30,43.08,1.41,29.41,26.1
2020-10-01,42.23,1.42,29.67,26.68
2020-10-02,42.36,1.4,29.64,26.6
2020-10-03,42.18,1.35,29.15,27.32
2020-10-04,42.22,1.31,29.11,27.36
2020-10-05,42.26,1.35,28.94,27.45
2020-10-06,42.45,1.39,28.69,27.47
2020-10-07,42.17,1.33,29.03,27.47
2020-10-08,42.5,1.35,29.09,27.06
2020-10-09,42.82,1.32,28.98,26.88
2020-10-10,44.49,1.32,27.57,26.62
2020-10-11,44.51,1.25,27.5,26.74
2020-10-12,43.63,1.26,27.79,27.32
2020-10-13,44.05,1.18,27.27,27.5
2020-10-14,44.58,1.13,27.19,27.1
2020-10-15,44.01,1.11,27.72,27.16
2020-10-16,43.99,1.15,27.73,27.13
2020-10-17,43.99,1.18,27.58,27.25
2020-10-18,43.97,1.18,27.65,27.2
2020-10-19,44.77,1.01,27.31,26.91
2020-10-20,44.96,1.09,27.18,26.77
2020-10-21,46.55,1.03,25.91,26.51
2020-10-22,46.03,1.07,26.4,26.5
2020-10-23,45.73,0.96,26.19,27.12
2020-10-24,45.67,1.0,26.17,27.16
2020-10-25,45.56,0.99,26.32,27.13
2020-10-26,46.03,0.93,26.09,26.95
2020-10-27,46.31,0.97,25.79,26.93
2020-10-28,46.27,0.95,25.59,27.19
2020-10-29,46.42,0.95,25.72,26.91
2020-10-30,46.35,0.94,25.68,27.03
2020-10-31,45.92,1.03,26.29,26.76
2020-11-01,45.85,1.02,26.2,26.93
2020-11-02,46.06,1.04,25.91,26.99
2020-11-03,45.75,1.2,26.09,26.96
2020-11-04,45.41,1.18,26.5,26.91
2020-11-05,44.99,1.27,26.89,26.85
2020-11-06,45.06,1.2,26.75,26.99
2020-11-07,45.55,1.31,26.49,26.65
2020-11-08,45.48,1.26,26.54,26.72
2020-11-09,45.52,1.74,26.68,26.06
2020-11-10,45.54,1.77,26.62,26.07
2020-11-11,45.99,1.87,25.91,26.23
2020-11-12,45.29,2.07,26.42,26.22
2020-11-13,45.27,2.04,26.5,26.19
2020-11-14,45.22,2.04,26.42,26.32
2020-11-15,45.24,2.07,26.35,26.34
2020-11-16,45.23,2.05,26.34,26.38
2020-11-17,45.65,2.22,26.59,25.54
2020-11-18,46.51,2.07,26.73,24.69
2020-11-19,45.76,1.63,27.07,25.54
2020-11-20,45.77,1.65,26.98,25.6
2020-11-21,45.61,1.59,27.32,25.48
2020-11-22,45.54,1.57,27.48,25.41
2020-11-23,44.94,1.7,27.53,25.83
2020-11-24,46.19,1.31,26.78,25.72
2020-11-25,46.67,1.4,25.89,26.04
2020-11-26,45.74,1.19,25.94,27.13
2020-11-27,45.81,1.17,25.52,27.5
2020-11-28,45.84,1.22,25.52,27.42
2020-11-29,45.85,1.18,25.47,27.5
2020-11-30,45.85,1.21,25.54,27.4
2020-12-01,45.64,1.28,25.52,27.56
2020-12-02,45.64,1.39,25.63,27.34
2020-12-03,45.96,1.33,25.67,27.04
2020-12-04,46.19,1.32,25.45,27.04
2020-12-05,45.81,1.37,25.39,27.43
2020-12-06,46.0,1.37,25.36,27.27
2020-12-07,45.47,1.45,26.03,27.05
2020-12-08,46.0,1.55,25.97,26.48
2020-12-09,45.04,1.49,25.52,27.95
2020-12-10,45.0,1.49,25.9,27.61
2020-12-11,45.52,1.52,24.94,28.02
2020-12-12,45.59,1.48,24.75,28.18
2020-12-13,45.67,1.49,24.6,28.24
2020-12-14,45.43,1.53,25.41,27.63
2020-12-15,45.25,1.58,26.03,27.14
2020-12-16,44.66,1.43,26.72,27.19
2020-12-17,43.98,1.52,27.6,26.9
2020-12-18,43.15,1.77,27.51,27.57
2020-12-19,42.51,1.86,27.63,28.0
2020-12-20,42.58,1.87,27.66,27.89
2020-12-21,42.26,1.93,27.9,27.91
2020-12-22,42.82,2.13,26.62,28.43
2020-12-23,44.0,1.91,25.79,28.3
2020-12-24,45.17,1.86,25.01,27.96
2020-12-25,44.95,1.87,25.09,28.09
2020-12-26,45.07,1.86,25.0,28.07
2020-12-27,45.05,1.85,25.06,28.04
2020-12-28,44.99,1.85,25.15,28.01
2020-12-29,44.99,1.87,25.2,27.94
2020-12-30,45.21,1.93,24.72,28.14
2020-12-31,45.2,1.96,24.67,28.17
2021-01-01,44.75,1.96,24.98,28.31
2021-01-02,45.0,2.05,25.08,27.87
2021-01-03,44.79,2.05,25.21,27.95
2021-01-04,44.39,2.14,25.18,28.29
2021-01-05,44.0,2.03,25.63,28.34
2021-01-06,43.79,1.95,26.14,28.12
2021-01-07,44.71,1.8,25.59,27.9
2021-01-08,45.48,2.26,24.9,27.36
2021-01-09,45.21,2.04,24.25,28.5
2021-01-10,45.29,2.05,24.2,28.46
2021-01-11,45.93,2.02,24.5,27.55
2021-01-12,45.72,1.9,24.53,27.85
2021-01-13,45.52,1.81,24.54,28.13
2021-01-14,46.37,1.58,24.52,27.53
2021-01-15,46.55,1.51,25.19,26.75
2021-01-16,45.67,1.59,25.77,26.97
2021-01-17,45.64,1.57,25.85,26.94
2021-01-18,44.89,1.45,26.17,27.49
2021-01-19,45.4,1.48,25.7,27.42
2021-01-20,45.17,1.39,25.65,27.79
2021-01-21,44.97,1.44,26.15,27.44
2021-01-22,45.67,1.46,25.57,27.3
2021-01-23,46.16,1.34,25.89,26.61
2021-01-24,45.91,1.43,25.93,26.73
2021-01-25,46.26,1.33,25.28,27.13
2021-01-26,46.25,1.37,25.21,27.17
2021-01-27,46.47,1.4,25.36,26.77
2021-01-28,46.47,1.38,24.87,27.28
2021-01-29,46.17,1.41,25.04,27.38
2021-01-30,46.27,1.25,25.27,27.21
2021-01-31,46.33,1.24,25.39,27.04
2021-02-01,46.52,1.31,25.09,27.08
2021-02-02,46.54,1.23,24.76,27.47
2021-02-03,46.43,1.26,24.75,27.56
2021-02-04,46.85,1.22,24.6,27.33
2021-02-05,45.82,1.25,24.52,28.41
2021-02-06,45.95,1.3,24.49,28.26
2021-02-07,46.04,1.26,24.42,28.28
2021-02-08,46.35,1.39,25.19,27.07
2021-02-09,46.81,1.28,25.36,26.55
2021-02-10,47.62,1.23,24.49,26.66
2021-02-11,47.05,1.31,24.56,27.08
2021-02-12,46.66,1.32,25.04,26.98
2021-02-13,44.76,1.28,25.76,28.2
2021-02-14,44.81,1.31,25.77,28.11
2021-02-15,44.97,1.27,25.55,28.21
2021-02-16,44.54,1.34,25.72,28.4
2021-02-17,46.22,1.42,25.35,27.01
2021-02-18,46.38,1.32,25.78,26.52
2021-02-19,46.29,1.38,26.6,25.73
2021-02-20,46.66,1.34,26.29,25.71
2021-02-21,46.62,1.37,26.36,25.65
2021-02-22,46.54,1.32,26.13,26.01
2021-02-23,47.11,1.13,24.48,27.28
2021-02-24,48.09,1.02,23.69,27.2
2021-02-25,47.91,1.03,23.84,27.22
2021-02-26,47.65,1.03,24.21,27.11
2021-02-27,47.42,1.03,24.25,27.3
2021-02-28,47.59,1.01,24.19,27.21
2021-03-01,47.61,0.98,23.82,27.59
2021-03-02,47.59,1.03,24.08,27.3
2021-03-03,47.73,0.95,23.68,27.64
2021-03-04,46.71,0.98,24.2,28.11
2021-03-05,46.25,0.99,24.47,28.29
2021-03-06,47.46,1.1,23.36,28.08
2021-03-07,47.44,1.1,23.37,28.09
2021-03-08,47.65,1.18,23.35,27.82
2021-03-09,47.64,1.18,23.5,27.68
2021-03-10,47.49,1.16,23.35,28.0
2021-03-11,47.47,1.19,23.79,27.55
2021-03-12,47.18,1.14,24.29,27.39
2021-03-13,47.38,1.45,24.17,27.0
2021-03-14,47.62,1.46,24.13,26.79
2021-03-15,48.06,1.46,24.01,26.47
2021-03-16,46.94,1.44,24.2,27.42
2021-03-17,47.17,1.44,24.73,26.66
2021-03-18,46.84,1.36,24.85,26.95
2021-03-19,46.94,1.3,24.85,26.91
2021-03-20,46.22,1.18,25.89,26.71
2021-03-21,46.12,1.21,25.97,26.7
2021-03-22,46.34,1.2,25.86,26.6
2021-03-23,46.52,1.22,25.36,26.9
2021-03-24,47.83,1.26,24.58,26.33
2021-03-25,48.35,1.34,24.38,25.93
2021-03-26,48.81,1.13,23.48,26.58
2021-03-27,49.44,1.09,22.97,26.5
2021-03-28,49.35,1.05,23.11,26.49
2021-03-29,49.31,1.09,23.18,26.42
2021-03-30,48.76,1.12,23.13,26.99
2021-03-31,49.12,1.3,22.7,26.88
2021-04-01,48.52,1.32,22.79,27.37
2021-04-02,48.34,1.31,23.94,26.41
2021-04-03,48.09,1.64,23.74,26.53
2021-04-04,48.34,1.32,23.83,26.51
2021-04-05,47.89,1.75,24.03,26.33
2021-04-06,47.47,1.78,24.1,26.65
2021-04-07,48.28,1.3,24.12,26.3
2021-04-08,48.27,1.5,23.59,26.64
2021-04-09,48.71,1.45,22.73,27.11
2021-04-10,48.83,1.46,22.94,26.77
2021-04-11,48.8,1.46,22.97,26.77
2021-04-12,49.15,1.38,22.28,27.19
2021-04-13,49.55,1.32,22.1,27.03
2021-04-14,49.88,1.34,21.67,27.11
2021-04-15,50.13,1.37,22.05,26.45
2021-04-16,51.08,1.44,21.44,26.04
2021-04-17,51.13,1.5,21.63,25.74
2021-04-18,51.2,1.44,21.65,25.71
2021-04-19,50.87,1.35,21.82,25.96
2021-04-20,51.17,1.38,21.44,26.01
2021-04-21,51.53,1.19,21.2,26.08
2021-04-22,51.79,1.2,20.77,26.24
2021-04-23,51.35,1.03,20.16,27.46
2021-04-24,52.12,0.95,19.57,27.36
2021-04-25,52.15,0.93,19.76,27.16
2021-04-26,52.4,0.94,19.59,27.07
2021-04-27,51.92,0.97,19.39,27.72
2021-04-28,52.24,0.96,19.13,27.67
2021-04-29,52.32,1.08,18.84,27.76
2021-04-30,52.21,1.05,18.85,27.89
2021-05-01,52.46,1.12,18.66,27.76
2021-05-02,52.68,1.11,18.58,27.63
2021-05-03,53.04,1.23,18.41,27.32
2021-05-04,53.11,1.17,17.92,27.8
2021-05-05,53.45,1.18,17.76,27.61
2021-05-06,53.57,1.15,17.98,27.3
2021-05-07,53.24,1.07,17.78,27.91
2021-05-08,53.26,1.07,17.65,28.02
2021-05-09,53.2,1.07,17.84,27.89
2021-05-10,53.7,1.18,17.74,27.38
2021-05-11,53.85,1.1,17.73,27.32
2021-05-12,53.54,1.02,17.5,27.94
2021-05-13,54.09,1.06,17.4,27.45
2021-05-14,54.23,1.06,17.35,27.36
2021-05-15,53.71,1.09,17.51,27.69
2021-05-16,53.74,1.1,17.47,27.69
2021-05-17,53.75,1.12,17.56,27.57
2021-05-18,53.45,1.13,17.46,27.96
2021-05-19,54.07,0.97,17.18,27.78
2021-05-20,54.27,0.92,17.06,27.75
2021-05-21,54.11,0.89,17.12,27.88
2021-05-22,54.27,0.97,17.23,27.53
2021-05-23,54.25,1.01,17.22,27.52
2021-05-24,55.57,1.11,16.58,26.74
2021-05-25,55.05,1.02,16.32,27.61
2021-05-26,54.76,0.99,16.39,27.86
2021-05-27,54.45,0.95,16.17,28.43
2021-05-28,55.6,0.92,16.05,27.43
2021-05-29,55.95,0.92,16.2,26.93
2021-05-30,55.76,0.95,16.29,27.0
2021-05-31,55.96,0.89,16.23,26.92
2021-06-01,55.59,0.83,16.75,26.83
2021-06-02,54.82,0.89,17.61,26.68
2021-06-03,55.18,0.83,17.52,26.47
2021-06-04,54.47,1.27,17.31,26.95
2021-06-05,54.46,1.44,17.27,26.83
2021-06-06,54.47,1.4,17.25,26.88
2021-06-07,54.44,1.01,17.83,26.72
2021-06-08,54.94,1.04,16.72,27.3
2021-06-09,54.98,0.74,17.24,27.04
2021-06-10,55.1,0.72,17.37,26.81
2021-06-11,54.95,0.76,17.51,26.78
2021-06-12,54.86,0.71,17.69,26.74
2021-06-13,54.91,0.71,17.53,26.85
2021-06-14,54.97,0.75,17.43,26.85
2021-06-15,54.6,0.7,17.83,26.87
2021-06-16,54.11,0.75,18.61,26.53
2021-06-17,54.6,0.9,18.51,25.99
2021-06-18,55.26,0.86,18.33,25.55
2021-06-19,55.81,0.91,17.86,25.42
2021-06-20,55.72,0.95,17.95,25.38
2021-06-21,55.93,0.94,17.88,25.25
2021-06-22,56.05,0.82,17.73,25.4
2021-06-23,56.1,0.67,17.8,25.43
2021-06-24,56.63,0.7,17.74,24.93
2021-06-25,56.6,0.82,17.37,25.21
2021-06-26,56.39,0.7,17.16,25.75
2021-06-27,56.47,0.7,17.08,25.75
2021-06-28,56.03,0.82,17.05,26.1
2021-06-29,55.35,0.7,17.28,26.67
2021-06-30,55.38,0.69,17.83,26.1
2021-07-01,55.15,0.86,17.72,26.27
2021-07-02,54.38,0.96,17.68,26.98
2021-07-03,54.64,0.99,17.43,26.94
2021-07-04,54.55,0.97,17.46,27.02
2021-07-05,54.22,1.05,18.19,26.54
2021-07-06,54.43,1.06,18.02,26.49
2021-07-07,55.24,1.08,17.93,25.75
2021-07-08,55.21,1.07,17.96,25.76
2021-07-09,55.37,1.0,18.3,25.33
2021-07-10,55.41,1.08,18.42,25.09
2021-07-11,55.56,1.09,18.33,25.02
2021-07-12,55.53,1.14,18.48,24.85
2021-07-13,54.49,1.23,19.16,25.12
2021-07-14,54.52,1.24,18.83,25.41
2021-07-15,53.73,1.39,19.17,25.71
2021-07-16,53.34,1.38,19.66,25.62
2021-07-17,53.27,1.56,19.85,25.32
2021-07-18,53.14,1.54,19.83,25.49
2021-07-19,53.5,1.53,19.81,25.16
2021-07-20,53.56,1.54,19.75,25.15
2021-07-21,53.58,1.55,19.74,25.13
2021-07-22,53.12,1.62,20.09,25.17
2021-07-23,53.41,1.59,19.79,25.21
2021-07-24,53.53,1.67,19.51,25.29
2021-07-25,53.49,1.65,19.6,25.26
2021-07-26,53.6,1.62,20.0,24.78
2021-07-27,53.62,1.63,20.35,24.4
2021-07-28,54.1,1.53,20.25,24.12
2021-07-29,54.25,1.46,20.45,23.84
2021-07-30,54.1,1.55,20.66,23.69
2021-07-31,53.87,1.61,20.73,23.79
2021-08-01,53.99,1.63,20.69,23.69
2021-08-02,53.69,1.61,20.69,24.01
2021-08-03,53.79,1.68,20.3,24.23
2021-08-04,53.82,1.78,19.9,24.5
2021-08-05,53.31,1.76,19.95,24.98
2021-08-06,53.51,1.7,20.08,24.71
2021-08-07,53.22,1.68,20.09,25.01
2021-08-08,53.24,1.78,20.0,24.98
2021-08-09,53.23,1.7,19.91,25.16
2021-08-10,53.12,1.76,20.01,25.11
2021-08-11,53.1,1.73,19.88,25.29
2021-08-12,54.08,1.74,19.87,24.31
2021-08-13,54.11,1.71,19.7,24.48
2021-08-14,54.19,1.68,19.79,24.34
2021-08-15,54.32,1.74,19.69,24.25
2021-08-16,54.73,1.67,19.56,24.04
2021-08-17,54.81,1.7,19.51,23.98
2021-08-18,54.92,1.68,18.96,24.44
2021-08-19,55.23,1.6,19.03,24.14
2021-08-20,54.84,1.62,19.13,24.41
2021-08-21,54.97,1.56,18.99,24.48
2021-08-22,55.05,1.57,18.89,24.49
2021-08-23,54.96,1.56,18.87,24.61
2021-08-24,55.06,1.57,18.59,24.78
2021-08-25,55.36,1.53,18.44,24.67
2021-08-26,55.36,1.54,18.24,24.86
2021-08-27,55.23,1.5,18.22,25.05
2021-08-28,55.17,1.56,18.03,25.24
2021-08-29,55.19,1.53,18.07,25.21
2021-08-30,55.07,1.57,18.13,25.23
2021-08-31,55.2,1.56,18.06,25.18
2021-09-01,54.08,1.44,19.05,25.43
2021-09-02,53.38,1.4,19.32,25.9
2021-09-03,52.26,1.29,20.42,26.03
2021-09-04,49.72,1.22,21.98,27.08
2021-09-05,49.69,1.23,21.93,27.15
2021-09-06,48.52,1.28,22.88,27.32
2021-09-07,48.11,1.15,23.12,27.62
2021-09-08,47.34,1.27,23.71,27.68
2021-09-09,47.0,1.11,24.4,27.49
2021-09-10,46.87,1.11,24.53,27.49
2021-09-11,46.93,1.19,24.74,27.14
2021-09-12,46.94,1.12,24.77,27.17
2021-09-13,47.76,1.18,24.7,26.36
2021-09-14,48.77,1.42,24.27,25.54
2021-09-15,49.19,1.41,24.29,25.11
2021-09-16,48.93,1.29,24.36,25.42
2021-09-17,48.56,1.38,24.77,25.29
2021-09-18,48.89,1.48,24.42,25.21
2021-09-19,49.04,1.47,24.39,25.1
2021-09-20,48.85,1.62,24.73,24.8
2021-09-21,48.52,1.62,25.4,24.46
2021-09-22,48.08,1.59,25.39,24.94
2021-09-23,48.0,1.59,25.5,24.91
2021-09-24,48.3,1.51,25.46,24.73
2021-09-25,48.45,1.6,25.09,24.86
2021-09-26,48.49,1.62,25.1,24.79
2021-09-27,49.05,1.6,24.6,24.75
2021-09-28,49.47,1.62,24.27,24.64
2021-09-29,49.5,1.57,24.24,24.69
2021-09-30,49.56,1.65,24.02,24.77
2021-10-01,49.63,1.71,23.52,25.14
2021-10-02,49.7,1.7,23.57,25.03
2021-10-03,49.54,1.72,23.59,25.15
2021-10-04,50.06,1.58,22.93,25.43
2021-10-05,50.07,1.58,22.85,25.5
2021-10-06,50.45,1.58,22.58,25.39
2021-10-07,50.6,1.52,22.6,25.28
2021-10-08,50.57,1.55,22.68,25.2
2021-10-09,50.75,1.54,22.51,25.2
2021-10-10,50.8,1.55,22.47,25.18
2021-10-11,50.37,1.59,22.4,25.64
2021-10-12,50.16,1.53,22.33,25.98
2021-10-13,50.27,1.5,22.3,25.93
2021-10-14,50.4,1.51,22.08,26.01
2021-10-15,50.38,1.52,21.99,26.11
2021-10-16,50.36,1.54,22.12,25.98
2021-10-17,50.55,1.54,21.99,25.92
2021-10-18,50.33,1.49,22.31,25.87
2021-10-19,50.62,1.62,22.13,25.63
2021-10-20,50.33,1.56,22.33,25.78
2021-10-21,50.4,1.63,22.02,25.95
2021-10-22,50.46,1.76,21.89,25.89
2021-10-23,50.61,1.76,22.0,25.63
2021-10-24,50.52,1.75,21.92,25.81
2021-10-25,51.17,1.76,21.52,25.55
2021-10-26,51.03,1.76,21.79,25.42
2021-10-27,51.1,1.76,21.92,25.22
2021-10-28,51.13,1.88,21.71,25.28
2021-10-29,51.09,1.84,21.66,25.41
2021-10-30,51.13,1.81,21.31,25.75
2021-10-31,51.14,1.84,21.46,25.56
2021-11-01,51.2,1.82,21.27,25.71
2021-11-02,51.55,1.84,21.38,25.23
2021-11-03,51.58,1.87,21.38,25.17
2021-11-04,51.54,1.91,21.38,25.17
2021-11-05,51.57,1.84,21.52,25.07
2021-11-06,51.41,1.89,21.54,25.16
2021-11-07,51.62,1.89,21.46,25.03
2021-11-08,51.27,1.87,21.64,25.22
2021-11-09,51.26,1.84,21.69,25.21
2021-11-10,51.21,1.79,21.71,25.29
2021-11-11,51.04,1.71,21.84,25.41
2021-11-12,50.67,1.69,22.35,25.29
2021-11-13,50.74,1.57,22.5,25.19
2021-11-14,50.42,1.56,22.68,25.34
2021-11-15,50.37,1.57,22.46,25.6
2021-11-16,50.21,1.37,22.53,25.89
2021-11-17,50.04,1.2,22.58,26.18
2021-11-18,49.96,1.1,22.82,26.12
2021-11-19,49.68,1.04,22.67,26.61
2021-11-20,49.23,0.85,22.99,26.93
2021-11-21,49.37,0.9,22.94,26.79
2021-11-22,49.55,0.82,22.7,26.93
2021-11-23,49.81,0.85,22.62,26.72
2021-11-24,50.13,0.72,22.33,26.82
2021-11-25,50.56,0.72,22.14,26.58
2021-11-26,50.63,0.73,22.07,26.57
2021-11-27,51.17,0.74,21.75,26.34
2021-11-28,51.11,0.71,21.85,26.33
2021-11-29,50.71,0.69,21.92,26.68
2021-11-30,50.64,0.69,21.89,26.78
2021-12-01,50.67,0.73,21.81,26.79
2021-12-02,51.11,0.66,21.27,26.96
2021-12-03,51.17,0.66,21.15,27.02
2021-12-04,50.94,0.7,21.23,27.13
2021-12-05,50.95,0.66,21.27,27.12
2021-12-06,51.09,0.78,21.27,26.86
2021-12-07,50.42,0.75,21.17,27.66
2021-12-08,49.48,0.74,21.46,28.32
2021-12-09,49.66,0.81,21.66,27.87
2021-12-10,49.79,0.84,21.57,27.8
2021-12-11,49.6,0.88,21.58,27.94
2021-12-12,49.46,0.97,21.6,27.97
2021-12-13,49.33,0.87,21.82,27.98
2021-12-14,49.52,0.84,21.62,28.02
2021-12-15,49.7,0.89,21.3,28.11
2021-12-16,49.38,0.88,21.44,28.3
2021-12-17,49.57,0.92,21.66,27.85
2021-12-18,49.36,0.88,21.75,28.01
2021-12-19,49.2,0.9,21.62,28.28
2021-12-20,49.18,0.94,21.87,28.01
2021-12-21,49.02,0.92,22.07,27.99
2021-12-22,48.9,0.92,21.93,28.25
2021-12-23,48.88,0.92,21.98,28.22
2021-12-24,49.05,0.88,21.79,28.28
2021-12-25,48.95,0.91,21.82,28.32
2021-12-26,48.94,0.93,21.77,28.36
2021-12-27,49.0,0.93,21.84,28.23
2021-12-28,49.05,0.89,21.85,28.21
2021-12-29,49.28,0.93,21.7,28.09
2021-12-30,49.22,0.88,21.67,28.23
2021-12-31,49.93,0.98,21.29,27.8
2022-01-01,50.02,1.01,21.37,27.6
2022-01-02,49.97,0.99,21.3,27.74
2022-01-03,49.26,0.99,21.74,28.01
2022-01-04,49.12,0.99,22.02,27.87
2022-01-05,48.65,1.15,22.56,27.64
2022-01-06,48.28,1.15,22.7,27.87
2022-01-07,48.97,1.19,22.48,27.36
2022-01-08,49.06,1.27,22.56,27.11
2022-01-09,49.07,1.25,22.46,27.22
2022-01-10,48.73,1.19,22.79,27.29
2022-01-11,48.58,1.16,22.69,27.57
2022-01-12,48.47,1.27,22.71,27.55
2022-01-13,48.64,1.32,22.72,27.32
2022-01-14,48.62,1.33,22.85,27.2
2022-01-15,48.06,1.39,23.33,27.22
2022-01-16,48.0,1.32,23.26,27.42
2022-01-17,47.83,1.4,23.41,27.36
2022-01-18,47.46,1.39,23.68,27.47
2022-01-19,46.08,1.44,24.34,28.14
2022-01-20,45.94,1.41,24.57,28.08
2022-01-21,46.05,1.39,24.55,28.01
2022-01-22,45.98,1.32,24.32,28.38
2022-01-23,45.99,1.39,24.31,28.31
2022-01-24,45.97,1.39,24.17,28.47
2022-01-25,46.43,1.33,23.86,28.38
2022-01-26,46.62,1.31,23.81,28.26
2022-01-27,47.02,1.38,23.74,27.86
2022-01-28,46.66,1.24,24.09,28.01
2022-01-29,46.72,1.3,24.27,27.71
2022-01-30,46.72,1.3,24.25,27.73
2022-01-31,45.0,1.52,25.1,28.38
2022-02-01,45.3,1.68,25.42,27.6
2022-02-02,44.3,1.69,25.68,28.33
2022-02-03,44.01,1.61,26.01,28.37
2022-02-04,43.73,1.85,26.58,27.84
2022-02-05,43.28,1.93,27.24,27.55
2022-02-06,43.59,1.94,27.16,27.31
2022-02-07,43.72,1.83,26.76,27.69
2022-02-08,43.95,1.86,26.37,27.82
2022-02-09,44.99,1.88,25.75,27.38
2022-02-10,45.67,1.69,25.05,27.59
2022-02-11,46.48,1.44,24.76,27.32
2022-02-12,45.78,1.57,25.47,27.18
2022-02-13,45.96,1.54,25.49,27.01
2022-02-14,46.52,1.46,25.93,26.09
2022-02-15,46.1,1.43,26.64,25.83
2022-02-16,46.1,1.33,26.27,26.3
2022-02-17,46.16,1.2,25.39,27.25
2022-02-18,45.68,1.2,26.53,26.59
2022-02-19,44.92,1.12,27.22,26.74
2022-02-20,45.08,1.01,27.1,26.81
2022-02-21,45.25,1.02,27.32,26.41
2022-02-22,44.93,0.8,28.0,26.27
2022-02-23,44.86,0.9,28.18,26.06
2022-02-24,44.53,0.97,28.18,26.32
2022-02-25,43.9,0.99,28.63,26.48
2022-02-26,44.31,0.86,28.3,26.53
2022-02-27,44.34,0.9,28.3,26.46
2022-02-28,44.18,0.76,28.4,26.66
2022-03-01,44.24,0.76,28.35,26.65
2022-03-02,43.27,0.68,28.88,27.17
2022-03-03,44.4,0.64,27.56,27.4
2022-03-04,44.62,0.63,27.33,27.42
2022-03-05,44.99,0.57,27.47,26.97
2022-03-06,45.03,0.6,27.48,26.89
2022-03-07,45.05,0.61,27.03,27.31
2022-03-08,44.33,0.55,27.49,27.63
2022-03-09,41.18,0.66,28.88,29.28
2022-03-10,40.65,0.64,29.58,29.13
2022-03-11,40.03,0.71,29.45,29.81
2022-03-12,39.96,0.7,29.52,29.82
2022-03-13,39.95,0.67,29.58,29.8
2022-03-14,40.0,0.69,29.53,29.78
2022-03-15,40.92,0.77,28.93,29.38
2022-03-16,41.26,0.88,29.1,28.76
2022-03-17,41.37,1.99,27.62,29.02
2022-03-18,41.35,1.98,27.51,29.16
2022-03-19,41.49,2.01,27.51,28.99
2022-03-20,41.26,1.96,27.66,29.12
2022-03-21,40.32,0.86,28.76,30.06
2022-03-22,40.17,0.88,30.15,28.8
2022-03-23,39.88,0.74,30.33,29.05
2022-03-24,39.11,0.82,29.7,30.37
2022-03-25,38.59,0.81,29.78,30.82
2022-03-26,38.59,0.83,30.15,30.43
2022-03-27,38.72,0.84,30.03,30.41
2022-03-28,38.8,0.82,30.12,30.26
2022-03-29,39.01,0.84,29.94,30.21
2022-03-30,40.08,0.88,30.18,28.86
2022-03-31,39.87,0.78,28.58,30.77
2022-04-01,40.49,0.69,28.55,30.27
2022-04-02,41.79,0.82,27.71,29.68
2022-04-03,41.82,0.86,27.69,29.63
2022-04-04,41.44,1.04,27.55,29.97
2022-04-05,42.35,1.04,27.43,29.18
2022-04-06,42.23,1.19,27.43,29.15
2022-04-07,42.05,0.86,28.2,28.89
2022-04-08,40.59,0.66,28.77,29.98
2022-04-09,40.6,0.66,28.2,30.54
2022-04-10,40.58,0.64,28.2,30.58
2022-04-11,39.42,0.66,29.39,30.53
2022-04-12,39.23,0.72,29.58,30.47
2022-04-13,39.32,0.84,29.85,29.99
2022-04-14,38.96,0.8,30.44,29.8
2022-04-15,39.69,0.87,30.29,29.15
2022-04-16,39.38,0.84,30.46,29.32
2022-04-17,39.31,0.9,30.41,29.38
2022-04-18,39.26,0.88,30.2,29.66
2022-04-19,39.37,0.98,30.06,29.59
2022-04-20,40.31,0.92,28.71,30.06
2022-04-21,41.27,0.87,28.48,29.38
2022-04-22,40.83,0.78,28.51,29.88
2022-04-23,40.98,0.73,28.96,29.33
2022-04-24,41.03,0.76,29.01,29.2
2022-04-25,39.44,0.74,29.76,30.06
2022-04-26,39.31,0.6,29.76,30.33
2022-04-27,39.33,0.59,29.64,30.44
2022-04-28,38.59,0.58,29.76,31.07
2022-04-29,38.38,0.55,30.13,30.94
2022-04-30,38.15,0.58,30.21,31.06
2022-05-01,38.2,0.59,30.25,30.96
2022-05-02,38.05,0.49,30.42,31.04
2022-05-03,38.12,0.49,30.39,31.0
2022-05-04,38.33,0.54,29.92,31.21
2022-05-05,37.98,0.5,30.47,31.05
2022-05-06,38.11,0.56,30.39,30.94
2022-05-07,37.69,0.7,30.65,30.96
2022-05-08,37.78,0.7,30.57,30.95
2022-05-09,38.11,0.77,30.79,30.33
2022-05-10,36.53,0.62,31.63,31.22
2022-05-11,37.94,0.67,29.51,31.88
2022-05-12,37.99,0.61,28.73,32.67
2022-05-13,38.01,0.57,29.33,32.09
2022-05-14,38.41,0.55,28.49,32.55
2022-05-15,38.3,0.61,28.41,32.68
2022-05-16,39.17,0.5,29.07,31.26
2022-05-17,39.31,0.5,28.83,31.36
2022-05-18,38.73,0.48,28.49,32.3
2022-05-19,39.03,0.64,28.77,31.56
2022-05-20,39.9,0.66,28.92,30.52
2022-05-21,39.65,0.59,29.55,30.21
2022-05-22,39.65,0.61,29.5,30.24
2022-05-23,38.67,0.51,29.83,30.99
2022-05-24,37.83,0.45,29.3,32.42
2022-05-25,37.31,0.62,29.8,32.27
2022-05-26,36.47,0.89,30.5,32.14
2022-05-27,36.97,0.79,30.07,32.17
2022-05-28,37.87,0.95,29.4,31.78
2022-05-29,37.71,0.91,29.5,31.88
2022-05-30,37.38,0.96,29.71,31.95
2022-05-31,35.43,0.82,31.27,32.48
2022-06-01,35.12,0.95,31.33,32.6
2022-06-02,35.63,0.98,31.07,32.32
2022-06-03,36.27,0.81,30.0,32.92
2022-06-04,36.29,0.85,30.35,32.51
2022-06-05,36.36,0.81,30.34,32.49
2022-06-06,37.38,0.78,30.0,31.84
2022-06-07,37.93,0.95,29.69,31.43
2022-06-08,36.47,0.98,30.37,32.18
2022-06-09,36.24,0.93,30.91,31.92
2022-06-10,36.23,0.8,31.46,31.51
2022-06-11,36.27,0.81,31.72,31.2
2022-06-12,36.33,0.86,31.98,30.83
2022-06-13,36.18,0.79,32.1,30.93
2022-06-14,36.16,0.93,31.85,31.06
2022-06-15,36.25,0.93,31.78,31.04
2022-06-16,36.02,0.9,31.79,31.29
2022-06-17,35.88,0.91,31.88,31.33
2022-06-18,35.65,1.0,31.9,31.45
2022-06-19,36.07,0.99,31.37,31.57
2022-06-20,36.23,0.98,31.71,31.08
2022-06-21,36.4,1.03,31.66,30.91
2022-06-22,36.95,1.12,31.45,30.48
2022-06-23,36.75,1.02,31.71,30.52
2022-06-24,35.84,1.04,30.55,32.57
2022-06-25,35.23,0.96,30.89,32.92
2022-06-26,35.39,0.91,30.77,32.93
2022-06-27,35.22,0.91,30.94,32.93
2022-06-28,34.76,0.88,30.93,33.43
2022-06-29,33.64,0.86,31.73,33.77
2022-06-30,33.96,0.83,32.45,32.76
2022-07-01,33.74,0.77,32.53,32.96
2022-07-02,34.64,0.57,32.24,32.55
2022-07-03,34.35,0.58,32.45,32.62
2022-07-04,35.82,0.51,31.41,32.26
2022-07-05,36.24,0.46,31.36,31.94
2022-07-06,37.0,0.55,31.13,31.32
2022-07-07,37.43,0.58,30.75,31.24
2022-07-08,37.19,0.68,30.3,31.83
2022-07-09,36.71,0.53,30.28,32.48
2022-07-10,36.72,0.59,30.24,32.45
2022-07-11,36.12,0.65,30.72,32.51
2022-07-12,35.27,0.65,30.77,33.31
2022-07-13,34.78,0.59,31.15,33.48
2022-07-14,35.16,0.64,30.15,34.05
2022-07-15,34.55,0.6,31.11,33.74
2022-07-16,34.46,0.61,31.05,33.88
2022-07-17,34.55,0.58,31.13,33.74
2022-07-18,34.89,0.63,31.41,33.07
2022-07-19,35.1,0.8,31.16,32.94
2022-07-20,36.14,0.73,30.59,32.54
2022-07-21,35.95,0.89,29.81,33.35
2022-07-22,37.52,1.02,29.16,32.3
2022-07-23,35.95,0.99,29.17,33.89
2022-07-24,36.35,1.05,28.87,33.73
2022-07-25,34.77,1.01,31.07,33.15
2022-07-26,34.75,0.98,31.39,32.88
2022-07-27,35.56,0.78,30.22,33.44
2022-07-28,34.92,0.61,30.31,34.16
2022-07-29,34.57,0.62,30.04,34.77
2022-07-30,36.42,0.54,29.25,33.79
2022-07-31,36.42,0.53,29.28,33.77
2022-08-01,36.83,0.37,29.61,33.19
2022-08-02,36.91,0.5,30.24,32.35
2022-08-03,37.04,0.43,29.8,32.73
2022-08-04,36.66,0.46,30.49,32.39
2022-08-05,37.06,0.57,30.66,31.71
2022-08-06,34.72,0.48,32.1,32.7
2022-08-07,34.79,0.41,32.03,32.77
2022-08-08,36.04,0.59,30.98,32.39
2022-08-09,35.9,0.6,30.99,32.51
2022-08-10,36.55,0.61,30.04,32.8
2022-08-11,36.59,0.56,29.98,32.87
2022-08-12,36.62,0.73,29.81,32.84
2022-08-13,36.47,0.71,29.83,32.99
2022-08-14,36.68,0.73,29.73,32.86
2022-08-15,36.63,0.77,29.78,32.82
2022-08-16,36.15,0.71,30.34,32.8
2022-08-17,36.83,0.57,30.46,32.14
2022-08-18,35.72,0.78,29.81,33.69
2022-08-19,35.66,0.66,29.97,33.71
2022-08-20,35.06,0.58,31.2,33.16
2022-08-21,35.26,0.58,31.01,33.15
2022-08-22,35.1,0.45,31.8,32.65
2022-08-23,34.97,0.5,31.23,33.3
2022-08-24,35.83,0.73,30.29,33.15
2022-08-25,34.78,0.7,31.28,33.24
2022-08-26,34.77,0.54,31.03,33.66
2022-08-27,38.21,0.46,30.57,30.76
2022-08-28,38.11,0.47,30.58,30.84
2022-08-29,38.44,0.61,30.53,30.42
2022-08-30,36.27,0.66,30.18,32.89
2022-08-31,35.72,0.7,30.99,32.59
2022-09-01,35.16,0.67,30.62,33.55
2022-09-02,33.94,0.7,31.39,33.97
2022-09-03,36.31,0.53,29.76,33.4
2022-09-04,36.44,0.55,29.59,33.42
2022-09-05,35.98,0.48,30.12,33.42
2022-09-06,36.63,0.53,29.75,33.09
2022-09-07,36.27,0.55,30.52,32.66
2022-09-08,36.73,0.54,29.86,32.87
2022-09-09,37.6,0.61,30.55,31.24
2022-09-10,37.79,0.53,30.0,31.68
2022-09-11,37.79,0.48,30.02,31.71
2022-09-12,37.34,0.54,29.89,32.23
2022-09-13,36.02,0.68,29.83,33.47
2022-09-14,35.44,0.7,30.34,33.52
2022-09-15,36.49,0.75,30.04,32.72
2022-09-16,35.59,0.61,29.9,33.9
2022-09-17,35.67,0.67,29.39,34.27
2022-09-18,35.52,0.7,29.45,34.33
2022-09-19,35.78,0.62,30.25,33.35
2022-09-20,35.27,0.52,30.91,33.3
2022-09-21,34.86,0.53,30.67,33.94
2022-09-22,33.81,0.47,30.76,34.96
2022-09-23,34.87,0.57,30.71,33.85
2022-09-24,35.61,0.55,29.42,34.42
2022-09-25,35.56,0.56,29.46,34.42
2022-09-26,36.33,0.57,29.34,33.76
2022-09-27,37.09,0.48,28.56,33.87
2022-09-28,35.69,0.52,28.71,35.08
2022-09-29,36.19,0.68,28.6,34.53
2022-09-30,37.71,0.5,29.01,32.78
2022-10-01,37.82,0.72,30.01,31.45
2022-10-02,37.77,0.71,30.05,31.47
2022-10-03,36.09,0.53,31.17,32.21
2022-10-04,36.12,0.51,31.45,31.92
2022-10-05,36.19,0.52,31.41,31.88
2022-10-06,33.13,0.55,32.79,33.53
2022-10-07,32.47,0.56,32.17,34.8
2022-10-08,33.32,0.58,31.71,34.39
2022-10-09,33.43,0.6,31.74,34.23
2022-10-10,33.66,0.3,31.19,34.85
2022-10-11,34.11,0.3,30.97,34.62
2022-10-12,34.15,0.42,31.48,33.95
2022-10-13,34.36,0.5,30.26,34.88
2022-10-14,34.82,0.53,30.47,34.18
2022-10-15,33.85,0.5,31.03,34.62
2022-10-16,33.78,0.48,31.08,34.66
2022-10-17,33.36,0.54,31.21,34.89
2022-10-18,35.01,0.66,31.32,33.01
2022-10-19,34.86,0.6,31.04,33.5
2022-10-20,34.84,0.55,30.9,33.71
2022-10-21,34.83,0.62,30.94,33.61
2022-10-22,35.14,0.45,31.02,33.39
2022-10-23,35.11,0.51,31.01,33.37
2022-10-24,35.28,0.45,31.05,33.22
2022-10-25,35.32,0.49,31.03,33.16
2022-10-26,35.09,0.55,32.45,31.91
2022-10-27,35.17,0.55,32.3,31.98
2022-10-28,35.61,0.55,32.47,31.37
2022-10-29,34.82,0.46,32.1,32.62
2022-10-30,34.59,0.49,32.09,32.83
2022-10-31,34.62,0.51,32.44,32.43
2022-11-01,34.63,0.48,32.0,32.89
2022-11-02,35.42,0.45,32.03,32.1
2022-11-03,35.06,0.3,32.56,32.08
2022-11-04,34.7,0.39,32.69,32.22
2022-11-05,34.31,0.44,33.09,32.16
2022-11-06,34.34,0.47,32.99,32.2
2022-11-07,33.63,0.42,33.53,32.42
2022-11-08,33.29,0.32,33.6,32.79
2022-11-09,32.53,0.33,34.18,32.96
2022-11-10,32.9,0.37,33.44,33.29
2022-11-11,33.11,0.28,33.71,32.9
2022-11-12,33.12,0.37,33.73,32.78
2022-11-13,33.17,0.37,33.75,32.71
2022-11-14,33.02,0.41,34.38,32.19
2022-11-15,33.08,0.38,34.41,32.13
2022-11-16,33.0,0.33,34.74,31.93
2022-11-17,33.13,0.34,35.21,31.32
2022-11-18,33.14,0.34,35.04,31.48
2022-11-19,32.44,0.28,35.65,31.63
2022-11-20,32.49,0.26,35.66,31.59
2022-11-21,32.15,0.23,36.03,31.59
2022-11-22,32.01,0.24,35.39,32.36
2022-11-23,32.29,0.26,34.73,32.72
2022-11-24,32.04,0.23,35.03,32.7
2022-11-25,31.82,0.25,35.06,32.87
2022-11-26,31.5,0.24,35.29,32.97
2022-11-27,31.83,0.28,35.09,32.8
2022-11-28,31.25,0.28,35.23,33.24
2022-11-29,30.92,0.36,34.87,33.85
2022-11-30,30.46,0.45,34.69,34.4
2022-12-01,31.27,0.27,34.06,34.4
2022-12-02,30.77,0.35,33.99,34.89
2022-12-03,30.57,0.36,34.33,34.74
2022-12-04,30.96,0.26,34.13,34.65
2022-12-05,31.07,0.35,34.01,34.57
2022-12-06,31.76,0.34,33.58,34.32
2022-12-07,32.1,0.37,34.04,33.49
2022-12-08,31.92,0.27,34.36,33.45
2022-12-09,31.39,0.34,33.99,34.28
2022-12-10,31.37,0.4,34.62,33.61
2022-12-11,31.44,0.43,34.57,33.56
2022-12-12,31.38,0.4,34.49,33.73
2022-12-13,31.72,0.36,34.1,33.82
2022-12-14,31.37,0.44,34.58,33.61
2022-12-15,31.67,0.38,34.8,33.15
2022-12-16,31.33,0.31,35.09,33.27
2022-12-17,30.9,0.31,35.12,33.67
2022-12-18,30.78,0.32,35.2,33.7
2022-12-19,30.55,0.3,35.33,33.82
2022-12-20,31.3,0.35,35.43,32.92
2022-12-21,31.04,0.38,35.42,33.16
2022-12-22,31.26,0.55,35.69,32.5
2022-12-23,31.65,0.66,35.17,32.52
2022-12-24,31.51,0.67,34.91,32.91
2022-12-25,31.57,0.69,35.01,32.73
2022-12-26,31.87,0.72,34.5,32.91
2022-12-27,32.6,0.7,33.94,32.76
2022-12-28,32.16,0.7,34.31,32.83
2022-12-29,31.93,0.64,34.03,33.4
2022-12-30,31.92,0.64,33.54,33.9
2022-12-31,31.95,0.63,33.82,33.6
2023-01-01,31.86,0.73,33.85,33.56
2023-01-02,31.77,0.82,33.74,33.67
2023-01-03,32.43,0.71,33.54,33.32
2023-01-04,33.38,0.72,33.37,32.53
2023-01-05,33.1,0.71,33.76,32.43
2023-01-06,33.31,0.67,34.5,31.52
2023-01-07,33.43,0.73,34.44,31.4
2023-01-08,33.78,0.72,34.14,31.36
2023-01-09,33.88,0.71,34.04,31.37
2023-01-10,33.23,0.76,34.27,31.74
2023-01-11,33.41,0.67,34.31,31.61
2023-01-12,33.33,0.54,33.94,32.19
2023-01-13,33.3,0.55,34.71,31.44
2023-01-14,33.59,0.65,34.71,31.05
2023-01-15,33.66,0.61,34.53,31.2
2023-01-16,32.81,0.55,34.96,31.68
2023-01-17,33.59,0.64,34.83,30.94
2023-01-18,33.07,0.7,34.15,32.08
2023-01-19,32.0,0.7,33.79,33.51
2023-01-20,31.8,0.68,33.57,33.95
2023-01-21,31.83,0.69,32.96,34.52
2023-01-22,31.82,0.7,32.9,34.58
2023-01-23,32.4,0.54,33.7,33.36
2023-01-24,32.47,0.48,33.94,33.11
2023-01-25,32.87,0.5,33.76,32.87
2023-01-26,32.84,0.49,33.69,32.98
2023-01-27,32.42,0.53,33.94,33.11
2023-01-28,31.91,0.47,34.84,32.78
2023-01-29,32.23,0.6,34.59,32.58
2023-01-30,31.8,0.56,34.86,32.78
2023-01-31,32.33,0.62,34.46,32.59
2023-02-01,31.72,0.54,35.02,32.72
2023-02-02,32.27,0.57,34.62,32.54
2023-02-03,31.94,0.53,34.54,32.99
2023-02-04,32.41,0.47,35.07,32.05
2023-02-05,32.46,0.44,35.07,32.03
2023-02-06,31.97,0.46,35.16,32.41
2023-02-07,32.0,0.49,34.86,32.65
2023-02-08,31.86,0.48,35.18,32.48
2023-02-09,31.88,0.47,35.02,32.63
2023-02-10,31.76,0.48,34.73,33.03
2023-02-11,31.92,0.46,34.64,32.98
2023-02-12,31.98,0.55,34.9,32.57
2023-02-13,32.02,0.51,34.8,32.67
2023-02-14,32.03,0.46,34.7,32.81
2023-02-15,31.71,0.51,34.66,33.12
2023-02-16,31.62,0.47,34.72,33.19
2023-02-17,31.33,0.49,34.85,33.33
2023-02-18,31.47,0.53,35.11,32.89
2023-02-19,31.65,0.51,34.79,33.05
2023-02-20,31.62,0.52,35.04,32.82
2023-02-21,31.61,0.46,35.01,32.92
2023-02-22,31.56,0.48,34.89,33.07
2023-02-23,31.85,0.53,35.15,32.47
2023-02-24,31.14,0.55,35.23,33.08
2023-02-25,30.47,0.51,35.44,33.58
2023-02-26,30.43,0.54,35.88,33.15
2023-02-27,30.65,0.47,35.68,33.2
2023-02-28,30.79,0.57,35.62,33.02
2023-03-01,30.97,0.58,35.46,32.99
2023-03-02,31.35,0.58,35.16,32.91
2023-03-03,31.49,0.49,35.89,32.13
2023-03-04,30.88,0.56,36.64,31.92
2023-03-05,30.66,0.6,36.57,32.17
2023-03-06,29.66,0.55,36.71,33.08
2023-03-07,29.88,0.52,36.56,33.04
2023-03-08,30.16,0.49,36.04,33.31
2023-03-09,29.8,0.46,36.85,32.89
2023-03-10,30.08,0.48,37.39,32.05
2023-03-11,29.14,0.43,37.03,33.4
2023-03-12,28.77,0.51,36.87,33.85
2023-03-13,29.16,0.33,36.86,33.65
2023-03-14,30.61,0.33,36.29,32.77
2023-03-15,31.1,0.31,35.67,32.92
2023-03-16,32.26,0.29,35.77,31.68
2023-03-17,32.7,0.25,35.77,31.28
2023-03-18,32.51,0.29,35.09,32.11
2023-03-19,32.36,0.32,35.13,32.19
2023-03-20,32.44,0.25,34.59,32.72
2023-03-21,31.29,0.25,35.34,33.12
2023-03-22,30.87,0.25,34.91,33.97
2023-03-23,29.87,0.35,35.69,34.09
2023-03-24,30.02,0.32,35.01,34.65
2023-03-25,30.69,0.31,34.75,34.25
2023-03-26,30.62,0.27,34.77,34.34
2023-03-27,30.9,0.23,35.13,33.74
2023-03-28,31.52,0.25,35.09,33.14
2023-03-29,31.72,0.36,33.95,33.97
2023-03-30,31.55,0.34,34.22,33.89
2023-03-31,32.18,0.46,34.48,32.88
2023-04-01,32.11,0.5,34.59,32.8
2023-04-02,32.07,0.5,34.58,32.85
2023-04-03,32.45,0.47,34.6,32.48
2023-04-04,32.4,0.42,34.64,32.54
2023-04-05,32.44,0.39,34.73,32.44
2023-04-06,32.66,0.43,34.43,32.48
2023-04-07,31.62,0.5,35.28,32.6
2023-04-08,30.51,0.52,36.21,32.76
2023-04-09,30.74,0.51,36.03,32.72
2023-04-10,30.19,0.54,36.76,32.51
2023-04-11,30.0,0.51,37.07,32.42
2023-04-12,29.86,0.55,36.71,32.88
2023-04-13,30.26,0.5,36.27,32.97
2023-04-14,31.06,0.45,35.83,32.66
2023-04-15,31.36,0.42,35.2,33.02
2023-04-16,31.35,0.4,35.28,32.97
2023-04-17,30.92,0.42,34.28,34.38
2023-04-18,30.56,0.44,33.54,35.46
2023-04-19,30.82,0.51,33.43,35.24
2023-04-20,29.52,0.49,34.05,35.94
2023-04-21,29.19,0.65,33.99,36.17
2023-04-22,29.1,0.63,33.94,36.33
2023-04-23,29.36,0.62,33.93,36.09
2023-04-24,29.33,0.62,34.24,35.81
2023-04-25,28.64,0.61,35.14,35.61
2023-04-26,29.97,0.41,34.92,34.7
2023-04-27,28.9,0.41,34.63,36.06
2023-04-28,29.62,0.41,33.77,36.2
2023-04-29,29.92,0.37,34.36,35.35
2023-04-30,29.91,0.35,34.26,35.48
2023-05-01,29.92,0.36,34.31,35.41
2023-05-02,28.99,0.4,34.69,35.92
2023-05-03,28.0,0.4,34.78,36.82
2023-05-04,27.58,0.46,34.99,36.97
2023-05-05,27.68,0.4,35.02,36.9
2023-05-06,27.82,0.33,35.24,36.61
2023-05-07,27.8,0.38,35.25,36.57
2023-05-08,28.6,0.45,35.42,35.53
2023-05-09,29.37,0.45,35.37,34.81
2023-05-10,29.55,0.43,35.27,34.75
2023-05-11,29.53,0.34,34.64,35.49
2023-05-12,30.2,0.36,34.19,35.25
2023-05-13,29.48,0.34,35.14,35.04
2023-05-14,29.54,0.33,35.06,35.07
2023-05-15,29.0,0.39,35.48,35.13
2023-05-16,27.36,0.39,35.99,36.26
2023-05-17,27.53,0.4,36.09,35.98
2023-05-18,28.31,0.45,36.27,34.97
2023-05-19,28.71,0.45,35.82,35.02
2023-05-20,28.42,0.44,36.23,34.91
2023-05-21,28.44,0.47,36.1,34.99
2023-05-22,29.13,0.46,35.81,34.6
2023-05-23,29.3,0.43,35.06,35.21
2023-05-24,29.11,0.46,34.8,35.63
2023-05-25,28.75,0.38,34.37,36.5
2023-05-26,28.06,0.42,34.51,37.01
2023-05-27,28.24,0.44,35.57,35.75
2023-05-28,28.35,0.39,35.59,35.67
2023-05-29,28.44,0.39,34.84,36.33
2023-05-30,27.92,0.36,35.15,36.57
2023-05-31,28.76,0.45,35.52,35.27
2023-06-01,28.4,0.5,36.07,35.03
2023-06-02,29.02,0.54,35.93,34.51
2023-06-03,29.83,0.39,35.48,34.3
2023-06-04,29.82,0.4,35.57,34.21
2023-06-05,29.87,0.39,35.51,34.23
2023-06-06,30.26,0.45,35.09,34.2
2023-06-07,28.61,0.42,36.04,34.93
2023-06-08,28.35,0.38,36.14,35.13
2023-06-09,28.56,0.44,36.09,34.91
2023-06-10,28.53,0.52,35.79,35.16
2023-06-11,28.51,0.5,35.87,35.12
2023-06-12,28.97,0.53,34.92,35.58
2023-06-13,29.05,0.54,34.53,35.88
2023-06-14,28.5,0.53,34.8,36.17
2023-06-15,28.24,0.56,35.45,35.75
2023-06-16,27.84,0.46,36.36,35.34
2023-06-17,28.34,0.42,35.89,35.35
2023-06-18,28.24,0.45,35.95,35.36
2023-06-19,27.71,0.46,36.54,35.29
2023-06-20,28.93,0.8,35.68,34.59
2023-06-21,29.87,0.82,34.88,34.43
2023-06-22,30.07,0.77,34.62,34.54
2023-06-23,29.89,0.78,34.94,34.39
2023-06-24,30.05,0.69,34.92,34.34
2023-06-25,30.07,0.7,34.9,34.33
2023-06-26,30.25,0.68,34.84,34.23
2023-06-27,30.07,0.65,34.9,34.38
2023-06-28,30.39,0.75,34.42,34.44
2023-06-29,30.24,0.75,34.48,34.53
2023-06-30,30.45,0.8,34.24,34.51
2023-07-01,30.35,0.86,34.45,34.34
2023-07-02,30.39,0.8,34.52,34.29
2023-07-03,29.57,0.76,35.18,34.49
2023-07-04,29.84,0.81,35.19,34.16
2023-07-05,28.85,0.77,36.38,34.0
2023-07-06,28.79,0.51,36.07,34.63
2023-07-07,28.13,0.45,36.72,34.7
2023-07-08,28.33,0.51,36.27,34.89
2023-07-09,28.32,0.53,36.28,34.87
2023-07-10,28.38,0.45,36.76,34.41
2023-07-11,28.04,0.63,36.86,34.47
2023-07-12,27.96,0.6,37.0,34.44
2023-07-13,27.68,0.6,37.39,34.33
2023-07-14,28.04,0.52,36.84,34.6
2023-07-15,28.03,0.56,36.44,34.97
2023-07-16,28.12,0.52,36.53,34.83
2023-07-17,28.07,0.53,36.44,34.96
2023-07-18,28.29,0.32,36.05,35.34
2023-07-19,28.78,0.4,35.04,35.78
2023-07-20,28.7,0.36,35.2,35.74
2023-07-21,28.86,0.28,35.15,35.71
2023-07-22,28.83,0.31,34.69,36.17
2023-07-23,28.9,0.31,34.7,36.09
2023-07-24,28.72,0.33,34.73,36.22
2023-07-25,28.96,0.37,34.65,36.02
2023-07-26,29.05,0.42,34.78,35.75
2023-07-27,29.24,0.29,34.77,35.7
2023-07-28,28.7,0.28,35.06,35.96
2023-07-29,28.68,0.33,35.06,35.93
2023-07-30,28.66,0.31,35.12,35.91
2023-07-31,29.39,0.27,34.27,36.07
2023-08-01,29.15,0.31,34.9,35.64
2023-08-02,28.72,0.3,34.94,36.04
2023-08-03,28.41,0.25,36.1,35.24
2023-08-04,28.19,0.38,36.3,35.13
2023-08-05,28.6,0.43,36.37,34.6
2023-08-06,28.65,0.48,36.39,34.48
2023-08-07,28.35,0.46,36.2,34.99
2023-08-08,28.58,0.55,35.83,35.04
2023-08-09,28.32,0.51,35.55,35.62
2023-08-10,28.2,0.47,35.59,35.74
2023-08-11,28.22,0.51,35.43,35.84
2023-08-12,28.22,0.49,35.62,35.67
2023-08-13,28.16,0.56,35.64,35.64
2023-08-14,27.8,0.41,35.88,35.91
2023-08-15,27.83,0.39,35.83,35.95
2023-08-16,27.47,0.53,36.86,35.14
2023-08-17,27.52,0.48,36.62,35.38
2023-08-18,27.06,0.53,36.21,36.2
2023-08-19,27.27,0.49,36.14,36.1
2023-08-20,27.03,0.49,36.38,36.1
2023-08-21,27.34,0.51,36.02,36.13
2023-08-22,26.82,0.62,36.2,36.36
2023-08-23,25.78,0.5,36.97,36.75
2023-08-24,26.2,0.52,36.89,36.39
2023-08-25,25.67,0.4,36.76,37.17
2023-08-26,26.01,0.46,36.73,36.8
2023-08-27,26.02,0.46,36.76,36.76
2023-08-28,26.23,0.51,36.39,36.87
2023-08-29,25.57,0.55,36.17,37.71
2023-08-30,25.73,0.43,35.44,38.4
2023-08-31,25.71,0.45,35.4,38.44
2023-09-01,25.34,0.51,35.3,38.85
2023-09-02,25.68,0.46,36.07,37.79
2023-09-03,25.82,0.5,35.98,37.7
2023-09-04,26.86,0.49,35.9,36.75
2023-09-05,27.8,0.42,35.05,36.73
2023-09-06,28.22,0.39,34.98,36.41
2023-09-07,28.26,0.47,34.91,36.36
2023-09-08,28.01,0.42,35.25,36.32
2023-09-09,27.98,0.45,35.26,36.31
2023-09-10,27.99,0.43,35.39,36.19
2023-09-11,28.87,0.38,35.24,35.51
2023-09-12,29.16,0.44,35.25,35.15
2023-09-13,28.89,0.43,35.67,35.01
2023-09-14,28.87,0.47,35.76,34.9
2023-09-15,28.91,0.49,35.71,34.89
2023-09-16,28.74,0.5,35.82,34.94
2023-09-17,28.76,0.53,35.84,34.87
2023-09-18,29.29,0.5,35.38,34.83
2023-09-19,28.33,0.57,34.7,36.4
2023-09-20,28.32,0.61,34.68,36.39
2023-09-21,27.1,0.52,34.79,37.59
2023-09-22,26.8,0.58,35.1,37.52
2023-09-23,27.06,0.54,34.53,37.87
2023-09-24,27.06,0.57,34.59,37.78
2023-09-25,27.29,0.48,34.68,37.55
2023-09-26,27.3,0.45,34.54,37.71
2023-09-27,28.06,0.51,34.33,37.1
2023-09-28,27.91,0.51,34.31,37.27
2023-09-29,28.14,0.52,34.5,36.84
2023-09-30,28.03,0.5,34.62,36.85
2023-10-01,28.13,0.46,34.65,36.76
2023-10-02,28.07,0.49,34.65,36.79
2023-10-03,28.17,0.41,34.63,36.79
2023-10-04,27.94,0.42,34.81,36.83
2023-10-05,28.31,0.4,34.73,36.56
2023-10-06,28.3,0.43,34.6,36.67
2023-10-07,28.72,0.39,34.8,36.09
2023-10-08,28.56,0.43,34.73,36.28
2023-10-09,29.09,0.38,34.5,36.03
2023-10-10,29.03,0.35,34.47,36.15
2023-10-11,29.05,0.4,34.4,36.15
2023-10-12,29.09,0.39,34.31,36.21
2023-10-13,29.0,0.37,34.37,36.26
2023-10-14,29.07,0.38,34.38,36.17
2023-10-15,29.15,0.38,34.4,36.07
2023-10-16,29.06,0.41,34.39,36.14
2023-10-17,29.27,0.38,34.32,36.03
2023-10-18,29.13,0.42,34.36,36.09
2023-10-19,29.11,0.4,34.37,36.12
2023-10-20,29.04,0.42,34.38,36.16
2023-10-21,29.18,0.33,33.92,36.57
2023-10-22,29.25,0.34,33.9,36.51
2023-10-23,29.1,0.37,34.06,36.47
2023-10-24,29.23,0.34,34.02,36.41
2023-10-25,29.16,0.35,33.95,36.54
2023-10-26,29.15,0.33,34.05,36.47
2023-10-27,29.24,0.34,33.89,36.53
2023-10-28,28.83,0.35,33.9,36.92
2023-10-29,29.12,0.36,33.77,36.75
2023-10-30,29.09,0.35,33.65,36.91
2023-10-31,28.05,0.54,34.57,36.84
2023-11-01,28.38,0.61,33.76,37.25
2023-11-02,28.68,0.56,34.05,36.71
2023-11-03,28.8,0.47,34.05,36.68
2023-11-04,28.85,0.48,34.13,36.54
2023-11-05,28.72,0.51,33.98,36.79
2023-11-06,28.98,0.49,33.71,36.82
2023-11-07,28.08,0.5,34.58,36.84
2023-11-08,28.93,0.55,33.42,37.1
2023-11-09,28.9,0.53,33.3,37.27
2023-11-10,28.86,0.5,34.11,36.53
2023-11-11,28.94,0.49,34.02,36.55
2023-11-12,29.57,0.54,33.33,36.56
2023-11-13,28.88,0.55,33.32,37.25
2023-11-14,29.39,0.5,32.84,37.27
2023-11-15,29.21,0.42,32.53,37.84
2023-11-16,29.21,0.49,32.44,37.86
2023-11-17,29.26,0.42,32.63,37.69
2023-11-18,29.47,0.45,32.52,37.56
2023-11-19,29.41,0.4,32.26,37.93
2023-11-20,29.28,0.45,32.45,37.82
2023-11-21,29.26,0.44,32.43,37.87
2023-11-22,29.19,0.47,32.43,37.91
2023-11-23,29.35,0.45,32.41,37.79
2023-11-24,29.26,0.44,32.42,37.88
2023-11-25,29.18,0.49,32.48,37.85
2023-11-26,29.2,0.46,32.45,37.89
2023-11-27,29.28,0.44,32.47,37.81
2023-11-28,29.23,0.5,32.48,37.79
2023-11-29,29.23,0.49,32.48,37.8
2023-11-30,29.16,0.46,32.46,37.92
2023-12-01,29.19,0.46,32.27,38.08
2023-12-02,29.26,0.43,32.28,38.03
2023-12-03,29.15,0.43,32.38,38.04
2023-12-04,29.01,0.45,32.59,37.95
2023-12-05,29.33,0.47,32.56,37.64
2023-12-06,29.17,0.47,32.72,37.64
2023-12-07,29.29,0.49,32.82,37.4
2023-12-08,29.35,0.49,32.83,37.33
2023-12-09,29.45,0.51,32.75,37.29
2023-12-10,29.67,0.51,32.47,37.35
2023-12-11,29.99,0.58,32.09,37.34
2023-12-12,29.5,0.52,32.62,37.36
2023-12-13,29.41,0.51,32.7,37.38
2023-12-14,29.59,0.54,32.61,37.26
2023-12-15,29.54,0.52,32.65,37.29
2023-12-16,29.51,0.52,32.63,37.34
2023-12-17,29.66,0.52,32.65,37.17
2023-12-18,30.24,0.56,31.83,37.37
2023-12-19,30.8,0.54,32.46,36.2
2023-12-20,30.85,0.51,32.52,36.12
2023-12-21,30.69,0.53,32.5,36.28
2023-12-22,30.95,0.52,32.49,36.04
2023-12-23,30.58,0.51,32.41,36.5
2023-12-24,30.78,0.49,32.61,36.12
2023-12-25,30.59,0.49,32.46,36.46
2023-12-26,30.91,0.47,32.73,35.89
2023-12-27,30.78,0.47,32.73,36.02
2023-12-28,31.18,0.46,32.23,36.13
2023-12-29,30.56,0.61,31.2,37.63
2023-12-30,30.71,0.59,31.16,37.54
2023-12-31,30.59,0.6,31.2,37.61
2024-01-01,30.66,0.61,31.28,37.45
2024-01-02,30.27,0.59,32.21,36.93
2024-01-03,30.17,0.52,32.7,36.61
2024-01-04,29.79,0.45,33.11,36.65
2024-01-05,29.28,0.42,33.37,36.93
2024-01-06,29.24,0.45,33.34,36.97
2024-01-07,29.32,0.49,33.26,36.93
2024-01-08,29.35,0.49,33.46,36.7
2024-01-09,28.51,0.43,34.13,36.93
2024-01-10,27.46,0.45,33.56,38.53
2024-01-11,26.7,0.46,33.77,39.07
2024-01-12,27.78,0.44,32.47,39.31
2024-01-13,28.14,0.42,32.68,38.76
2024-01-14,28.05,0.45,32.66,38.84
2024-01-15,28.05,0.4,32.69,38.86
2024-01-16,28.21,0.38,32.64,38.77
2024-01-17,28.12,0.39,32.72,38.77
2024-01-18,27.41,0.33,34.79,37.47
2024-01-19,27.38,0.31,34.48,37.83
2024-01-20,27.0,0.39,34.46,38.15
2024-01-21,26.98,0.3,34.59,38.13
2024-01-22,26.57,0.39,34.54,38.5
2024-01-23,26.53,0.43,34.6,38.44
2024-01-24,24.92,0.45,36.68,37.95
2024-01-25,24.91,0.65,36.86,37.58
2024-01-26,24.96,0.66,36.82,37.56
2024-01-27,25.11,0.67,36.58,37.64
2024-01-28,25.04,0.8,36.56,37.6
2024-01-29,24.98,0.82,36.73,37.47
2024-01-30,24.86,0.82,36.76,37.56
2024-01-31,24.92,0.96,36.06,38.06
2024-02-01,24.4,1.0,35.31,39.29
2024-02-02,24.5,0.95,35.42,39.13
2024-02-03,26.0,0.71,35.08,38.21
2024-02-04,25.98,0.73,35.15,38.14
2024-02-05,25.95,0.74,35.1,38.21
2024-02-06,25.74,0.72,35.87,37.67
2024-02-07,26.22,0.62,34.88,38.28
2024-02-08,25.97,0.64,34.83,38.56
2024-02-09,25.68,0.6,34.91,38.81
2024-02-10,25.08,0.7,34.81,39.41
2024-02-11,25.41,0.7,34.67,39.22
2024-02-12,25.16,0.66,34.8,39.38
2024-02-13,25.18,0.7,34.78,39.34
2024-02-14,25.14,0.7,34.74,39.42
2024-02-15,25.8,0.68,34.42,39.1
2024-02-16,26.51,0.63,33.31,39.55
2024-02-17,26.3,0.89,33.94,38.87
2024-02-18,26.2,0.88,34.02,38.9
2024-02-19,26.51,0.82,33.28,39.39
2024-02-20,27.13,0.9,32.82,39.15
2024-02-21,26.45,0.91,32.77,39.87
2024-02-22,25.71,0.6,31.93,41.76
2024-02-23,24.29,0.61,32.28,42.82
2024-02-24,23.43,0.69,33.99,41.89
2024-02-25,23.37,0.68,34.12,41.83
2024-02-26,24.24,0.52,34.32,40.92
2024-02-27,25.97,0.79,33.04,40.2
2024-02-28,25.91,0.87,33.66,39.56
2024-02-29,26.24,0.45,32.96,40.35
2024-03-01,27.9,0.42,31.81,39.87
2024-03-02,27.58,0.34,32.29,39.79
2024-03-03,27.53,0.35,32.37,39.75
2024-03-04,27.09,0.3,32.63,39.98
2024-03-05,27.32,0.36,33.15,39.17
2024-03-06,27.43,0.4,33.2,38.97
2024-03-07,27.65,0.35,34.41,37.59
2024-03-08,28.07,0.33,34.36,37.24
2024-03-09,28.1,0.32,34.44,37.14
2024-03-10,28.02,0.34,34.49,37.15
2024-03-11,28.14,0.28,34.3,37.28
2024-03-12,28.05,0.25,34.58,37.12
2024-03-13,27.32,0.39,34.35,37.94
2024-03-14,27.22,0.34,34.6,37.84
2024-03-15,27.26,0.35,33.4,38.99
2024-03-16,26.74,0.37,33.45,39.44
2024-03-17,26.69,0.33,33.52,39.46
2024-03-18,26.28,0.27,34.12,39.33
2024-03-19,26.25,0.26,34.62,38.87
2024-03-20,26.27,0.27,34.65,38.81
2024-03-21,26.41,0.33,35.47,37.79
2024-03-22,27.14,0.34,34.99,37.53
2024-03-23,26.56,0.43,35.22,37.79
2024-03-24,26.6,0.46,35.06,37.88
2024-03-25,26.6,0.42,35.18,37.8
2024-03-26,26.61,0.46,35.17,37.76
2024-03-27,25.28,0.45,34.9,39.37
2024-03-28,25.37,0.53,34.49,39.61
2024-03-29,25.17,0.45,33.34,41.04
2024-03-30,25.47,0.64,33.56,40.33
2024-03-31,25.54,0.67,33.64,40.15
2024-04-01,25.75,0.65,34.56,39.04
2024-04-02,25.39,0.62,34.78,39.21
2024-04-03,26.67,0.68,34.49,38.16
2024-04-04,27.29,0.89,34.4,37.42
2024-04-05,27.47,0.89,33.55,38.09
2024-04-06,27.54,0.72,34.6,37.14
2024-04-07,27.73,0.75,34.49,37.03
2024-04-08,28.08,0.76,32.26,38.9
2024-04-09,28.11,0.67,32.15,39.07
2024-04-10,27.3,0.73,33.64,38.33
2024-04-11,27.4,0.74,33.55,38.31
2024-04-12,27.37,0.78,33.68,38.17
2024-04-13,26.8,0.73,34.36,38.11
2024-04-14,26.86,0.69,34.37,38.08
2024-04-15,26.78,0.69,34.23,38.3
2024-04-16,27.47,0.74,34.49,37.3
2024-04-17,27.28,0.76,33.45,38.51
2024-04-18,27.25,0.76,33.21,38.78
2024-04-19,28.11,0.8,33.17,37.92
2024-04-20,27.69,0.91,34.2,37.2
2024-04-21,27.71,0.92,34.12,37.25
2024-04-22,27.33,0.87,34.29,37.51
2024-04-23,28.32,0.84,32.88,37.96
2024-04-24,28.66,0.92,31.76,38.66
2024-04-25,28.86,0.9,31.35,38.89
2024-04-26,28.0,0.84,32.06,39.1
2024-04-27,27.92,0.87,32.35,38.86
2024-04-28,27.9,0.85,32.42,38.83
2024-04-29,27.95,0.81,32.33,38.91
2024-04-30,27.81,0.84,32.26,39.09
2024-05-01,27.78,0.89,32.56,38.77
2024-05-02,27.72,0.98,32.63,38.67
2024-05-03,27.91,1.03,32.64,38.42
2024-05-04,27.57,0.95,32.11,39.37
2024-05-05,27.55,0.95,32.1,39.4
2024-05-06,27.86,0.86,32.02,39.26
2024-05-07,27.58,0.81,31.93,39.68
2024-05-08,27.65,0.81,32.5,39.04
2024-05-09,27.6,0.78,32.5,39.12
2024-05-10,27.54,0.85,32.4,39.21
2024-05-11,27.6,0.77,32.45,39.18
2024-05-12,27.55,0.86,32.42,39.17
2024-05-13,27.63,0.83,32.47,39.07
2024-05-14,27.55,0.85,32.41,39.19
2024-05-15,27.52,0.9,32.44,39.14
2024-05-16,27.58,0.82,32.4,39.2
2024-05-17,27.56,0.81,32.47,39.16
2024-05-18,27.56,0.82,32.47,39.15
2024-05-19,27.58,0.86,32.46,39.1
2024-05-20,27.5,0.85,32.39,39.26
2024-05-21,27.67,0.59,32.99,38.75
2024-05-22,27.27,0.58,33.18,38.97
2024-05-23,26.7,0.64,33.48,39.18
2024-05-24,26.46,0.78,33.21,39.55
2024-05-25,26.56,0.84,33.15,39.45
2024-05-26,26.57,0.87,33.26,39.3
2024-05-27,26.39,0.78,33.46,39.37
2024-05-28,26.4,0.82,33.56,39.22
2024-05-29,26.86,0.91,32.77,39.46
2024-05-30,26.98,0.83,32.1,40.09
2024-05-31,27.86,0.72,32.52,38.9
2024-06-01,28.16,0.69,33.36,37.79
2024-06-02,28.2,0.7,33.31,37.79
2024-06-03,27.04,0.91,33.77,38.28
2024-06-04,25.33,1.07,33.85,39.75
2024-06-05,25.86,1.95,34.16,38.03
2024-06-06,26.26,2.0,33.11,38.63
2024-06-07,26.23,2.07,33.14,38.56
2024-06-08,26.22,2.09,33.1,38.59
2024-06-09,26.17,2.04,33.1,38.69
2024-06-10,25.86,2.19,30.91,41.04
2024-06-11,24.82,1.94,31.26,41.98
2024-06-12,25.26,1.97,30.32,42.45
2024-06-13,26.27,1.96,29.69,42.08
2024-06-14,26.29,1.94,29.82,41.95
2024-06-15,25.74,2.05,28.91,43.3
2024-06-16,25.76,2.0,28.9,43.34
2024-06-17,25.74,1.99,28.88,43.39
2024-06-18,24.49,1.88,30.23,43.4
2024-06-19,27.37,1.96,29.3,41.37
2024-06-20,27.33,1.83,29.46,41.38
2024-06-21,28.2,1.89,29.67,40.24
2024-06-22,25.69,3.42,29.76,41.13
2024-06-23,25.75,3.41,29.75,41.09
2024-06-24,25.31,3.41,29.7,41.58
2024-06-25,25.63,1.87,29.82,42.68
2024-06-26,25.52,1.94,29.98,42.56
2024-06-27,25.09,1.91,30.35,42.65
2024-06-28,25.1,1.93,30.43,42.54
2024-06-29,25.0,1.97,30.38,42.65
2024-06-30,25.08,1.91,30.38,42.63
2024-07-01,25.54,1.96,30.04,42.46
2024-07-02,25.31,1.91,31.39,41.39
2024-07-03,25.97,1.92,30.56,41.55
2024-07-04,26.04,1.85,30.34,41.77
2024-07-05,25.91,1.8,29.69,42.6
2024-07-06,25.36,1.65,30.08,42.91
2024-07-07,25.37,1.64,30.1,42.89
2024-07-08,25.96,1.71,29.61,42.72
2024-07-09,26.03,1.81,29.77,42.39
2024-07-10,26.42,1.88,29.47,42.23
2024-07-11,25.42,1.96,30.0,42.62
2024-07-12,25.85,1.96,30.25,41.94
2024-07-13,26.17,2.06,30.37,41.4
2024-07-14,26.11,2.04,30.36,41.49
2024-07-15,26.75,2.09,29.83,41.33
2024-07-16,26.74,2.1,29.86,41.3
2024-07-17,26.61,2.09,29.97,41.33
2024-07-18,27.19,2.01,29.43,41.37
2024-07-19,28.03,1.63,28.99,41.35
2024-07-20,26.81,1.62,30.23,41.34
2024-07-21,26.65,1.63,29.99,41.73
2024-07-22,25.61,1.58,30.1,42.71
2024-07-23,25.56,1.62,28.97,43.85
2024-07-24,26.64,1.59,28.08,43.69
2024-07-25,26.48,1.64,28.53,43.35
2024-07-26,26.77,1.56,27.72,43.95
2024-07-27,27.03,1.56,28.52,42.89
2024-07-28,27.06,1.58,28.48,42.88
2024-07-29,27.15,1.51,27.95,43.39
2024-07-30,27.48,1.46,26.4,44.66
2024-07-31,27.51,1.48,26.35,44.66
2024-08-01,27.49,1.42,26.18,44.91
2024-08-02,27.5,1.44,26.24,44.82
2024-08-03,27.71,1.43,26.45,44.41
2024-08-04,27.7,1.45,26.45,44.4
2024-08-05,28.17,1.39,26.09,44.35
2024-08-06,27.53,1.35,25.67,45.45
2024-08-07,27.08,1.32,25.68,45.92
2024-08-08,27.37,1.35,25.41,45.87
2024-08-09,26.67,1.3,25.78,46.25
2024-08-10,26.97,1.35,26.64,45.04
2024-08-11,27.0,1.38,26.59,45.03
2024-08-12,28.08,1.37,25.48,45.07
2024-08-13,27.46,1.34,26.47,44.73
2024-08-14,28.25,1.37,26.66,43.72
2024-08-15,28.15,1.38,26.75,43.72
2024-08-16,26.61,1.44,28.32,43.63
2024-08-17,25.75,1.47,29.51,43.27
2024-08-18,25.75,1.41,29.61,43.23
2024-08-19,25.77,1.45,29.59,43.19
2024-08-20,26.07,1.42,29.49,43.02
2024-08-21,26.75,1.46,29.36,42.43
2024-08-22,27.81,1.51,29.28,41.4
2024-08-23,29.01,1.51,29.61,39.87
2024-08-24,28.39,1.64,29.58,40.39
2024-08-25,28.46,1.59,29.55,40.4
2024-08-26,28.53,1.62,29.67,40.18
2024-08-27,28.16,1.54,29.94,40.36
2024-08-28,26.68,1.55,30.03,41.74
2024-08-29,26.83,1.6,29.08,42.49
2024-08-30,26.1,1.54,29.24,43.12
2024-08-31,26.36,1.52,29.22,42.9
2024-09-01,26.44,1.54,29.13,42.89
2024-09-02,26.13,1.51,28.85,43.51
2024-09-03,25.64,1.48,28.63,44.25
2024-09-04,26.17,1.45,28.96,43.42
2024-09-05,26.36,1.45,29.11,43.08
2024-09-06,26.05,1.41,28.99,43.55
2024-09-07,26.13,1.46,28.49,43.92
2024-09-08,26.16,1.46,28.5,43.88
2024-09-09,26.1,1.42,28.46,44.02
2024-09-10,26.86,1.42,27.77,43.95
2024-09-11,27.28,1.49,26.57,44.66
2024-09-12,28.24,1.44,25.96,44.36
2024-09-13,27.71,1.41,26.16,44.72
2024-09-14,28.91,1.44,25.33,44.32
2024-09-15,28.9,1.45,25.3,44.35
2024-09-16,28.95,1.42,25.34,44.29
2024-09-17,28.95,1.4,25.23,44.42
2024-09-18,29.49,1.42,24.81,44.28
2024-09-19,29.57,1.44,24.41,44.58
2024-09-20,29.71,1.46,24.31,44.52
2024-09-21,29.61,1.54,24.52,44.33
2024-09-22,29.53,1.54,24.55,44.38
2024-09-23,29.64,1.53,24.79,44.04
2024-09-24,29.79,1.47,25.54,43.2
2024-09-25,29.83,1.43,25.92,42.82
2024-09-26,30.31,1.45,26.23,42.01
2024-09-27,30.39,1.63,26.94,41.04
2024-09-28,30.09,1.56,26.87,41.48
2024-09-29,30.04,1.61,26.82,41.53
2024-09-30,29.9,1.72,27.9,40.48
2024-10-01,30.17,1.72,28.46,39.65
2024-10-02,30.01,1.68,28.54,39.77
2024-10-03,29.98,1.66,28.3,40.06
2024-10-04,29.42,1.75,28.51,40.32
2024-10-05,29.6,1.7,28.8,39.9
2024-10-06,29.6,1.65,28.83,39.92
2024-10-07,29.26,1.69,29.38,39.67
2024-10-08,28.99,1.71,29.41,39.89
2024-10-09,28.18,1.65,29.42,40.75
2024-10-10,28.22,1.67,29.49,40.62
2024-10-11,28.83,1.63,28.74,40.8
2024-10-12,28.88,1.65,28.72,40.75
2024-10-13,28.82,1.68,28.72,40.78
2024-10-14,27.54,1.62,29.83,41.01
2024-10-15,27.52,1.57,29.88,41.03
2024-10-16,27.56,1.61,29.8,41.03
2024-10-17,27.57,1.59,29.86,40.98
2024-10-18,27.53,1.6,29.83,41.04
2024-10-19,27.4,1.57,30.05,40.98
2024-10-20,27.3,1.55,30.06,41.09
2024-10-21,28.08,1.54,30.06,40.32
2024-10-22,28.12,1.51,30.03,40.34
2024-10-23,28.13,1.55,29.88,40.44
2024-10-24,28.85,1.53,29.29,40.33
2024-10-25,28.99,1.52,28.84,40.65
2024-10-26,29.51,1.42,28.54,40.53
2024-10-27,29.41,1.41,28.63,40.55
2024-10-28,29.49,1.45,28.52,40.54
2024-10-29,30.41,1.44,28.46,39.69
2024-10-30,30.19,1.46,28.3,40.05
2024-10-31,30.18,1.49,28.28,40.05
2024-11-01,30.32,1.49,28.0,40.19
2024-11-02,30.2,1.46,28.28,40.06
2024-11-03,30.27,1.49,28.2,40.04
2024-11-04,30.04,1.43,28.76,39.77
2024-11-05,28.04,1.46,30.1,40.4
2024-11-06,28.71,1.47,29.03,40.79
2024-11-07,28.63,1.5,29.01,40.86
2024-11-08,29.1,1.48,29.03,40.39
2024-11-09,29.2,1.56,29.19,40.05
2024-11-10,29.18,1.61,29.2,40.01
2024-11-11,27.81,1.61,29.19,41.39
2024-11-12,27.38,1.49,28.79,42.34
2024-11-13,27.41,1.39,28.63,42.57
2024-11-14,27.7,1.47,29.04,41.79
2024-11-15,27.73,1.46,29.03,41.78
2024-11-16,27.41,1.45,29.42,41.72
2024-11-17,27.42,1.45,29.43,41.7
2024-11-18,27.45,1.45,29.51,41.59
2024-11-19,27.04,1.5,29.95,41.51
2024-11-20,27.03,1.5,29.69,41.78
2024-11-21,27.08,1.53,29.71,41.68
2024-11-22,26.63,1.49,30.39,41.49
2024-11-23,28.63,1.53,30.27,39.57
2024-11-24,28.46,1.53,30.33,39.68
2024-11-25,28.25,1.47,31.56,38.72
2024-11-26,27.6,1.48,31.73,39.19
2024-11-27,27.26,1.51,31.01,40.22
2024-11-28,26.55,1.49,30.22,41.74
2024-11-29,25.15,1.5,29.97,43.38
2024-11-30,26.2,1.52,29.61,42.67
2024-12-01,26.29,1.53,29.62,42.56
2024-12-02,26.16,1.42,29.34,43.08
2024-12-03,26.38,1.49,29.26,42.87
2024-12-04,26.7,1.45,28.71,43.14
2024-12-05,27.67,1.44,28.71,42.18
2024-12-06,28.47,1.36,28.1,42.07
2024-12-07,29.04,1.4,27.16,42.4
2024-12-08,28.98,1.34,27.3,42.38
2024-12-09,29.57,1.38,27.44,41.61
2024-12-10,29.67,1.46,27.06,41.81
2024-12-11,30.3,1.56,26.64,41.5
2024-12-12,31.52,1.5,26.27,40.71
2024-12-13,31.0,1.51,26.33,41.16
2024-12-14,30.14,1.47,27.12,41.27
2024-12-15,30.29,1.4,26.94,41.37
2024-12-16,30.31,1.42,27.39,40.88
2024-12-17,30.04,1.34,27.69,40.93
2024-12-18,29.54,1.39,27.59,41.48
2024-12-19,30.87,1.32,27.72,40.09
2024-12-20,30.68,1.33,28.48,39.51
2024-12-21,29.96,1.37,28.7,39.97
2024-12-22,30.37,1.37,28.76,39.5
2024-12-23,29.85,1.36,28.56,40.23
2024-12-24,29.79,1.44,28.18,40.59
2024-12-25,29.31,1.45,28.11,41.13
2024-12-26,28.61,1.41,28.31,41.67
2024-12-27,28.52,1.43,28.57,41.48
2024-12-28,28.56,1.44,28.58,41.42
2024-12-29,29.22,1.44,28.24,41.1
2024-12-30,29.59,1.45,28.51,40.45
2024-12-31,29.84,1.4,28.59,40.17
2025-01-01,29.74,1.44,28.94,39.88
2025-01-02,30.62,1.44,29.14,38.8
2025-01-03,30.79,1.47,28.82,38.92
2025-01-04,30.34,1.42,29.22,39.02
2025-01-05,30.4,1.42,29.17,39.01
2025-01-06,30.04,1.41,28.95,39.6
2025-01-07,30.36,1.43,29.16,39.05
2025-01-08,30.29,1.43,29.47,38.81
2025-01-09,30.17,1.48,29.53,38.82
2025-01-10,30.3,1.51,28.77,39.42
2025-01-11,30.13,1.4,28.99,39.48
2025-01-12,30.13,1.42,28.97,39.48
2025-01-13,30.24,1.46,28.96,39.34
2025-01-14,30.14,1.45,29.01,39.4
2025-01-15,30.14,1.45,29.0,39.41
2025-01-16,30.02,1.42,29.2,39.36
2025-01-17,30.06,1.44,29.41,39.09
2025-01-18,29.94,1.47,29.18,39.41
2025-01-19,30.05,1.45,29.19,39.31
2025-01-20,29.84,1.48,29.78,38.9
2025-01-21,29.84,1.43,29.82,38.91
2025-01-22,29.81,1.47,29.6,39.12
2025-01-23,29.93,1.43,29.8,38.84
2025-01-24,29.98,1.43,29.75,38.84
2025-01-25,29.89,1.43,29.56,39.12
2025-01-26,29.78,1.45,29.93,38.84
2025-01-27,29.85,1.49,29.58,39.08
2025-01-28,29.72,1.49,29.74,39.05
2025-01-29,29.65,1.51,29.81,39.03
2025-01-30,29.42,1.51,30.41,38.66
2025-01-31,29.02,1.49,30.34,39.15
2025-02-01,28.64,1.48,30.21,39.67
2025-02-02,28.76,1.5,30.19,39.55
2025-02-03,28.46,1.42,30.46,39.66
2025-02-04,28.8,1.42,30.66,39.12
2025-02-05,29.26,1.38,30.7,38.66
2025-02-06,29.79,1.4,30.13,38.68
2025-02-07,29.46,1.5,30.71,38.33
2025-02-08,29.91,1.36,30.58,38.15
2025-02-09,29.91,1.33,30.6,38.16
2025-02-10,29.85,1.4,30.85,37.9
2025-02-11,30.01,1.38,30.65,37.96
2025-02-12,29.62,1.43,31.01,37.94
2025-02-13,28.55,1.49,32.03,37.93
2025-02-14,28.0,1.47,31.89,38.64
2025-02-15,26.94,1.5,31.17,40.39
2025-02-16,26.9,1.44,31.19,40.47
2025-02-17,27.03,1.41,31.06,40.5
2025-02-18,27.59,1.51,30.63,40.27
2025-02-19,26.83,1.54,31.6,40.03
2025-02-20,26.81,1.52,31.72,39.95
2025-02-21,26.35,1.49,31.93,40.23
2025-02-22,26.11,1.5,32.43,39.96
2025-02-23,26.1,1.53,32.36,40.01
2025-02-24,26.83,1.52,31.75,39.9
2025-02-25,27.55,1.72,31.84,38.89
2025-02-26,27.52,1.72,31.78,38.98
2025-02-27,27.98,1.75,32.92,37.35
2025-02-28,27.91,1.63,31.81,38.65
2025-03-01,26.43,1.63,30.78,41.16
2025-03-02,26.51,1.65,30.65,41.19
2025-03-03,25.7,1.58,29.58,43.14
2025-03-04,25.83,1.48,28.33,44.36
2025-03-05,26.12,1.5,28.51,43.87
2025-03-06,25.37,1.58,29.54,43.51
2025-03-07,25.16,1.59,30.8,42.45
2025-03-08,26.41,1.56,32.27,39.76
2025-03-09,26.35,1.6,32.31,39.74
2025-03-10,25.11,1.6,33.16,40.13
2025-03-11,26.22,1.54,32.64,39.6
2025-03-12,27.37,1.54,31.95,39.14
2025-03-13,26.86,1.47,31.43,40.24
2025-03-14,26.9,1.5,31.41,40.19
2025-03-15,26.89,1.46,31.37,40.28
2025-03-16,26.91,1.5,31.36,40.23
2025-03-17,26.35,1.51,29.64,42.5
2025-03-18,25.67,1.51,29.82,43.0
2025-03-19,25.12,1.53,30.64,42.71
2025-03-20,25.35,1.49,30.87,42.29
2025-03-21,26.05,1.52,29.16,43.27
2025-03-22,25.39,1.48,29.94,43.19
2025-03-23,25.45,1.49,29.94,43.12
2025-03-24,25.4,1.45,30.0,43.15
2025-03-25,25.35,1.47,30.01,43.17
2025-03-26,25.34,1.48,29.98,43.2
2025-03-27,25.38,1.49,29.92,43.21
2025-03-28,25.36,1.44,30.04,43.16
2025-03-29,25.4,1.48,29.99,43.13
2025-03-30,25.37,1.51,30.0,43.12
2025-03-31,25.35,1.45,30.01,43.19
2025-04-01,26.13,1.42,29.98,42.47
2025-04-02,26.28,1.43,30.02,42.27
2025-04-03,24.78,1.41,30.57,43.24
2025-04-04,24.98,1.38,29.53,44.11
2025-04-05,25.68,1.34,29.32,43.66
2025-04-06,25.67,1.36,29.32,43.65
2025-04-07,26.03,1.39,28.9,43.68
2025-04-08,26.89,1.33,28.55,43.23
2025-04-09,26.68,1.4,27.95,43.97
2025-04-10,26.36,1.43,28.57,43.64
2025-04-11,26.02,1.45,28.75,43.78
2025-04-12,26.04,1.49,28.54,43.93
2025-04-13,26.02,1.47,28.51,44.0
2025-04-14,25.51,1.52,28.51,44.46
2025-04-15,25.66,1.47,27.89,44.98
2025-04-16,26.22,1.56,28.08,44.14
2025-04-17,26.32,1.7,28.09,43.89
2025-04-18,26.44,1.75,27.63,44.18
2025-04-19,25.67,1.76,27.78,44.79
2025-04-20,25.72,1.74,27.87,44.67
2025-04-21,26.18,1.63,28.56,43.63
2025-04-22,26.22,1.67,28.32,43.79
2025-04-23,25.63,1.54,28.67,44.16
2025-04-24,25.72,3.07,28.48,42.73
2025-04-25,25.49,1.58,29.96,42.97
2025-04-26,25.63,1.53,30.03,42.81
2025-04-27,25.71,1.55,29.89,42.85
2025-04-28,25.18,1.57,30.93,42.32
2025-04-29,24.44,1.58,30.99,42.99
2025-04-30,24.72,1.6,30.97,42.71
2025-05-01,24.56,1.59,31.1,42.75
2025-05-02,25.01,1.62,30.76,42.61
2025-05-03,25.15,1.62,30.8,42.43
2025-05-04,24.98,1.61,30.88,42.53
2025-05-05,25.73,1.59,30.13,42.55
2025-05-06,26.08,1.53,30.25,42.14
2025-05-07,26.14,1.45,29.87,42.54
2025-05-08,26.11,1.41,29.92,42.56
2025-05-09,26.33,1.44,29.84,42.39
2025-05-10,26.34,1.45,29.79,42.42
2025-05-11,26.3,1.47,29.73,42.5
2025-05-12,26.11,1.53,30.03,42.33
2025-05-13,25.91,1.51,30.34,42.24
2025-05-14,26.21,1.45,30.25,42.09
2025-05-15,25.8,1.44,30.71,42.05
2025-05-16,25.62,1.49,30.62,42.27
2025-05-17,26.01,1.53,30.45,42.01
2025-05-18,25.99,1.52,30.4,42.09
2025-05-19,25.99,1.53,30.12,42.36
2025-05-20,25.95,1.5,30.04,42.51
2025-05-21,26.15,1.56,29.53,42.76
2025-05-22,26.28,1.55,29.75,42.42
2025-05-23,26.39,1.56,30.21,41.84
2025-05-24,26.78,1.48,29.98,41.76
2025-05-25,26.77,1.54,29.98,41.71
2025-05-26,26.58,1.68,30.47,41.27
2025-05-27,27.77,1.61,29.01,41.61
2025-05-28,27.17,1.55,28.51,42.77
2025-05-29,26.93,1.6,28.87,42.6
2025-05-30,26.98,1.49,29.36,42.17
2025-05-31,26.42,1.52,29.1,42.96
2025-06-01,26.37,1.52,29.07,43.04
2025-06-02,26.91,1.56,28.57,42.96
2025-06-03,27.26,1.51,27.97,43.26
2025-06-04,26.6,1.52,28.79,43.09
2025-06-05,26.53,1.5,28.98,42.99
2025-06-06,26.05,1.55,28.61,43.79
2025-06-07,26.05,1.55,28.64,43.76
2025-06-08,26.01,1.56,28.7,43.73
2025-06-09,25.8,1.51,29.51,43.18
2025-06-10,25.41,1.5,29.89,43.2
2025-06-11,25.56,1.52,30.6,42.32
2025-06-12,26.06,1.55,30.29,42.1
2025-06-13,25.66,1.56,31.01,41.77
2025-06-14,25.57,1.62,30.81,42.0
2025-06-15,25.6,1.63,30.75,42.02
2025-06-16,25.37,1.6,30.84,42.19
2025-06-17,25.73,1.57,31.15,41.55
2025-06-18,26.21,1.85,31.14,40.8
2025-06-19,26.33,1.86,29.99,41.82
2025-06-20,26.73,1.94,30.32,41.01
2025-06-21,26.37,1.91,30.92,40.8
2025-06-22,26.44,1.92,30.81,40.83
2025-06-23,26.3,1.87,30.59,41.24
2025-06-24,26.45,1.88,30.79,40.88
2025-06-25,27.03,1.93,30.52,40.52
2025-06-26,26.5,1.64,31.02,40.84
2025-06-27,27.15,1.74,31.22,39.89
2025-06-28,26.67,1.8,31.45,40.08
2025-06-29,26.58,1.79,31.45,40.18
2025-06-30,26.52,1.75,32.21,39.52
2025-07-01,26.02,1.71,32.16,40.11
2025-07-02,25.57,1.69,32.61,40.13
2025-07-03,26.57,1.77,31.62,40.04
2025-07-04,26.88,1.73,31.77,39.62
2025-07-05,27.64,1.47,31.58,39.31
2025-07-06,27.54,1.49,31.62,39.35
2025-07-07,26.45,1.45,32.67,39.43
2025-07-08,27.17,1.43,32.35,39.05
2025-07-09,27.13,1.45,32.36,39.06
2025-07-10,27.75,1.51,32.21,38.53
2025-07-11,27.93,1.47,31.89,38.71
2025-07-12,27.88,1.59,31.23,39.3
2025-07-13,27.76,1.62,31.18,39.44
2025-07-14,27.25,1.62,31.12,40.01
2025-07-15,27.73,1.58,30.73,39.96
2025-07-16,26.83,1.54,31.5,40.13
2025-07-17,27.53,1.65,31.52,39.3
2025-07-18,28.12,1.5,30.97,39.41
2025-07-19,28.09,1.57,31.0,39.34
2025-07-20,28.17,1.53,31.01,39.29
2025-07-21,28.9,1.53,31.49,38.08
2025-07-22,28.95,1.58,31.37,38.1
2025-07-23,29.04,1.59,30.8,38.57
2025-07-24,28.32,1.57,30.9,39.21
2025-07-25,28.05,1.43,31.26,39.26
2025-07-26,27.98,1.45,31.22,39.35
2025-07-27,28.02,1.43,31.23,39.32
2025-07-28,28.08,1.58,30.76,39.58
2025-07-29,27.91,1.52,31.32,39.25
2025-07-30,27.67,1.58,31.23,39.52
2025-07-31,28.62,1.52,31.19,38.67
2025-08-01,29.08,1.45,30.56,38.91
2025-08-02,29.5,1.54,30.29,38.67
2025-08-03,29.54,1.54,30.22,38.7
2025-08-04,30.25,1.5,29.49,38.76
2025-08-05,31.14,1.61,28.68,38.57
2025-08-06,31.01,1.62,28.57,38.8
2025-08-07,30.86,1.69,28.49,38.96
2025-08-08,30.9,1.66,28.46,38.98
2025-08-09,30.88,1.68,28.41,39.03
2025-08-10,30.88,1.72,28.35,39.05
2025-08-11,30.38,1.67,28.52,39.43
2025-08-12,30.45,1.71,28.06,39.78
2025-08-13,29.77,1.88,29.38,38.97
2025-08-14,28.87,1.84,29.81,39.48
2025-08-15,29.12,1.88,29.61,39.39
2025-08-16,29.17,1.86,29.55,39.42
2025-08-17,28.89,1.89,29.74,39.48
2025-08-18,29.0,1.89,29.82,39.29
2025-08-19,29.09,1.85,29.78,39.28
2025-08-20,29.18,1.86,29.59,39.37
2025-08-21,29.47,1.84,28.53,40.16
2025-08-22,30.1,1.85,28.99,39.06
2025-08-23,30.04,1.92,29.42,38.62
2025-08-24,30.1,1.94,29.3,38.66
2025-08-25,29.71,1.84,29.57,38.88
2025-08-26,29.13,1.75,29.92,39.2
2025-08-27,28.8,1.74,29.84,39.62
2025-08-28,27.71,1.58,31.18,39.53
2025-08-29,28.69,1.61,30.76,38.94
2025-08-30,28.42,1.6,30.75,39.23
2025-08-31,28.4,1.6,30.71,39.29
2025-09-01,28.53,1.64,30.59,39.24
2025-09-02,27.37,1.62,30.33,40.68
2025-09-03,27.73,1.8,29.04,41.43
2025-09-04,28.77,1.71,28.97,40.55
2025-09-05,28.65,1.68,28.97,40.7
2025-09-06,28.1,1.65,28.76,41.49
2025-09-07,28.08,1.69,28.8,41.43
2025-09-08,27.5,1.64,29.43,41.43
2025-09-09,26.6,1.68,30.03,41.69
2025-09-10,27.49,1.65,30.58,40.28
2025-09-11,27.36,1.78,30.51,40.35
2025-09-12,26.71,1.76,30.94,40.59
2025-09-13,28.92,1.69,30.02,39.37
2025-09-14,28.85,1.74,29.96,39.45
2025-09-15,28.04,1.76,30.68,39.52
2025-09-16,28.94,1.7,29.71,39.65
2025-09-17,28.26,1.71,30.24,39.79
2025-09-18,28.7,1.62,29.56,40.12
2025-09-19,27.85,1.74,29.95,40.46
2025-09-20,27.92,1.81,30.05,40.22
2025-09-21,28.0,1.79,30.13,40.08
2025-09-22,27.49,1.68,30.07,40.76
2025-09-23,27.39,1.63,30.34,40.64
2025-09-24,27.41,1.66,30.07,40.86
2025-09-25,27.25,1.69,29.66,41.4
2025-09-26,26.82,1.69,29.97,41.52
2025-09-27,27.24,1.74,29.53,41.49
2025-09-28,27.25,1.72,29.55,41.48
2025-09-29,27.22,1.75,29.56,41.47
2025-09-30,27.75,1.72,29.16,41.37
2025-10-01,27.7,1.81,29.38,41.11
2025-10-02,27.8,1.74,29.47,40.99
2025-10-03,27.76,2.04,29.15,41.05
2025-10-04,27.78,1.99,29.71,40.52
2025-10-05,27.76,2.04,29.72,40.48
2025-10-06,27.24,1.97,29.85,40.94
2025-10-07,27.0,1.95,29.9,41.15
2025-10-08,27.41,1.95,30.0,40.64
2025-10-09,27.3,2.04,30.25,40.41
2025-10-10,27.08,2.02,30.23,40.67
2025-10-11,28.51,1.99,29.93,39.57
2025-10-12,28.41,2.04,29.93,39.62
2025-10-13,29.31,1.9,30.24,38.55
2025-10-14,31.11,1.7,28.42,38.77
2025-10-15,31.3,1.8,29.05,37.85
2025-10-16,31.56,1.78,28.59,38.07
2025-10-17,30.94,1.72,29.05,38.29
2025-10-18,30.05,1.67,28.52,39.76
2025-10-19,30.06,1.73,28.5,39.71
2025-10-20,30.28,1.73,28.34,39.65
2025-10-21,30.23,1.69,28.44,39.64
2025-10-22,30.23,1.7,28.35,39.72
2025-10-23,30.25,1.71,28.36,39.68
2025-10-24,28.5,1.65,29.34,40.51
2025-10-25,28.09,1.59,29.33,40.99
2025-10-26,27.95,1.57,29.22,41.26
2025-10-27,28.07,1.66,29.7,40.57
2025-10-28,28.17,1.57,29.63,40.63
2025-10-29,28.02,1.5,29.76,40.72
2025-10-30,27.24,1.47,31.25,40.04
2025-10-31,27.83,1.41,30.24,40.52
2025-11-01,28.05,1.38,30.55,40.02
2025-11-02,28.11,1.33,30.55,40.01
2025-11-03,29.27,1.35,30.63,38.75
2025-11-04,29.36,1.67,30.07,38.9
2025-11-05,29.38,1.74,30.06,38.82
2025-11-06,28.83,1.75,30.71,38.71
2025-11-07,29.79,1.79,28.35,40.07
2025-11-08,29.38,1.87,28.28,40.47
2025-11-09,29.49,1.85,28.28,40.38
2025-11-10,29.4,1.81,28.21,40.58
2025-11-11,29.17,1.87,28.35,40.61
2025-11-12,29.22,1.83,28.41,40.54
2025-11-13,28.8,1.9,28.34,40.96
2025-11-14,28.89,1.92,28.01,41.18
2025-11-15,28.34,1.67,28.17,41.82
2025-11-16,28.42,1.64,28.27,41.67
2025-11-17,28.72,1.61,28.78,40.89
2025-11-18,28.56,1.67,29.09,40.68
2025-11-19,29.74,1.67,28.98,39.61
2025-11-20,29.89,1.66,28.18,40.27
2025-11-21,28.7,1.58,28.75,40.97
2025-11-22,29.55,1.57,28.33,40.55
2025-11-23,29.46,1.56,28.42,40.56
2025-11-24,29.35,1.43,29.61,39.61
2025-11-25,28.18,1.41,29.56,40.85
2025-11-26,29.29,1.45,29.27,39.99
2025-11-27,29.54,1.44,28.14,40.88
2025-11-28,28.08,1.47,28.27,42.18
2025-11-29,27.96,1.54,28.49,42.01
2025-11-30,27.97,1.57,28.34,42.12
2025-12-01,28.48,1.49,28.26,41.77
2025-12-02,28.56,1.55,29.04,40.85
2025-12-03,27.27,1.47,30.64,40.62
2025-12-04,26.71,1.71,31.79,39.79
2025-12-05,26.09,1.72,32.0,40.19
2025-12-06,26.39,1.74,31.69,40.18
2025-12-07,26.16,1.78,31.74,40.32
2025-12-08,25.89,1.71,31.84,40.56
2025-12-09,25.98,1.77,31.06,41.19
2025-12-10,25.77,1.71,31.22,41.3
2025-12-11,25.84,1.72,30.92,41.52
2025-12-12,25.98,1.77,31.29,40.96
2025-12-13,25.88,1.72,31.31,41.09
2025-12-14,25.85,1.72,31.32,41.11
2025-12-15,25.88,1.69,31.43,41.0
2025-12-16,25.81,1.77,31.48,40.94
2025-12-17,25.87,1.75,31.55,40.83
2025-12-18,25.88,1.68,31.58,40.86
2025-12-19,25.91,1.71,31.55,40.83
2025-12-20,25.92,1.57,31.66,40.85
2025-12-21,25.98,1.59,31.58,40.85
2025-12-22,25.86,1.6,31.67,40.87
2025-12-23,25.95,1.61,31.6,40.84
2025-12-24,25.88,1.6,31.65,40.87
2025-12-25,25.94,1.61,31.53,40.92
2025-12-26,25.9,1.62,31.57,40.91
2025-12-27,25.9,1.61,31.55,40.94
2025-12-28,25.88,1.6,31.58,40.94
2025-12-29,26.03,1.59,31.48,40.9
2025-12-30,25.92,1.59,31.47,41.02
2025-12-31,26.14,1.54,31.36,40.96
2026-01-01,26.09,1.62,31.35,40.94
2026-01-02,25.98,1.57,31.27,41.18
2026-01-03,26.02,1.56,31.26,41.16
2026-01-04,25.96,1.56,31.27,41.21
2026-01-05,25.98,1.59,31.2,41.23
2026-01-06,26.02,1.56,31.27,41.15
2026-01-07,25.95,1.59,31.29,41.17
2026-01-08,25.9,1.59,31.27,41.24
2026-01-09,26.02,1.6,31.27,41.11
2026-01-10,25.96,1.59,31.24,41.21
2026-01-11,25.9,1.66,31.3,41.14
2026-01-12,25.53,1.66,31.49,41.32
2026-01-13,25.61,1.63,31.68,41.08
2026-01-14,25.54,1.61,31.67,41.18
2026-01-15,25.55,1.69,31.59,41.17
2026-01-16,25.48,1.61,31.71,41.2
2026-01-17,25.51,1.64,31.66,41.19
2026-01-18,25.57,1.64,31.67,41.12
2026-01-19,25.34,1.59,31.74,41.33
2026-01-20,25.47,1.54,31.7,41.29
2026-01-21,25.37,1.6,31.65,41.38
2026-01-22,25.39,1.63,31.34,41.64
2026-01-23,25.36,1.7,31.33,41.61
2026-01-24,25.15,1.74,31.54,41.57
2026-01-25,25.16,1.69,31.62,41.53
2026-01-26,25.09,1.72,31.57,41.62
2026-01-27,25.72,1.66,31.54,41.08
2026-01-28,26.33,1.73,31.3,40.64
2026-01-29,26.26,1.67,30.81,41.26
2026-01-30,26.24,1.78,31.05,40.93
2026-01-31,27.3,1.72,30.4,40.58
2026-02-01,27.22,1.75,30.33,40.7
2026-02-02,26.86,1.66,30.49,40.99
2026-02-03,26.92,1.73,31.01,40.34
2026-02-04,27.19,1.7,30.77,40.34
2026-02-05,27.12,1.53,30.0,41.35
2026-02-06,26.85,1.47,30.63,41.05
2026-02-07,26.19,1.47,30.51,41.83
2026-02-08,26.18,1.49,30.43,41.9
2026-02-09,26.02,1.59,30.02,42.37
2026-02-10,26.27,1.58,30.91,41.24
2026-02-11,27.01,1.51,31.03,40.45
2026-02-12,28.53,0.77,29.39,41.31
2026-02-13,28.81,1.65,28.24,41.3
2026-02-14,26.96,1.57,30.03,41.44
2026-02-15,26.93,1.58,30.1,41.39
2026-02-16,26.01,1.79,28.73,43.47
2026-02-17,25.82,1.77,28.85,43.56
2026-02-18,24.72,1.78,30.08,43.42
2026-02-19,24.78,1.84,30.93,42.45
2026-02-20,25.38,1.81,30.65,42.16
2026-02-21,25.91,1.79,29.67,42.63
2026-02-22,25.91,1.82,29.68,42.59
2026-02-23,27.08,1.82,28.48,42.62
2026-02-24,27.24,1.78,29.47,41.51
2026-02-25,27.16,1.57,29.16,42.11
2026-02-26,27.77,1.54,28.73,41.96
2026-02-27,27.92,1.63,28.32,42.13
2026-02-28,27.27,1.6,28.14,42.99
2026-03-01,27.36,1.57,28.13,42.94
2026-03-02,27.72,1.55,28.45,42.28
2026-03-03,27.34,1.56,28.61,42.49
2026-03-04,27.25,1.53,28.59,42.63
2026-03-05,27.23,1.58,28.68,42.51
2026-03-06,27.55,1.58,28.89,41.98
2026-03-07,27.0,1.62,29.32,42.06
2026-03-08,27.01,1.59,29.36,42.04
2026-03-09,26.78,1.6,29.23,42.39
2026-03-10,26.47,1.65,29.92,41.96
2026-03-11,27.07,1.65,29.39,41.89
2026-03-12,28.14,1.62,28.82,41.42
2026-03-13,28.59,1.58,28.96,40.87
2026-03-14,28.55,1.63,27.96,41.86
2026-03-15,28.63,1.69,27.96,41.72
2026-03-16,28.48,1.6,28.52,41.4
2026-03-17,28.41,1.47,29.07,41.05
2026-03-18,28.0,1.52,29.0,41.48
2026-03-19,28.34,1.48,28.9,41.28
2026-03-20,28.35,1.48,28.7,41.47
2026-03-21,28.31,1.48,28.83,41.38
2026-03-22,28.49,1.51,28.54,41.46
2026-03-23,28.24,1.51,28.5,41.75
2026-03-24,27.49,1.5,28.49,42.52
2026-03-25,27.52,1.5,28.28,42.7
2026-03-26,27.4,1.45,28.08,43.07
2026-03-27,27.22,1.41,27.97,43.4
2026-03-28,27.29,1.56,27.67,43.48
2026-03-29,27.35,1.58,27.51,43.56
2026-03-30,27.38,1.48,28.91,42.23
2026-03-31,26.83,1.44,29.81,41.92
2026-04-01,26.71,1.48,29.28,42.53
2026-04-02,26.37,1.5,30.41,41.72
2026-04-03,26.19,1.56,30.13,42.12
2026-04-04,26.55,1.51,28.83,43.11
2026-04-05,26.54,1.52,28.79,43.15
2026-04-06,26.35,1.68,28.69,43.28
2026-04-07,26.19,1.55,28.75,43.51
2026-04-08,27.5,1.53,28.2,42.77
2026-04-09,25.86,1.49,29.08,43.57
2026-04-10,26.46,1.53,30.12,41.89
2026-04-11,26.92,1.51,29.78,41.79
2026-04-12,26.9,1.47,29.81,41.82
2026-04-13,27.1,1.49,28.56,42.85
2026-04-14,27.79,1.53,28.07,42.61
2026-04-15,27.1,1.52,28.73,42.65
2026-04-16,27.47,1.58,28.38,42.57
2026-04-17,27.47,1.59,28.23,42.71
2026-04-18,27.38,1.58,28.32,42.72
2026-04-19,27.41,1.6,28.32,42.67
2026-04-20,27.26,1.78,28.33,42.63
2026-04-21,28.23,1.73,28.46,41.58
2026-04-22,27.9,1.67,30.09,40.34
2026-04-23,28.84,1.57,30.1,39.49
2026-04-24,29.34,1.81,29.05,39.8
2026-04-25,28.24,2.11,28.52,41.13
2026-04-26,28.26,2.1,28.57,41.07
2026-04-27,27.99,2.18,27.62,42.21
2026-04-28,27.17,2.22,27.94,42.67
2026-04-29,27.07,2.21,28.89,41.83
2026-04-30,28.07,1.99,29.23,40.71
2026-05-01,27.3,3.42,28.75,40.53
2026-05-02,28.47,1.9,28.81,40.82
2026-05-03,28.38,1.95,28.9,40.77
2026-05-04,29.9,1.86,28.67,39.57
2026-05-05,29.52,1.68,28.67,40.13
2026-05-06,27.88,1.56,29.92,40.64
2026-05-07,27.17,1.68,29.86,41.29
2026-05-08,27.06,1.6,30.1,41.24
2026-05-09,26.58,1.66,29.8,41.96
2026-05-10,26.63,1.62,29.79,41.96
2026-05-11,26.28,1.72,30.07,41.93
2026-05-12,25.71,1.67,30.44,42.18
2026-05-13,25.31,1.68,30.31,42.7
2026-05-14,25.08,1.71,30.21,43.0
2026-05-15,24.74,1.66,30.54,43.06
2026-05-16,24.57,1.6,30.53,43.3
2026-05-17,24.83,1.63,30.37,43.17
2026-05-18,24.9,1.59,29.94,43.57
2026-05-19,24.95,1.6,29.41,44.04
2026-05-20,25.55,1.58,28.99,43.88
2026-05-21,26.29,1.6,28.31,43.8
2026-05-22,26.12,1.6,27.94,44.34
2026-05-23,26.0,1.59,27.83,44.58
2026-05-24,26.0,1.58,27.92,44.5
2026-05-25,26.0,1.57,27.91,44.52
2026-05-26,26.43,1.64,27.62,44.31
2026-05-27,26.34,1.64,28.19,43.83
2026-05-28,26.41,1.61,28.26,43.72
2026-05-29,26.3,1.66,28.37,43.67
2026-05-30,25.6,1.62,28.84,43.94
2026-05-31,25.67,1.61,28.72,44.0
2026-06-01,26.42,1.63,29.24,42.71
2026-06-02,26.38,1.59,29.16,42.87
2026-06-03,26.64,1.58,28.6,43.18
2026-06-04,27.58,1.66,28.37,42.39
2026-06-05,28.55,1.58,27.34,42.53
2026-06-06,28.86,1.55,26.58,43.01
2026-06-07,28.92,1.56,26.62,42.9
2026-06-08,30.15,1.6,26.17,42.08
2026-06-09,29.94,1.57,25.46,43.03
2026-06-10,29.85,1.51,25.38,43.26
2026-06-11,29.58,1.55,25.66,43.21
2026-06-12,29.89,1.54,25.96,42.61
2026-06-13,29.62,1.66,25.61,43.11
2026-06-14,29.61,1.62,25.57,43.2
2026-06-15,29.58,1.62,25.83,42.97
2026-06-16,30.73,1.63,25.31,42.33
2026-06-17,30.83,1.57,26.15,41.45
2026-06-18,30.58,1.6,26.44,41.38
2026-06-19,30.55,1.45,26.05,41.95
2026-06-20,30.15,1.35,26.36,42.14
2026-06-21,30.13,1.39,26.39,42.09
2026-06-22,30.54,1.37,26.27,41.82
2026-06-23,30.73,1.43,26.45,41.39
2026-06-24,30.46,1.43,26.51,41.6
2026-06-25,30.7,1.37,26.39,41.54
2026-06-26,30.73,1.43,26.38,41.46
2026-06-27,30.79,1.44,25.86,41.91
2026-06-28,30.74,1.47,26.05,41.74
2026-06-29,31.07,1.47,25.85,41.61
2026-06-30,30.86,1.5,26.16,41.48
2026-07-01,31.2,1.49,25.6,41.71
2026-07-02,31.41,1.56,25.46,41.57
2026-07-03,31.39,1.5,25.49,41.62
2026-07-04,31.45,1.52,25.47,41.56
2026-07-05,31.51,1.48,25.48,41.53
2026-07-06,31.49,1.52,25.44,41.55
2026-07-07,31.63,1.56,25.38,41.43
2026-07-08,31.65,1.5,25.4,41.45
2026-07-09,31.63,1.54,25.25,41.58
2026-07-10,31.62,1.55,25.22,41.61
2026-07-11,31.7,1.53,25.27,41.5
2026-07-12,31.75,1.52,25.24,41.49
2026-07-13,31.52,1.55,25.35,41.58
2026-07-14,31.57,1.58,25.54,41.31
2026-07-15,31.67,1.58,25.51,41.24
2026-07-16,31.63,1.56,25.4,41.41
2026-07-17,31.77,1.55,25.56,41.12
2026-07-18,31.54,1.52,25.78,41.16
2026-07-19,31.35,1.55,25.73,41.37
2026-07-20,31.32,1.58,25.71,41.39
2026-07-21,31.47,1.48,25.88,41.17
2026-07-22,30.91,1.46,26.07,41.56
2026-07-23,31.34,1.42,26.22,41.02
2026-07-24,31.37,1.47,26.29,40.87
2026-07-25,31.53,1.5,26.28,40.69
2026-07-26,31.63,1.43,26.23,40.71
2026-07-27,31.7,1.44,26.36,40.5
2026-07-28,31.59,1.46,26.45,40.5
2026-07-29,31.56,1.43,26.59,40.42
2026-07-30,31.65,1.45,26.6,40.3
2026-07-31,31.49,1.41,26.54,40.56
2026-08-01,31.4,1.45,26.61,40.54
2026-08-02,31.44,1.46,26.62,40.48
2026-08-03,31.6,1.46,26.7,40.24
2026-08-04,31.48,1.41,26.67,40.44
2026-08-05,31.45,1.5,26.65,40.4
2026-08-06,31.62,1.43,26.45,40.5
2026-08-07,31.76,1.45,26.52,40.27
2026-08-08,31.81,1.45,26.7,40.04
2026-08-09,31.74,1.48,26.79,39.99
2026-08-10,31.6,1.47,27.06,39.87
2026-08-11,31.56,1.43,27.15,39.86
2026-08-12,31.35,1.48,27.13,40.04
2026-08-13,30.83,1.43,27.04,40.7
2026-08-14,30.51,1.43,27.15,40.91
2026-08-15,30.53,1.43,27.1,40.94
2026-08-16,30.67,1.46,27.01,40.86
