date,Current expenses gone up; but still manageable,Current expenses have become difficult to manage,Current expenses have gone down,Others/DK/CS
2019-10-12,33.54,55.67,5.56,5.23
2019-10-13,33.57,55.61,5.57,5.25
2019-10-14,33.62,55.56,5.56,5.26
2019-10-15,33.38,55.83,5.5,5.29
2019-10-16,33.24,56.07,5.34,5.35
2019-10-17,32.39,54.26,5.34,8.01
2019-10-18,32.19,54.32,5.39,8.1
2019-10-19,34.57,51.04,5.55,8.84
2019-10-20,33.63,52.13,5.62,8.62
2019-10-21,32.51,47.33,4.96,15.2
2019-10-22,32.38,47.05,5.64,14.93
2019-10-23,33.68,54.55,5.85,5.92
2019-10-24,33.5,54.44,5.9,6.16
2019-10-25,34.03,53.5,6.07,6.4
2019-10-26,33.68,53.47,6.24,6.61
2019-10-27,34.03,53.39,6.0,6.58
2019-10-28,33.49,53.67,6.19,6.65
2019-10-29,33.49,53.79,6.14,6.58
2019-10-30,34.37,53.36,5.74,6.53
2019-10-31,34.23,55.03,5.5,5.24
2019-11-01,35.42,53.65,6.19,4.74
2019-11-02,35.53,53.43,6.23,4.81
2019-11-03,35.57,53.52,6.13,4.78
2019-11-04,35.65,54.83,4.63,4.89
2019-11-05,36.28,53.98,4.93,4.81
2019-11-06,36.4,53.63,5.03,4.94
2019-11-07,36.78,53.26,5.06,4.9
2019-11-08,36.78,53.3,4.99,4.93
2019-11-09,36.66,53.31,5.09,4.94
2019-11-10,36.64,53.27,5.17,4.92
2019-11-11,36.52,53.34,5.2,4.94
2019-11-12,36.58,53.24,5.22,4.96
2019-11-13,36.52,53.23,5.25,5.0
2019-11-14,36.79,52.87,5.22,5.12
2019-11-15,36.73,52.99,5.22,5.06
2019-11-16,37.13,52.55,5.22,5.1
2019-11-17,37.05,52.68,5.18,5.09
2019-11-18,37.19,52.44,5.22,5.15
2019-11-19,37.19,52.21,5.35,5.25
2019-11-20,37.11,52.22,5.33,5.34
2019-11-21,37.04,52.18,5.29,5.49
2019-11-22,36.78,52.65,5.13,5.44
2019-11-23,37.1,52.42,5.14,5.34
2019-11-24,37.03,52.46,5.16,5.35
2019-11-25,36.85,52.6,5.12,5.43
2019-11-26,36.77,52.78,5.1,5.35
2019-11-27,36.58,53.02,5.15,5.25
2019-11-28,36.55,53.0,5.23,5.22
2019-11-29,36.45,53.13,5.46,4.96
2019-11-30,36.23,53.47,5.51,4.79
2019-12-01,36.1,53.65,5.43,4.82
2019-12-02,35.69,54.06,5.51,4.74
2019-12-03,35.69,54.25,5.49,4.57
2019-12-04,35.63,54.34,5.39,4.64
2019-12-05,35.53,54.53,5.31,4.63
2019-12-06,35.27,54.92,5.24,4.57
2019-12-07,35.09,55.26,5.1,4.55
2019-12-08,35.29,55.05,5.11,4.55
2019-12-09,35.17,55.29,5.03,4.51
2019-12-10,34.9,55.06,5.49,4.55
2019-12-11,35.1,54.92,5.44,4.54
2019-12-12,34.93,55.13,5.37,4.57
2019-12-13,34.99,55.02,5.42,4.57
2019-12-14,35.0,55.02,5.43,4.55
2019-12-15,35.01,54.93,5.43,4.63
2019-12-16,34.86,55.03,5.46,4.65
2019-12-17,35.01,54.9,5.47,4.62
2019-12-18,34.93,55.01,5.44,4.62
2019-12-19,34.83,55.11,5.44,4.62
2019-12-20,34.82,55.02,5.5,4.66
2019-12-21,34.92,54.98,5.46,4.64
2019-12-22,34.76,55.09,5.48,4.67
2019-12-23,34.62,55.23,5.52,4.63
2019-12-24,34.49,55.4,5.43,4.68
2019-12-25,34.47,55.38,5.46,4.69
2019-12-26,34.45,55.26,5.58,4.71
2019-12-27,34.7,54.81,5.35,5.14
2019-12-28,34.83,55.12,5.22,4.83
2019-12-29,34.77,55.11,5.28,4.84
2019-12-30,35.05,54.87,5.34,4.74
2019-12-31,34.99,54.91,5.36,4.74
2020-01-01,35.08,54.91,5.28,4.73
2020-01-02,35.09,54.91,5.28,4.72
2020-01-03,35.11,54.73,5.46,4.7
2020-01-04,35.12,54.83,5.37,4.68
2020-01-05,35.22,54.77,5.34,4.67
2020-01-06,35.14,54.92,5.31,4.63
2020-01-07,35.27,54.79,5.35,4.59
2020-01-08,35.34,54.63,5.44,4.59
2020-01-09,35.12,54.85,5.47,4.56
2020-01-10,34.96,54.9,5.52,4.62
2020-01-11,35.22,54.68,5.43,4.67
2020-01-12,35.0,54.86,5.45,4.69
2020-01-13,35.09,54.8,5.37,4.74
2020-01-14,34.85,54.99,5.44,4.72
2020-01-15,34.76,55.09,5.35,4.8
2020-01-16,34.84,54.97,5.39,4.8
2020-01-17,34.62,55.15,5.31,4.92
2020-01-18,34.7,55.09,5.28,4.93
2020-01-19,34.8,54.98,5.29,4.93
2020-01-20,34.67,55.24,5.21,4.88
2020-01-21,34.66,55.22,5.14,4.98
2020-01-22,34.62,55.24,5.18,4.96
2020-01-23,34.69,55.23,5.12,4.96
2020-01-24,34.62,55.25,5.2,4.93
2020-01-25,34.56,55.3,5.18,4.96
2020-01-26,34.6,55.32,5.15,4.93
2020-01-27,34.67,55.23,5.18,4.92
2020-01-28,34.35,55.48,5.14,5.03
2020-01-29,34.71,54.92,5.16,5.21
2020-01-30,35.02,54.49,5.2,5.29
2020-01-31,34.8,54.35,5.33,5.52
2020-02-01,34.66,54.35,5.41,5.58
2020-02-02,34.77,54.28,5.42,5.53
2020-02-03,34.76,54.25,5.4,5.59
2020-02-04,35.07,54.08,5.34,5.51
2020-02-05,34.78,54.28,5.37,5.57
2020-02-06,34.53,54.41,5.18,5.88
2020-02-07,34.7,53.63,5.61,6.06
2020-02-08,34.65,53.7,5.61,6.04
2020-02-09,34.89,53.48,5.54,6.09
2020-02-10,34.53,53.41,5.86,6.2
2020-02-11,34.25,54.25,5.74,5.76
2020-02-12,34.36,54.4,5.4,5.84
2020-02-13,34.5,54.58,5.5,5.42
2020-02-14,34.12,54.9,5.6,5.38
2020-02-15,34.58,54.99,5.58,4.85
2020-02-16,34.44,55.06,5.64,4.86
2020-02-17,34.19,55.49,5.48,4.84
2020-02-18,34.65,54.78,5.8,4.77
2020-02-19,34.45,55.12,5.84,4.59
2020-02-20,34.56,54.86,6.0,4.58
2020-02-21,34.55,54.88,6.0,4.57
2020-02-22,34.6,54.91,6.03,4.46
2020-02-23,34.71,54.83,5.99,4.47
2020-02-24,34.6,54.81,6.19,4.4
2020-02-25,34.92,54.79,5.87,4.42
2020-02-26,35.25,54.82,5.57,4.36
2020-02-27,35.1,55.14,5.5,4.26
2020-02-28,36.07,54.48,5.14,4.31
2020-02-29,36.16,54.38,5.33,4.13
2020-03-01,36.05,54.5,5.31,4.14
2020-03-02,34.83,55.67,5.32,4.18
2020-03-03,35.2,55.38,5.12,4.3
2020-03-04,35.46,55.29,5.0,4.25
2020-03-05,35.42,55.35,5.08,4.15
2020-03-06,35.48,55.34,5.07,4.11
2020-03-07,35.42,55.5,5.07,4.01
2020-03-08,35.46,55.48,5.1,3.96
2020-03-09,35.48,55.37,5.08,4.07
2020-03-10,35.52,55.3,5.12,4.06
2020-03-11,35.59,55.22,5.16,4.03
2020-03-12,35.69,55.25,5.06,4.0
2020-03-13,35.6,55.21,5.1,4.09
2020-03-14,36.32,54.42,5.14,4.12
2020-03-15,36.03,54.59,5.28,4.1
2020-03-16,36.27,54.36,5.22,4.15
2020-03-17,36.29,54.34,5.23,4.14
2020-03-18,36.22,54.43,5.29,4.06
2020-03-19,36.34,54.33,5.26,4.07
2020-03-20,36.25,54.44,5.22,4.09
2020-03-21,36.46,54.26,5.21,4.07
2020-03-22,36.27,54.44,5.22,4.07
2020-03-23,36.96,53.61,5.18,4.25
2020-03-24,36.83,53.39,5.2,4.58
2020-03-25,36.78,53.49,5.23,4.5
2020-03-26,36.95,53.39,5.18,4.48
2020-03-27,37.07,53.29,5.71,3.93
2020-03-28,36.94,53.65,5.43,3.98
2020-03-29,36.98,53.61,5.45,3.96
2020-03-30,36.71,54.2,5.29,3.8
2020-03-31,36.62,54.36,5.25,3.77
2020-04-01,37.98,52.99,5.53,3.5
2020-04-02,38.91,51.72,5.86,3.51
2020-04-03,39.03,51.18,6.16,3.63
2020-04-04,39.07,51.19,6.15,3.59
2020-04-05,39.11,51.14,6.14,3.61
2020-04-06,39.03,51.23,6.15,3.59
2020-04-07,38.56,50.93,6.57,3.94
2020-04-08,38.95,50.14,6.63,4.28
2020-04-09,38.48,50.64,6.66,4.22
2020-04-10,38.46,50.78,6.47,4.29
2020-04-11,38.54,50.1,6.73,4.63
2020-04-12,38.57,50.07,6.73,4.63
2020-04-13,38.15,51.0,6.63,4.22
2020-04-14,38.45,50.76,6.4,4.39
2020-04-15,37.99,50.3,6.67,5.04
2020-04-16,38.38,50.65,6.78,4.19
2020-04-17,37.6,50.86,7.59,3.95
2020-04-18,37.12,51.29,7.62,3.97
2020-04-19,37.44,51.08,7.55,3.93
2020-04-20,37.73,50.86,7.27,4.14
2020-04-21,37.7,50.3,7.82,4.18
2020-04-22,37.31,50.67,7.85,4.17
2020-04-23,38.63,49.19,7.81,4.37
2020-04-24,38.45,48.99,8.06,4.5
2020-04-25,37.25,49.33,9.08,4.34
2020-04-26,37.56,49.63,8.22,4.59
2020-04-27,37.75,48.64,8.74,4.87
2020-04-28,37.44,48.8,8.47,5.29
2020-04-29,37.89,48.45,8.46,5.2
2020-04-30,36.97,49.26,8.51,5.26
2020-05-01,36.67,49.19,8.76,5.38
2020-05-02,36.81,49.55,8.27,5.37
2020-05-03,37.48,49.65,7.85,5.02
2020-05-04,35.56,51.19,8.02,5.23
2020-05-05,35.2,52.18,8.2,4.42
2020-05-06,35.15,52.23,8.1,4.52
2020-05-07,34.59,52.08,8.67,4.66
2020-05-08,34.34,52.23,8.61,4.82
2020-05-09,34.5,52.11,8.58,4.81
2020-05-10,33.89,52.38,8.48,5.25
2020-05-11,34.35,51.86,8.74,5.05
2020-05-12,34.0,52.02,8.94,5.04
2020-05-13,34.11,51.73,9.06,5.1
2020-05-14,33.69,51.88,9.38,5.05
2020-05-15,33.71,51.72,9.29,5.28
2020-05-16,32.76,52.3,9.63,5.31
2020-05-17,32.7,51.96,9.67,5.67
2020-05-18,32.55,52.48,9.31,5.66
2020-05-19,33.2,52.19,8.78,5.83
2020-05-20,32.41,52.76,9.2,5.63
2020-05-21,32.24,53.41,8.99,5.36
2020-05-22,32.27,53.42,8.89,5.42
2020-05-23,33.04,52.58,8.97,5.41
2020-05-24,32.75,52.37,9.51,5.37
2020-05-25,33.15,51.95,9.45,5.45
2020-05-26,33.77,51.46,9.26,5.51
2020-05-27,33.37,51.86,9.81,4.96
2020-05-28,33.51,51.83,9.81,4.85
2020-05-29,33.37,51.82,10.15,4.66
2020-05-30,33.24,51.74,10.37,4.65
2020-05-31,33.36,51.63,10.35,4.66
2020-06-01,33.17,51.83,10.41,4.59
2020-06-02,33.84,51.45,10.42,4.29
2020-06-03,33.4,51.93,10.46,4.21
2020-06-04,33.4,52.37,10.23,4.0
2020-06-05,33.96,51.43,10.37,4.24
2020-06-06,34.35,51.25,10.14,4.26
2020-06-07,34.48,51.08,10.29,4.15
2020-06-08,34.28,51.51,10.26,3.95
2020-06-09,34.36,52.27,9.56,3.81
2020-06-10,33.9,52.9,9.49,3.71
2020-06-11,34.51,52.11,9.65,3.73
2020-06-12,35.24,51.07,9.85,3.84
2020-06-13,35.02,51.28,9.84,3.86
2020-06-14,34.87,51.49,9.8,3.84
2020-06-15,34.75,51.4,10.1,3.75
2020-06-16,34.78,51.16,10.25,3.81
2020-06-17,33.88,51.64,10.88,3.6
2020-06-18,33.39,52.47,10.96,3.18
2020-06-19,33.09,52.03,11.72,3.16
2020-06-20,33.17,51.9,11.68,3.25
2020-06-21,33.41,52.21,11.23,3.15
2020-06-22,33.22,52.55,11.07,3.16
2020-06-23,33.31,52.66,10.87,3.16
2020-06-24,33.3,52.4,11.27,3.03
2020-06-25,32.25,53.68,10.94,3.13
2020-06-26,32.34,53.38,11.29,2.99
2020-06-27,33.08,52.67,11.04,3.21
2020-06-28,32.64,53.48,10.91,2.97
2020-06-29,32.75,53.59,10.74,2.92
2020-06-30,32.85,53.59,10.61,2.95
2020-07-01,32.76,53.61,10.71,2.92
2020-07-02,32.82,53.58,10.71,2.89
2020-07-03,32.68,53.84,10.57,2.91
2020-07-04,32.97,53.75,10.42,2.86
2020-07-05,33.58,53.87,9.72,2.83
2020-07-06,33.63,53.89,9.66,2.82
2020-07-07,33.46,54.81,8.92,2.81
2020-07-08,31.97,55.86,9.35,2.82
2020-07-09,31.95,56.32,9.01,2.72
2020-07-10,31.69,56.12,9.5,2.69
2020-07-11,32.25,55.75,9.28,2.72
2020-07-12,32.06,55.66,9.59,2.69
2020-07-13,31.91,55.8,9.57,2.72
2020-07-14,32.1,55.37,9.72,2.81
2020-07-15,32.05,55.39,9.79,2.77
2020-07-16,32.11,54.67,10.46,2.76
2020-07-17,31.65,56.0,9.52,2.83
2020-07-18,31.28,56.39,9.5,2.83
2020-07-19,30.67,56.62,9.32,3.39
2020-07-20,31.96,55.72,9.01,3.31
2020-07-21,31.79,55.89,9.05,3.27
2020-07-22,32.02,55.67,9.1,3.21
2020-07-23,32.22,55.5,9.09,3.19
2020-07-24,31.96,55.86,8.97,3.21
2020-07-25,31.95,56.05,8.69,3.31
2020-07-26,32.04,55.88,8.75,3.33
2020-07-27,32.04,55.61,9.02,3.33
2020-07-28,32.44,55.73,8.85,2.98
2020-07-29,31.63,56.3,8.99,3.08
2020-07-30,31.48,56.41,9.01,3.1
2020-07-31,30.96,56.65,8.93,3.46
2020-08-01,30.0,57.43,9.2,3.37
2020-08-02,29.74,57.38,9.46,3.42
2020-08-03,29.85,57.25,9.45,3.45
2020-08-04,30.09,57.11,9.4,3.4
2020-08-05,30.07,57.56,9.06,3.31
2020-08-06,30.18,57.16,9.28,3.38
2020-08-07,30.47,56.79,9.25,3.49
2020-08-08,30.38,56.76,9.34,3.52
2020-08-09,30.35,56.81,9.32,3.52
2020-08-10,30.4,56.51,9.49,3.6
2020-08-11,30.52,56.62,9.36,3.5
2020-08-12,30.29,56.81,9.38,3.52
2020-08-13,31.35,55.27,9.91,3.47
2020-08-14,31.75,54.42,10.26,3.57
2020-08-15,31.76,54.43,10.27,3.54
2020-08-16,31.78,54.42,10.26,3.54
2020-08-17,31.51,54.79,10.11,3.59
2020-08-18,31.79,54.22,10.16,3.83
2020-08-19,31.72,54.12,10.34,3.82
2020-08-20,31.53,53.61,10.92,3.94
2020-08-21,30.73,54.53,10.68,4.06
2020-08-22,31.16,53.91,10.87,4.06
2020-08-23,31.21,53.79,10.96,4.04
2020-08-24,31.21,53.57,11.18,4.04
2020-08-25,31.51,53.29,11.14,4.06
2020-08-26,31.69,52.62,11.54,4.15
2020-08-27,32.0,52.43,11.47,4.1
2020-08-28,31.72,52.55,11.82,3.91
2020-08-29,32.06,52.11,11.98,3.85
2020-08-30,32.08,52.0,12.09,3.83
2020-08-31,33.24,51.31,11.7,3.75
2020-09-01,32.5,52.3,11.36,3.84
2020-09-02,32.8,53.03,10.55,3.62
2020-09-03,32.4,53.36,10.54,3.7
2020-09-04,31.58,54.12,10.89,3.41
2020-09-05,31.61,54.22,10.76,3.41
2020-09-06,31.69,54.09,10.78,3.44
2020-09-07,31.51,53.79,11.23,3.47
2020-09-08,31.25,54.58,10.82,3.35
2020-09-09,31.31,54.61,10.81,3.27
2020-09-10,31.07,54.97,10.72,3.24
2020-09-11,31.23,55.01,10.73,3.03
2020-09-12,31.4,54.82,10.79,2.99
2020-09-13,31.55,54.69,10.81,2.95
2020-09-14,31.5,54.74,10.71,3.05
2020-09-15,31.51,54.81,10.57,3.11
2020-09-16,31.37,55.03,10.64,2.96
2020-09-17,31.71,55.15,10.26,2.88
2020-09-18,31.47,55.55,10.16,2.82
2020-09-19,31.71,55.18,10.27,2.84
2020-09-20,31.55,55.39,10.22,2.84
2020-09-21,31.11,55.92,10.17,2.8
2020-09-22,31.38,55.73,10.06,2.83
2020-09-23,31.25,55.78,10.07,2.9
2020-09-24,31.46,55.68,9.98,2.88
2020-09-25,31.78,55.39,9.89,2.94
2020-09-26,31.5,55.72,9.77,3.01
2020-09-27,31.43,55.76,9.79,3.02
2020-09-28,31.42,56.06,9.49,3.03
2020-09-29,30.91,56.12,9.86,3.11
2020-09-30,30.27,56.6,10.02,3.11
2020-10-01,30.6,56.37,9.95,3.08
2020-10-02,30.48,56.47,9.94,3.11
2020-10-03,30.19,56.8,10.0,3.01
2020-10-04,30.22,56.79,9.99,3.0
2020-10-05,30.23,56.75,10.02,3.0
2020-10-06,30.63,56.02,10.29,3.06
2020-10-07,30.96,55.75,10.26,3.03
2020-10-08,30.71,56.45,9.99,2.85
2020-10-09,30.56,56.54,10.04,2.86
2020-10-10,28.03,58.14,11.07,2.76
2020-10-11,27.84,58.37,11.04,2.75
2020-10-12,28.32,58.12,10.96,2.6
2020-10-13,28.1,58.57,10.69,2.64
2020-10-14,27.78,58.42,11.0,2.8
2020-10-15,27.95,58.35,10.92,2.78
2020-10-16,28.42,57.66,11.02,2.9
2020-10-17,28.37,57.67,11.06,2.9
2020-10-18,28.34,57.7,11.05,2.91
2020-10-19,28.08,58.53,10.71,2.68
2020-10-20,28.37,58.16,10.7,2.77
2020-10-21,27.99,58.77,10.57,2.67
2020-10-22,27.86,58.48,10.67,2.99
2020-10-23,28.33,58.27,10.26,3.14
2020-10-24,28.29,58.26,10.32,3.13
2020-10-25,28.28,58.32,10.27,3.13
2020-10-26,27.98,58.46,10.24,3.32
2020-10-27,28.08,58.29,10.31,3.32
2020-10-28,28.05,58.3,10.34,3.31
2020-10-29,28.17,58.53,10.05,3.25
2020-10-30,28.24,58.46,10.09,3.21
2020-10-31,27.97,58.27,10.3,3.46
2020-11-01,27.84,58.49,10.25,3.42
2020-11-02,27.9,58.39,10.13,3.58
2020-11-03,27.92,58.38,10.04,3.66
2020-11-04,27.59,58.81,9.97,3.63
2020-11-05,28.49,58.17,10.02,3.32
2020-11-06,28.52,58.09,9.97,3.42
2020-11-07,28.51,58.25,9.92,3.32
2020-11-08,28.4,58.36,9.87,3.37
2020-11-09,27.24,59.7,10.13,2.93
2020-11-10,27.1,59.94,9.97,2.99
2020-11-11,27.24,60.43,9.46,2.87
2020-11-12,28.67,60.16,8.64,2.53
2020-11-13,28.58,60.23,8.65,2.54
2020-11-14,28.51,60.3,8.65,2.54
2020-11-15,28.62,60.14,8.71,2.53
2020-11-16,28.67,60.22,8.56,2.55
2020-11-17,28.48,59.7,8.96,2.86
2020-11-18,28.62,60.09,8.54,2.75
2020-11-19,29.53,59.02,8.72,2.73
2020-11-20,29.52,59.09,8.64,2.75
2020-11-21,29.67,58.52,9.05,2.76
2020-11-22,29.65,58.53,9.04,2.78
2020-11-23,29.91,58.4,8.9,2.79
2020-11-24,29.63,58.47,9.02,2.88
2020-11-25,29.8,58.81,8.69,2.7
2020-11-26,30.09,59.07,8.26,2.58
2020-11-27,30.41,58.86,8.23,2.5
2020-11-28,30.36,58.87,8.24,2.53
2020-11-29,30.29,58.93,8.27,2.51
2020-11-30,30.35,58.9,8.23,2.52
2020-12-01,30.44,58.78,8.23,2.55
2020-12-02,30.35,58.81,8.4,2.44
2020-12-03,29.9,58.08,9.44,2.58
2020-12-04,29.65,57.63,10.14,2.58
2020-12-05,29.39,57.98,10.12,2.51
2020-12-06,29.29,58.12,10.08,2.51
2020-12-07,29.16,58.23,10.22,2.39
2020-12-08,28.58,58.95,9.88,2.59
2020-12-09,28.25,58.82,10.3,2.63
2020-12-10,28.55,59.01,9.69,2.75
2020-12-11,29.02,58.65,9.55,2.78
2020-12-12,30.0,57.97,9.21,2.82
2020-12-13,30.01,57.95,9.21,2.83
2020-12-14,30.33,57.53,9.29,2.85
2020-12-15,31.48,56.86,8.61,3.05
2020-12-16,31.52,57.08,8.32,3.08
2020-12-17,31.68,57.16,8.0,3.16
2020-12-18,31.94,57.0,7.65,3.41
2020-12-19,31.5,57.76,7.22,3.52
2020-12-20,31.56,57.73,7.17,3.54
2020-12-21,32.54,56.64,7.24,3.58
2020-12-22,31.72,57.56,6.89,3.83
2020-12-23,30.64,58.25,7.38,3.73
2020-12-24,30.35,58.45,7.53,3.67
2020-12-25,30.35,58.39,7.59,3.67
2020-12-26,30.32,58.44,7.56,3.68
2020-12-27,30.18,58.57,7.58,3.67
2020-12-28,30.27,58.49,7.57,3.67
2020-12-29,30.41,58.4,7.53,3.66
2020-12-30,30.29,58.28,7.79,3.64
2020-12-31,30.26,58.24,7.82,3.68
2021-01-01,29.96,58.21,8.2,3.63
2021-01-02,29.34,58.33,8.62,3.71
2021-01-03,29.41,58.29,8.57,3.73
2021-01-04,30.04,57.68,8.7,3.58
2021-01-05,30.45,57.38,8.59,3.58
2021-01-06,30.3,57.25,8.0,4.45
2021-01-07,29.89,57.19,8.13,4.79
2021-01-08,30.09,56.63,8.2,5.08
2021-01-09,30.28,57.17,7.79,4.76
2021-01-10,30.25,57.2,7.79,4.76
2021-01-11,30.54,57.13,7.72,4.61
2021-01-12,30.52,57.85,7.77,3.86
2021-01-13,31.51,56.97,8.04,3.48
2021-01-14,30.37,58.77,7.54,3.32
2021-01-15,30.15,58.64,7.98,3.23
2021-01-16,29.89,58.37,8.38,3.36
2021-01-17,30.04,58.22,8.42,3.32
2021-01-18,30.48,58.51,7.71,3.3
2021-01-19,29.94,59.01,7.77,3.28
2021-01-20,29.67,59.18,7.92,3.23
2021-01-21,30.48,58.57,7.71,3.24
2021-01-22,30.65,58.87,7.32,3.16
2021-01-23,30.21,58.78,7.83,3.18
2021-01-24,30.12,58.86,7.86,3.16
2021-01-25,29.69,59.35,7.98,2.98
2021-01-26,29.54,59.53,7.95,2.98
2021-01-27,29.78,59.51,7.8,2.91
2021-01-28,30.71,58.83,7.54,2.92
2021-01-29,30.48,59.26,7.35,2.91
2021-01-30,30.28,59.42,7.4,2.9
2021-01-31,30.52,59.22,7.37,2.89
2021-02-01,30.42,59.35,7.37,2.86
2021-02-02,30.7,59.37,7.2,2.73
2021-02-03,31.36,58.82,7.12,2.7
2021-02-04,31.21,58.81,7.37,2.61
2021-02-05,30.66,59.59,7.18,2.57
2021-02-06,30.67,59.57,7.21,2.55
2021-02-07,30.73,59.58,7.15,2.54
2021-02-08,31.21,58.78,7.35,2.66
2021-02-09,31.05,59.15,7.12,2.68
2021-02-10,30.96,59.62,6.89,2.53
2021-02-11,30.81,58.92,7.72,2.55
2021-02-12,30.63,59.25,7.29,2.83
2021-02-13,31.29,58.86,7.03,2.82
2021-02-14,31.12,58.99,7.08,2.81
2021-02-15,31.71,58.75,6.41,3.13
2021-02-16,32.11,58.23,6.43,3.23
2021-02-17,31.68,58.73,6.45,3.14
2021-02-18,30.48,60.06,6.39,3.07
2021-02-19,29.87,60.74,6.48,2.91
2021-02-20,30.43,60.73,6.21,2.63
2021-02-21,30.46,60.64,6.26,2.64
2021-02-22,29.83,61.14,6.31,2.72
2021-02-23,30.02,60.33,6.8,2.85
2021-02-24,30.39,60.71,6.28,2.62
2021-02-25,30.16,61.04,6.19,2.61
2021-02-26,29.62,61.59,6.13,2.66
2021-02-27,29.72,60.71,6.68,2.89
2021-02-28,29.75,60.6,6.63,3.02
2021-03-01,29.67,60.88,6.3,3.15
2021-03-02,29.2,61.64,6.34,2.82
2021-03-03,28.84,62.2,6.2,2.76
2021-03-04,28.31,62.7,6.21,2.78
2021-03-05,27.85,63.52,5.84,2.79
2021-03-06,27.37,63.84,6.17,2.62
2021-03-07,27.4,63.79,6.14,2.67
2021-03-08,26.43,64.89,6.17,2.51
2021-03-09,26.53,64.48,6.52,2.47
2021-03-10,26.97,63.98,6.73,2.32
2021-03-11,27.34,63.7,6.65,2.31
2021-03-12,27.55,63.77,6.52,2.16
2021-03-13,28.23,63.69,5.98,2.1
2021-03-14,28.19,63.67,5.99,2.15
2021-03-15,28.55,63.53,5.9,2.02
2021-03-16,28.89,62.61,6.26,2.24
2021-03-17,29.3,61.84,6.55,2.31
2021-03-18,29.19,62.03,6.26,2.52
2021-03-19,28.68,62.88,6.22,2.22
2021-03-20,28.72,62.89,6.34,2.05
2021-03-21,28.79,62.8,6.35,2.06
2021-03-22,28.32,63.46,6.05,2.17
2021-03-23,27.65,64.69,5.62,2.04
2021-03-24,27.37,64.56,5.89,2.18
2021-03-25,27.33,64.43,6.11,2.13
2021-03-26,27.05,64.68,6.17,2.1
2021-03-27,26.92,64.84,6.15,2.09
2021-03-28,26.93,64.83,6.13,2.11
2021-03-29,26.86,64.86,6.18,2.1
2021-03-30,26.27,65.63,5.99,2.11
2021-03-31,26.45,65.48,5.97,2.1
2021-04-01,25.92,66.14,5.91,2.03
2021-04-02,26.28,65.17,6.08,2.47
2021-04-03,25.74,65.89,5.87,2.5
2021-04-04,25.74,65.87,5.92,2.47
2021-04-05,26.22,65.62,5.74,2.42
2021-04-06,26.08,65.64,5.86,2.42
2021-04-07,25.71,66.28,5.65,2.36
2021-04-08,25.41,66.15,5.8,2.64
2021-04-09,25.58,65.92,5.75,2.75
2021-04-10,25.99,65.48,5.82,2.71
2021-04-11,25.91,65.52,5.88,2.69
2021-04-12,25.64,66.09,5.69,2.58
2021-04-13,25.33,66.69,5.76,2.22
2021-04-14,25.63,66.67,5.46,2.24
2021-04-15,25.54,66.24,6.1,2.12
2021-04-16,25.41,66.25,6.22,2.12
2021-04-17,25.15,66.8,6.0,2.05
2021-04-18,25.22,66.75,5.99,2.04
2021-04-19,25.22,66.57,6.11,2.1
2021-04-20,25.25,66.35,6.08,2.32
2021-04-21,24.91,66.39,6.36,2.34
2021-04-22,24.82,66.42,6.41,2.35
2021-04-23,24.8,66.54,6.42,2.24
2021-04-24,24.48,66.92,6.51,2.09
2021-04-25,24.21,67.15,6.55,2.09
2021-04-26,24.07,67.08,6.67,2.18
2021-04-27,23.9,66.7,7.13,2.27
2021-04-28,24.04,66.88,6.82,2.26
2021-04-29,24.24,66.4,7.17,2.19
2021-04-30,23.83,66.44,7.42,2.31
2021-05-01,23.49,66.74,7.54,2.23
2021-05-02,23.39,66.96,7.38,2.27
2021-05-03,23.22,67.17,7.38,2.23
2021-05-04,23.36,66.95,7.4,2.29
2021-05-05,23.07,66.05,8.45,2.43
2021-05-06,22.44,67.03,7.91,2.62
2021-05-07,23.13,66.48,7.61,2.78
2021-05-08,23.14,66.04,7.84,2.98
2021-05-09,23.16,66.02,7.84,2.98
2021-05-10,23.39,65.9,7.59,3.12
2021-05-11,23.12,66.22,7.62,3.04
2021-05-12,23.11,66.59,7.38,2.92
2021-05-13,23.29,66.9,7.15,2.66
2021-05-14,23.13,67.11,7.11,2.65
2021-05-15,23.73,67.23,6.53,2.51
2021-05-16,23.7,67.26,6.54,2.5
2021-05-17,23.65,66.97,6.88,2.5
2021-05-18,23.91,66.7,6.89,2.5
2021-05-19,23.48,67.33,6.95,2.24
2021-05-20,22.64,67.11,7.35,2.9
2021-05-21,22.94,67.0,7.25,2.81
2021-05-22,22.56,66.84,7.7,2.9
2021-05-23,22.52,66.97,7.66,2.85
2021-05-24,22.14,67.24,7.56,3.06
2021-05-25,21.32,68.41,7.67,2.6
2021-05-26,21.59,68.02,7.7,2.69
2021-05-27,22.27,66.88,7.99,2.86
2021-05-28,21.65,67.05,8.51,2.79
2021-05-29,21.99,67.2,8.19,2.62
2021-05-30,21.99,67.18,8.21,2.62
2021-05-31,22.03,67.17,8.16,2.64
2021-06-01,22.0,67.07,8.42,2.51
2021-06-02,22.42,66.36,8.63,2.59
2021-06-03,22.11,66.9,8.44,2.55
2021-06-04,22.41,66.34,8.25,3.0
2021-06-05,22.89,66.01,8.07,3.03
2021-06-06,22.9,65.33,8.42,3.35
2021-06-07,22.87,65.58,8.44,3.11
2021-06-08,22.52,65.92,8.28,3.28
2021-06-09,22.59,65.91,8.3,3.2
2021-06-10,22.38,66.31,8.46,2.85
2021-06-11,22.37,66.38,8.52,2.73
2021-06-12,21.79,66.92,8.61,2.68
2021-06-13,21.92,66.77,8.63,2.68
2021-06-14,22.23,66.35,8.64,2.78
2021-06-15,22.51,66.67,8.35,2.47
2021-06-16,22.68,66.65,7.91,2.76
2021-06-17,22.95,66.41,7.89,2.75
2021-06-18,22.82,66.61,7.82,2.75
2021-06-19,23.02,66.08,8.18,2.72
2021-06-20,23.03,66.19,8.03,2.75
2021-06-21,23.06,66.16,8.06,2.72
2021-06-22,23.33,65.93,8.15,2.59
2021-06-23,23.11,66.17,8.22,2.5
2021-06-24,23.31,65.73,8.43,2.53
2021-06-25,23.26,65.57,8.79,2.38
2021-06-26,22.95,65.78,8.5,2.77
2021-06-27,22.97,65.61,8.65,2.77
2021-06-28,23.36,65.12,8.61,2.91
2021-06-29,23.75,64.77,8.81,2.67
2021-06-30,23.33,65.05,8.95,2.67
2021-07-01,23.25,64.89,9.03,2.83
2021-07-02,22.96,65.55,9.03,2.46
2021-07-03,24.04,64.57,8.78,2.61
2021-07-04,24.11,64.49,8.74,2.66
2021-07-05,24.25,64.4,8.68,2.67
2021-07-06,24.22,64.33,8.77,2.68
2021-07-07,24.15,64.44,8.7,2.71
2021-07-08,24.37,63.8,9.04,2.79
2021-07-09,24.28,63.9,9.05,2.77
2021-07-10,24.26,63.88,9.11,2.75
2021-07-11,24.36,63.81,9.1,2.73
2021-07-12,23.53,64.78,8.95,2.74
2021-07-13,23.63,64.48,8.85,3.04
2021-07-14,23.31,64.78,8.91,3.0
2021-07-15,22.85,65.13,8.7,3.32
2021-07-16,23.18,64.63,8.82,3.37
2021-07-17,23.22,64.36,8.97,3.45
2021-07-18,23.28,64.26,9.0,3.46
2021-07-19,23.17,64.45,8.68,3.7
2021-07-20,22.64,64.86,8.57,3.93
2021-07-21,22.78,64.85,8.46,3.91
2021-07-22,22.86,64.5,9.04,3.6
2021-07-23,22.57,64.79,9.17,3.47
2021-07-24,22.8,64.82,9.07,3.31
2021-07-25,22.84,64.88,8.97,3.31
2021-07-26,22.41,65.24,8.96,3.39
2021-07-27,22.18,65.43,8.99,3.4
2021-07-28,21.97,65.39,9.49,3.15
2021-07-29,21.42,65.72,9.76,3.1
2021-07-30,21.58,66.1,9.32,3.0
2021-07-31,22.07,64.97,9.86,3.1
2021-08-01,21.94,65.44,9.56,3.06
2021-08-02,21.88,65.68,9.37,3.07
2021-08-03,22.11,65.43,9.74,2.72
2021-08-04,22.12,65.52,9.66,2.7
2021-08-05,21.79,66.19,9.45,2.57
2021-08-06,21.75,66.41,9.37,2.47
2021-08-07,21.74,66.05,9.67,2.54
2021-08-08,21.69,66.01,9.66,2.64
2021-08-09,21.66,65.84,9.91,2.59
2021-08-10,21.59,65.78,9.95,2.68
2021-08-11,21.37,65.93,9.98,2.72
2021-08-12,21.4,65.2,10.67,2.73
2021-08-13,21.7,65.11,10.43,2.76
2021-08-14,21.84,65.17,10.37,2.62
2021-08-15,21.84,65.13,10.37,2.66
2021-08-16,22.15,64.99,10.16,2.7
2021-08-17,22.02,65.11,10.12,2.75
2021-08-18,22.92,63.98,10.33,2.77
2021-08-19,23.28,63.85,9.97,2.9
2021-08-20,23.48,63.65,9.96,2.91
2021-08-21,23.47,63.36,10.22,2.95
2021-08-22,23.59,63.26,10.18,2.97
2021-08-23,23.41,63.13,10.51,2.95
2021-08-24,23.45,63.15,10.51,2.89
2021-08-25,23.5,63.16,10.44,2.9
2021-08-26,23.55,63.1,10.38,2.97
2021-08-27,23.78,62.96,10.29,2.97
2021-08-28,23.59,63.58,9.98,2.85
2021-08-29,23.58,63.57,9.99,2.86
2021-08-30,23.75,63.48,9.95,2.82
2021-08-31,23.59,63.7,10.0,2.71
2021-09-01,23.9,63.48,9.51,3.11
2021-09-02,23.88,64.03,9.03,3.06
2021-09-03,24.2,63.67,9.06,3.07
2021-09-04,24.56,63.19,9.09,3.16
2021-09-05,24.65,63.15,9.05,3.15
2021-09-06,24.17,63.89,8.75,3.19
2021-09-07,23.74,64.35,8.78,3.13
2021-09-08,24.58,63.74,8.56,3.12
2021-09-09,25.14,63.44,8.51,2.91
2021-09-10,24.23,63.64,9.28,2.85
2021-09-11,24.31,63.71,9.22,2.76
2021-09-12,24.42,63.68,9.19,2.71
2021-09-13,23.8,64.62,8.94,2.64
2021-09-14,24.36,63.79,9.31,2.54
2021-09-15,24.76,63.52,9.21,2.51
2021-09-16,25.23,63.13,9.17,2.47
2021-09-17,25.39,63.52,8.77,2.32
2021-09-18,25.04,63.96,8.65,2.35
2021-09-19,25.12,63.92,8.65,2.31
2021-09-20,24.55,64.1,8.81,2.54
2021-09-21,24.59,64.31,8.52,2.58
2021-09-22,24.83,64.27,8.33,2.57
2021-09-23,25.22,64.0,8.13,2.65
2021-09-24,25.06,64.12,8.13,2.69
2021-09-25,25.19,64.34,7.84,2.63
2021-09-26,25.14,64.35,7.87,2.64
2021-09-27,24.91,64.52,7.9,2.67
2021-09-28,24.71,64.82,7.9,2.57
2021-09-29,24.56,64.86,8.0,2.58
2021-09-30,24.0,65.14,8.33,2.53
2021-10-01,24.01,65.26,8.28,2.45
2021-10-02,24.0,65.26,8.29,2.45
2021-10-03,24.04,65.21,8.28,2.47
2021-10-04,23.51,65.74,8.23,2.52
2021-10-05,23.13,66.1,8.32,2.45
2021-10-06,22.87,66.31,8.27,2.55
2021-10-07,22.75,66.36,8.37,2.52
2021-10-08,22.9,66.35,8.28,2.47
2021-10-09,22.79,66.34,8.36,2.51
2021-10-10,22.71,66.42,8.37,2.5
2021-10-11,23.01,66.15,8.38,2.46
2021-10-12,22.77,66.63,8.39,2.21
2021-10-13,22.84,66.36,8.57,2.23
2021-10-14,22.89,66.55,8.29,2.27
2021-10-15,22.85,66.66,8.25,2.24
2021-10-16,23.03,66.37,8.35,2.25
2021-10-17,22.86,66.6,8.3,2.24
2021-10-18,23.18,66.34,8.34,2.14
2021-10-19,22.9,66.51,8.36,2.23
2021-10-20,22.87,66.59,8.38,2.16
2021-10-21,22.84,66.6,8.27,2.29
2021-10-22,22.99,66.41,8.29,2.31
2021-10-23,22.98,66.09,8.65,2.28
2021-10-24,22.96,66.13,8.61,2.3
2021-10-25,23.19,66.17,8.32,2.32
2021-10-26,23.28,65.92,8.43,2.37
2021-10-27,23.17,65.99,8.47,2.37
2021-10-28,23.32,66.04,8.41,2.23
2021-10-29,23.38,66.02,8.34,2.26
2021-10-30,22.94,65.99,8.84,2.23
2021-10-31,23.04,65.95,8.8,2.21
2021-11-01,23.27,65.79,8.77,2.17
2021-11-02,23.39,65.58,8.87,2.16
2021-11-03,23.1,65.88,8.86,2.16
2021-11-04,23.04,65.87,8.93,2.16
2021-11-05,22.94,65.95,8.94,2.17
2021-11-06,23.29,65.74,8.82,2.15
2021-11-07,23.06,65.84,8.93,2.17
2021-11-08,22.61,66.33,8.73,2.33
2021-11-09,22.67,66.24,8.78,2.31
2021-11-10,22.61,66.24,8.79,2.36
2021-11-11,22.83,66.05,8.78,2.34
2021-11-12,23.03,66.16,8.49,2.32
2021-11-13,22.99,66.38,8.35,2.28
2021-11-14,22.91,66.49,8.32,2.28
2021-11-15,23.07,66.27,8.35,2.31
2021-11-16,23.2,66.27,8.29,2.24
2021-11-17,23.35,66.25,8.25,2.15
2021-11-18,23.66,66.02,8.2,2.12
2021-11-19,23.62,66.18,8.12,2.08
2021-11-20,23.78,66.36,7.87,1.99
2021-11-21,23.61,66.49,7.93,1.97
2021-11-22,23.84,66.45,7.8,1.91
2021-11-23,24.12,66.23,7.83,1.82
2021-11-24,24.24,66.49,7.49,1.78
2021-11-25,23.65,67.11,7.61,1.63
2021-11-26,23.54,67.3,7.58,1.58
2021-11-27,23.39,67.29,7.72,1.6
2021-11-28,23.44,67.24,7.74,1.58
2021-11-29,23.7,67.28,7.42,1.6
2021-11-30,23.77,66.55,8.07,1.61
2021-12-01,23.61,66.66,8.11,1.62
2021-12-02,23.61,66.24,8.5,1.65
2021-12-03,23.62,66.08,8.75,1.55
2021-12-04,23.39,66.33,8.68,1.6
2021-12-05,23.35,66.35,8.71,1.59
2021-12-06,23.17,66.49,8.81,1.53
2021-12-07,23.81,66.1,8.55,1.54
2021-12-08,24.62,65.75,8.22,1.41
2021-12-09,24.64,65.45,8.61,1.3
2021-12-10,24.57,65.44,8.67,1.32
2021-12-11,24.53,65.42,8.68,1.37
2021-12-12,24.69,65.34,8.62,1.35
2021-12-13,24.87,65.23,8.58,1.32
2021-12-14,24.81,65.25,8.61,1.33
2021-12-15,24.96,65.04,8.74,1.26
2021-12-16,24.9,65.43,8.42,1.25
2021-12-17,25.07,65.28,8.42,1.23
2021-12-18,25.27,65.08,8.43,1.22
2021-12-19,25.23,65.15,8.39,1.23
2021-12-20,25.3,65.17,8.31,1.22
2021-12-21,25.41,65.1,8.27,1.22
2021-12-22,25.02,65.61,8.11,1.26
2021-12-23,24.83,65.83,8.03,1.31
2021-12-24,24.79,65.92,7.94,1.35
2021-12-25,24.88,65.83,7.94,1.35
2021-12-26,24.83,65.9,7.91,1.36
2021-12-27,24.95,65.78,7.83,1.44
2021-12-28,25.06,65.67,7.83,1.44
2021-12-29,25.0,65.74,7.83,1.43
2021-12-30,24.98,65.76,7.82,1.44
2021-12-31,25.6,65.1,7.81,1.49
2022-01-01,25.47,65.2,7.81,1.52
2022-01-02,25.54,65.07,7.88,1.51
2022-01-03,25.31,65.2,8.01,1.48
2022-01-04,25.57,65.57,7.39,1.47
2022-01-05,26.04,64.78,7.52,1.66
2022-01-06,25.51,65.37,7.34,1.78
2022-01-07,24.92,65.72,7.54,1.82
2022-01-08,24.47,65.91,7.76,1.86
2022-01-09,24.46,65.92,7.75,1.87
2022-01-10,24.25,66.21,7.59,1.95
2022-01-11,24.33,66.13,7.67,1.87
2022-01-12,23.62,66.91,7.48,1.99
2022-01-13,23.74,66.83,7.36,2.07
2022-01-14,23.94,66.72,7.27,2.07
2022-01-15,23.81,66.96,7.14,2.09
2022-01-16,23.63,67.09,7.16,2.12
2022-01-17,24.69,65.96,7.21,2.14
2022-01-18,26.06,64.69,7.28,1.97
2022-01-19,27.05,63.82,7.26,1.87
2022-01-20,27.45,63.68,7.11,1.76
2022-01-21,27.68,63.47,7.13,1.72
2022-01-22,27.24,64.03,7.04,1.69
2022-01-23,27.47,63.69,7.14,1.7
2022-01-24,26.89,64.32,7.09,1.7
2022-01-25,26.85,64.26,7.2,1.69
2022-01-26,26.93,64.26,7.05,1.76
2022-01-27,26.53,64.74,7.07,1.66
2022-01-28,26.79,64.46,7.07,1.68
2022-01-29,27.28,64.42,6.77,1.53
2022-01-30,27.24,64.41,6.84,1.51
2022-01-31,28.02,62.92,7.3,1.76
2022-02-01,27.31,63.66,7.23,1.8
2022-02-02,27.94,63.29,6.87,1.9
2022-02-03,27.65,63.81,6.53,2.01
2022-02-04,28.13,63.58,6.36,1.93
2022-02-05,27.67,63.96,6.21,2.16
2022-02-06,27.59,64.1,6.18,2.13
2022-02-07,28.24,63.47,6.1,2.19
2022-02-08,28.26,63.19,6.07,2.48
2022-02-09,27.49,64.14,5.9,2.47
2022-02-10,27.13,64.61,5.86,2.4
2022-02-11,26.76,64.95,5.83,2.46
2022-02-12,27.01,64.84,5.67,2.48
2022-02-13,26.87,65.04,5.64,2.45
2022-02-14,27.0,64.68,5.88,2.44
2022-02-15,27.13,64.55,5.95,2.37
2022-02-16,28.75,62.68,6.15,2.42
2022-02-17,28.47,62.96,6.51,2.06
2022-02-18,28.72,61.74,7.48,2.06
2022-02-19,28.03,62.72,7.21,2.04
2022-02-20,28.0,62.79,7.22,1.99
2022-02-21,27.93,62.94,7.18,1.95
2022-02-22,28.37,62.43,7.16,2.04
2022-02-23,28.41,62.39,7.11,2.09
2022-02-24,28.92,61.94,6.94,2.2
2022-02-25,29.25,61.93,6.64,2.18
2022-02-26,29.26,62.0,6.63,2.11
2022-02-27,29.18,62.08,6.65,2.09
2022-02-28,29.72,61.82,6.3,2.16
2022-03-01,29.7,61.73,6.39,2.18
2022-03-02,29.68,61.94,6.22,2.16
2022-03-03,29.85,61.96,5.95,2.24
2022-03-04,29.38,62.47,5.9,2.25
2022-03-05,28.44,63.48,5.85,2.23
2022-03-06,28.55,63.4,5.83,2.22
2022-03-07,28.77,63.52,5.6,2.11
2022-03-08,28.16,64.2,5.37,2.27
2022-03-09,27.99,63.75,6.11,2.15
2022-03-10,28.22,63.16,6.32,2.3
2022-03-11,27.84,63.38,6.42,2.36
2022-03-12,27.79,63.45,6.44,2.32
2022-03-13,27.93,63.29,6.42,2.36
2022-03-14,27.87,63.33,6.46,2.34
2022-03-15,27.22,64.04,6.31,2.43
2022-03-16,27.28,64.19,6.13,2.4
2022-03-17,27.31,63.99,5.41,3.29
2022-03-18,27.26,63.94,5.48,3.32
2022-03-19,27.39,63.91,5.42,3.28
2022-03-20,27.3,63.89,5.49,3.32
2022-03-21,27.87,62.82,6.74,2.57
2022-03-22,27.25,63.4,7.14,2.21
2022-03-23,26.56,64.18,7.21,2.05
2022-03-24,26.03,63.47,8.58,1.92
2022-03-25,26.5,63.54,8.05,1.91
2022-03-26,26.58,63.53,8.01,1.88
2022-03-27,26.65,63.5,8.0,1.85
2022-03-28,27.38,63.9,6.92,1.8
2022-03-29,27.25,63.33,7.58,1.84
2022-03-30,26.86,64.34,6.85,1.95
2022-03-31,26.2,64.97,6.89,1.94
2022-04-01,25.77,65.34,6.98,1.91
2022-04-02,26.73,63.79,7.5,1.98
2022-04-03,26.94,63.69,7.42,1.95
2022-04-04,27.21,63.72,7.2,1.87
2022-04-05,27.13,63.66,7.36,1.85
2022-04-06,27.28,63.49,7.44,1.79
2022-04-07,27.53,64.14,6.67,1.66
2022-04-08,27.66,64.42,6.22,1.7
2022-04-09,27.55,64.33,6.41,1.71
2022-04-10,27.66,64.29,6.35,1.7
2022-04-11,27.11,64.29,6.88,1.72
2022-04-12,27.05,63.98,7.19,1.78
2022-04-13,27.51,63.68,7.23,1.58
2022-04-14,27.19,64.43,6.79,1.59
2022-04-15,27.04,65.0,6.4,1.56
2022-04-16,26.79,64.99,6.6,1.62
2022-04-17,26.85,64.93,6.62,1.6
2022-04-18,26.82,64.8,6.62,1.76
2022-04-19,26.53,65.22,6.58,1.67
2022-04-20,26.13,65.35,6.64,1.88
2022-04-21,26.62,65.14,6.46,1.78
2022-04-22,26.97,64.6,6.49,1.94
2022-04-23,26.39,65.78,6.15,1.68
2022-04-24,26.41,65.77,6.12,1.7
2022-04-25,26.6,66.07,5.74,1.59
2022-04-26,26.97,65.85,5.52,1.66
2022-04-27,26.57,66.26,5.5,1.67
2022-04-28,27.52,65.65,5.17,1.66
2022-04-29,27.57,65.81,4.98,1.64
2022-04-30,27.69,65.68,5.01,1.62
2022-05-01,27.63,65.7,5.05,1.62
2022-05-02,27.54,65.6,5.38,1.48
2022-05-03,27.4,65.79,5.36,1.45
2022-05-04,28.22,65.02,5.28,1.48
2022-05-05,28.1,64.92,5.48,1.5
2022-05-06,28.2,64.63,5.67,1.5
2022-05-07,28.52,64.25,5.63,1.6
2022-05-08,28.34,64.4,5.65,1.61
2022-05-09,27.38,65.41,5.67,1.54
2022-05-10,27.63,64.87,6.13,1.37
2022-05-11,27.63,64.4,6.67,1.3
2022-05-12,26.9,65.54,6.31,1.25
2022-05-13,27.4,65.23,6.18,1.19
2022-05-14,27.89,65.17,5.55,1.39
2022-05-15,28.03,65.09,5.5,1.38
2022-05-16,27.55,65.54,5.54,1.37
2022-05-17,27.59,65.59,5.46,1.36
2022-05-18,27.09,65.13,6.44,1.34
2022-05-19,26.97,65.29,6.38,1.36
2022-05-20,25.58,65.87,6.99,1.56
2022-05-21,25.45,65.89,7.05,1.61
2022-05-22,25.39,65.92,7.07,1.62
2022-05-23,25.03,66.31,7.13,1.53
2022-05-24,24.63,66.65,6.88,1.84
2022-05-25,24.4,67.0,6.7,1.9
2022-05-26,25.71,65.38,7.12,1.79
2022-05-27,25.83,66.27,6.28,1.62
2022-05-28,26.52,65.39,6.66,1.43
2022-05-29,26.56,65.32,6.7,1.42
2022-05-30,26.88,64.63,7.03,1.46
2022-05-31,27.0,64.59,6.95,1.46
2022-06-01,27.58,63.2,7.75,1.47
2022-06-02,27.6,63.22,7.86,1.32
2022-06-03,27.02,63.3,8.14,1.54
2022-06-04,27.29,63.29,7.77,1.65
2022-06-05,27.29,63.28,7.8,1.63
2022-06-06,27.17,63.42,7.73,1.68
2022-06-07,26.55,65.08,6.48,1.89
2022-06-08,26.66,64.68,6.53,2.13
2022-06-09,26.95,64.23,6.62,2.2
2022-06-10,26.6,64.17,7.15,2.08
2022-06-11,26.72,63.84,7.32,2.12
2022-06-12,26.81,63.63,7.33,2.23
2022-06-13,26.55,63.47,7.7,2.28
2022-06-14,26.75,63.56,7.23,2.46
2022-06-15,26.57,63.77,7.21,2.45
2022-06-16,26.64,63.69,7.23,2.44
2022-06-17,26.51,63.6,7.36,2.53
2022-06-18,26.96,63.0,7.45,2.59
2022-06-19,26.78,63.15,7.43,2.64
2022-06-20,26.93,63.06,7.41,2.6
2022-06-21,27.03,62.88,7.51,2.58
2022-06-22,26.98,63.36,7.4,2.26
2022-06-23,28.36,62.98,6.8,1.86
2022-06-24,27.71,63.49,7.16,1.64
2022-06-25,28.29,63.12,7.07,1.52
2022-06-26,28.27,63.13,7.08,1.52
2022-06-27,28.11,62.9,7.29,1.7
2022-06-28,28.19,62.35,7.7,1.76
2022-06-29,28.86,61.46,7.98,1.7
2022-06-30,29.93,60.93,7.34,1.8
2022-07-01,30.49,60.79,6.88,1.84
2022-07-02,30.54,60.24,7.38,1.84
2022-07-03,30.61,60.2,7.34,1.85
2022-07-04,30.58,59.97,7.65,1.8
2022-07-05,30.25,60.18,7.83,1.74
2022-07-06,30.44,60.54,7.39,1.63
2022-07-07,30.57,60.4,7.46,1.57
2022-07-08,29.73,61.11,7.57,1.59
2022-07-09,29.26,61.2,7.61,1.93
2022-07-10,29.18,61.23,7.65,1.94
2022-07-11,29.85,60.16,8.06,1.93
2022-07-12,29.25,59.35,9.45,1.95
2022-07-13,30.34,58.67,9.41,1.58
2022-07-14,30.99,58.24,9.24,1.53
2022-07-15,31.11,58.6,8.71,1.58
2022-07-16,30.32,59.36,8.84,1.48
2022-07-17,30.18,59.57,8.77,1.48
2022-07-18,29.31,60.42,8.85,1.42
2022-07-19,28.2,61.15,9.1,1.55
2022-07-20,27.18,62.23,8.75,1.84
2022-07-21,27.58,62.08,8.46,1.88
2022-07-22,28.29,62.3,7.86,1.55
2022-07-23,27.44,62.87,8.14,1.55
2022-07-24,27.41,62.94,8.12,1.53
2022-07-25,28.87,60.14,9.51,1.48
2022-07-26,29.35,59.8,9.36,1.49
2022-07-27,28.07,60.43,10.01,1.49
2022-07-28,27.41,61.37,9.76,1.46
2022-07-29,27.16,62.73,8.59,1.52
2022-07-30,26.7,63.45,8.67,1.18
2022-07-31,26.67,63.47,8.69,1.17
2022-08-01,27.31,63.09,8.45,1.15
2022-08-02,26.91,63.01,9.08,1.0
2022-08-03,26.64,62.37,10.19,0.8
2022-08-04,27.16,62.12,9.74,0.98
2022-08-05,27.76,62.18,8.97,1.09
2022-08-06,28.29,61.13,9.34,1.24
2022-08-07,28.17,61.24,9.38,1.21
2022-08-08,27.44,61.81,9.49,1.26
2022-08-09,27.35,61.89,9.49,1.27
2022-08-10,27.23,61.76,9.69,1.32
2022-08-11,27.26,61.77,9.66,1.31
2022-08-12,27.73,61.21,9.57,1.49
2022-08-13,27.67,61.17,9.65,1.51
2022-08-14,27.64,61.26,9.6,1.5
2022-08-15,27.76,61.16,9.58,1.5
2022-08-16,28.01,60.87,9.51,1.61
2022-08-17,26.85,63.07,8.72,1.36
2022-08-18,28.04,62.36,8.09,1.51
2022-08-19,28.09,62.25,8.15,1.51
2022-08-20,26.91,63.61,8.1,1.38
2022-08-21,26.84,63.69,8.1,1.37
2022-08-22,26.82,64.0,7.73,1.45
2022-08-23,26.92,63.88,7.51,1.69
2022-08-24,26.68,64.13,7.66,1.53
2022-08-25,26.63,65.13,6.97,1.27
2022-08-26,26.7,64.76,7.03,1.51
2022-08-27,26.45,65.3,6.67,1.58
2022-08-28,26.42,65.36,6.67,1.55
2022-08-29,25.82,65.0,7.53,1.65
2022-08-30,26.56,64.09,8.01,1.34
2022-08-31,27.44,63.32,7.86,1.38
2022-09-01,27.44,63.53,7.85,1.18
2022-09-02,26.95,64.52,7.34,1.19
2022-09-03,26.88,64.71,7.36,1.05
2022-09-04,26.94,64.71,7.29,1.06
2022-09-05,25.74,64.48,8.62,1.16
2022-09-06,25.65,64.21,8.96,1.18
2022-09-07,26.46,63.89,8.5,1.15
2022-09-08,25.96,64.82,8.22,1.0
2022-09-09,26.31,64.29,8.33,1.07
2022-09-10,27.07,62.67,9.04,1.22
2022-09-11,27.11,62.68,9.06,1.15
2022-09-12,27.14,62.87,8.74,1.25
2022-09-13,27.35,61.95,9.11,1.59
2022-09-14,26.39,63.22,8.9,1.49
2022-09-15,26.21,62.85,9.29,1.65
2022-09-16,27.17,61.42,10.07,1.34
2022-09-17,26.87,61.33,10.33,1.47
2022-09-18,26.83,61.38,10.3,1.49
2022-09-19,27.22,60.55,10.63,1.6
2022-09-20,26.72,61.09,10.74,1.45
2022-09-21,25.76,61.82,11.17,1.25
2022-09-22,26.17,61.6,10.8,1.43
2022-09-23,25.22,63.13,10.07,1.58
2022-09-24,24.69,64.03,9.73,1.55
2022-09-25,24.79,63.93,9.72,1.56
2022-09-26,25.85,62.92,9.77,1.46
2022-09-27,25.87,62.76,9.99,1.38
2022-09-28,26.03,62.22,10.27,1.48
2022-09-29,25.72,62.91,9.86,1.51
2022-09-30,26.82,61.92,9.94,1.32
2022-10-01,26.13,62.16,10.3,1.41
2022-10-02,26.05,62.23,10.31,1.41
2022-10-03,25.25,62.33,11.03,1.39
2022-10-04,24.35,63.12,11.06,1.47
2022-10-05,24.26,63.14,11.14,1.46
2022-10-06,26.02,61.98,10.62,1.38
2022-10-07,25.43,62.11,11.04,1.42
2022-10-08,25.54,62.06,10.92,1.48
2022-10-09,25.63,61.96,10.93,1.48
2022-10-10,25.52,62.16,10.94,1.38
2022-10-11,24.68,62.8,11.26,1.26
2022-10-12,24.64,62.12,11.97,1.27
2022-10-13,26.01,61.81,10.88,1.3
2022-10-14,25.86,61.54,11.29,1.31
2022-10-15,26.8,60.87,10.99,1.34
2022-10-16,26.8,60.89,10.97,1.34
2022-10-17,26.99,61.02,10.45,1.54
2022-10-18,27.2,60.75,10.57,1.48
2022-10-19,27.58,60.71,10.24,1.47
2022-10-20,26.85,60.14,11.65,1.36
2022-10-21,26.95,59.97,11.66,1.42
2022-10-22,26.89,60.36,11.67,1.08
2022-10-23,26.85,60.37,11.7,1.08
2022-10-24,26.88,60.57,11.48,1.07
2022-10-25,26.89,60.55,11.49,1.07
2022-10-26,26.06,60.51,12.27,1.16
2022-10-27,26.06,60.51,12.27,1.16
2022-10-28,25.77,60.74,12.32,1.17
2022-10-29,25.54,60.26,12.96,1.24
2022-10-30,25.64,60.24,12.88,1.24
2022-10-31,27.15,59.61,12.1,1.14
2022-11-01,26.95,59.9,11.93,1.22
2022-11-02,26.73,60.04,11.98,1.25
2022-11-03,26.56,60.13,12.04,1.27
2022-11-04,26.52,60.48,11.83,1.17
2022-11-05,26.75,59.88,12.17,1.2
2022-11-06,26.74,59.94,12.14,1.18
2022-11-07,26.57,59.83,12.42,1.18
2022-11-08,27.14,59.41,12.2,1.25
2022-11-09,27.86,59.53,11.43,1.18
2022-11-10,28.17,59.81,10.73,1.29
2022-11-11,28.09,59.97,10.62,1.32
2022-11-12,27.41,60.94,10.27,1.38
2022-11-13,27.62,60.65,10.35,1.38
2022-11-14,28.12,60.65,9.9,1.33
2022-11-15,27.4,61.0,10.26,1.34
2022-11-16,27.45,60.45,10.62,1.48
2022-11-17,27.65,60.12,10.82,1.41
2022-11-18,27.18,60.77,10.54,1.51
2022-11-19,26.68,61.29,10.52,1.51
2022-11-20,26.86,61.13,10.5,1.51
2022-11-21,26.48,61.86,10.14,1.52
2022-11-22,26.03,62.47,10.02,1.48
2022-11-23,25.64,62.45,10.39,1.52
2022-11-24,25.58,62.68,10.42,1.32
2022-11-25,25.3,62.93,10.41,1.36
2022-11-26,25.14,63.25,10.25,1.36
2022-11-27,25.07,63.24,10.3,1.39
2022-11-28,25.32,62.81,10.6,1.27
2022-11-29,25.86,62.42,10.42,1.3
2022-11-30,26.71,61.44,10.49,1.36
2022-12-01,26.67,60.79,11.24,1.3
2022-12-02,26.4,61.58,10.68,1.34
2022-12-03,26.46,61.42,10.86,1.26
2022-12-04,26.56,61.22,10.94,1.28
2022-12-05,27.06,60.81,10.99,1.14
2022-12-06,26.88,60.89,10.97,1.26
2022-12-07,27.43,60.55,10.83,1.19
2022-12-08,27.67,60.24,10.59,1.5
2022-12-09,27.89,60.14,10.61,1.36
2022-12-10,27.36,60.36,10.96,1.32
2022-12-11,27.41,60.3,10.98,1.31
2022-12-12,27.45,60.3,10.9,1.35
2022-12-13,28.29,60.0,10.39,1.32
2022-12-14,28.31,59.61,10.78,1.3
2022-12-15,28.57,59.76,10.59,1.08
2022-12-16,28.87,59.21,10.59,1.33
2022-12-17,29.24,58.54,10.72,1.5
2022-12-18,29.34,58.47,10.72,1.47
2022-12-19,28.9,58.78,10.91,1.41
2022-12-20,28.42,59.59,10.66,1.33
2022-12-21,28.59,59.63,10.56,1.22
2022-12-22,28.65,59.73,10.24,1.38
2022-12-23,27.78,59.84,10.8,1.58
2022-12-24,28.02,59.54,10.71,1.73
2022-12-25,27.97,59.43,10.86,1.74
2022-12-26,27.9,59.54,10.67,1.89
2022-12-27,27.61,59.85,10.95,1.59
2022-12-28,27.8,59.56,10.93,1.71
2022-12-29,27.76,59.45,11.01,1.78
2022-12-30,27.2,59.96,11.03,1.81
2022-12-31,27.56,59.8,10.9,1.74
2023-01-01,27.49,59.87,10.93,1.71
2023-01-02,27.57,60.0,10.67,1.76
2023-01-03,27.67,60.03,10.5,1.8
2023-01-04,28.16,59.67,10.42,1.75
2023-01-05,28.23,59.33,10.84,1.6
2023-01-06,28.19,59.47,10.82,1.52
2023-01-07,28.18,59.46,10.79,1.57
2023-01-08,28.31,59.49,10.67,1.53
2023-01-09,28.23,59.69,10.4,1.68
2023-01-10,28.47,59.44,10.49,1.6
2023-01-11,28.35,59.61,10.37,1.67
2023-01-12,28.17,60.18,10.12,1.53
2023-01-13,27.86,59.87,10.57,1.7
2023-01-14,27.42,60.38,10.52,1.68
2023-01-15,27.25,60.28,10.74,1.73
2023-01-16,27.88,59.05,11.11,1.96
2023-01-17,28.57,58.71,10.81,1.91
2023-01-18,27.84,59.48,10.86,1.82
2023-01-19,27.36,60.4,10.48,1.76
2023-01-20,27.4,60.59,10.11,1.9
2023-01-21,26.94,60.96,10.21,1.89
2023-01-22,26.87,61.03,10.22,1.88
2023-01-23,26.86,61.19,10.18,1.77
2023-01-24,26.4,61.96,9.77,1.87
2023-01-25,26.58,62.08,9.55,1.79
2023-01-26,26.8,62.04,9.39,1.77
2023-01-27,27.9,61.41,9.03,1.66
2023-01-28,28.79,60.49,9.19,1.53
2023-01-29,28.9,60.51,9.11,1.48
2023-01-30,27.94,61.62,8.94,1.5
2023-01-31,27.25,62.26,9.09,1.4
2023-02-01,27.7,62.05,8.85,1.4
2023-02-02,27.42,62.33,8.87,1.38
2023-02-03,27.2,62.48,8.89,1.43
2023-02-04,27.57,62.26,8.74,1.43
2023-02-05,27.58,62.26,8.74,1.42
2023-02-06,27.7,61.69,9.1,1.51
2023-02-07,27.11,62.04,9.31,1.54
2023-02-08,27.28,61.7,9.42,1.6
2023-02-09,27.12,62.03,9.25,1.6
2023-02-10,27.0,62.16,9.21,1.63
2023-02-11,26.75,62.39,9.19,1.67
2023-02-12,27.11,61.94,9.22,1.73
2023-02-13,27.15,61.91,9.23,1.71
2023-02-14,27.28,61.76,9.27,1.69
2023-02-15,27.41,61.63,9.26,1.7
2023-02-16,27.22,61.75,9.34,1.69
2023-02-17,27.38,61.61,9.37,1.64
2023-02-18,27.59,61.5,9.33,1.58
2023-02-19,27.55,61.46,9.4,1.59
2023-02-20,27.6,61.46,9.38,1.56
2023-02-21,27.78,61.28,9.42,1.52
2023-02-22,27.36,61.71,9.33,1.6
2023-02-23,27.72,61.9,8.81,1.57
2023-02-24,27.84,62.24,8.41,1.51
2023-02-25,27.75,62.13,8.59,1.53
2023-02-26,28.03,61.82,8.59,1.56
2023-02-27,27.74,61.98,8.74,1.54
2023-02-28,27.54,62.18,8.77,1.51
2023-03-01,27.97,61.75,8.75,1.53
2023-03-02,28.35,61.53,8.6,1.52
2023-03-03,28.21,60.82,9.48,1.49
2023-03-04,29.13,60.26,9.21,1.4
2023-03-05,29.03,60.06,9.49,1.42
2023-03-06,29.68,60.21,8.71,1.4
2023-03-07,29.38,60.19,9.0,1.43
2023-03-08,29.43,60.29,8.94,1.34
2023-03-09,29.72,59.85,9.09,1.34
2023-03-10,29.23,60.5,9.0,1.27
2023-03-11,30.33,60.35,8.04,1.28
2023-03-12,30.4,60.29,7.98,1.33
2023-03-13,30.54,59.6,8.5,1.36
2023-03-14,29.52,60.18,8.88,1.42
2023-03-15,28.97,60.9,8.75,1.38
2023-03-16,28.33,62.17,8.51,0.99
2023-03-17,28.16,62.32,8.49,1.03
2023-03-18,27.74,62.05,9.05,1.16
2023-03-19,27.55,62.19,9.1,1.16
2023-03-20,27.89,61.75,9.28,1.08
2023-03-21,28.97,60.31,9.66,1.06
2023-03-22,29.14,60.19,9.61,1.06
2023-03-23,29.71,59.36,9.96,0.97
2023-03-24,30.87,58.52,9.67,0.94
2023-03-25,30.68,59.31,9.11,0.9
2023-03-26,30.64,59.4,9.1,0.86
2023-03-27,30.08,59.15,9.94,0.83
2023-03-28,29.38,59.14,10.55,0.93
2023-03-29,29.41,59.16,10.38,1.05
2023-03-30,29.51,59.19,10.26,1.04
2023-03-31,28.77,59.45,10.57,1.21
2023-04-01,29.07,58.93,10.76,1.24
2023-04-02,29.13,58.94,10.69,1.24
2023-04-03,29.88,58.69,10.2,1.23
2023-04-04,29.66,59.21,9.8,1.33
2023-04-05,29.48,59.45,9.7,1.37
2023-04-06,29.42,59.48,9.75,1.35
2023-04-07,28.5,60.45,9.55,1.5
2023-04-08,28.19,61.54,8.61,1.66
2023-04-09,28.1,61.69,8.57,1.64
2023-04-10,27.85,61.8,8.75,1.6
2023-04-11,27.36,62.4,8.47,1.77
2023-04-12,27.18,62.88,7.98,1.96
2023-04-13,26.93,63.07,8.04,1.96
2023-04-14,26.4,64.24,7.6,1.76
2023-04-15,25.29,65.08,7.77,1.86
2023-04-16,25.33,64.96,7.84,1.87
2023-04-17,25.69,64.45,8.02,1.84
2023-04-18,25.81,64.02,8.49,1.68
2023-04-19,27.06,62.83,8.46,1.65
2023-04-20,27.96,61.66,8.73,1.65
2023-04-21,28.23,61.1,9.03,1.64
2023-04-22,28.19,61.12,9.04,1.65
2023-04-23,28.0,61.34,9.01,1.65
2023-04-24,28.58,60.77,9.17,1.48
2023-04-25,27.92,61.68,8.97,1.43
2023-04-26,27.17,62.9,8.68,1.25
2023-04-27,26.75,63.54,8.55,1.16
2023-04-28,25.71,64.48,8.61,1.2
2023-04-29,25.58,65.1,8.16,1.16
2023-04-30,25.61,65.08,8.16,1.15
2023-05-01,25.56,65.14,8.15,1.15
2023-05-02,25.79,65.37,7.7,1.14
2023-05-03,25.67,65.9,7.21,1.22
2023-05-04,25.24,65.99,7.1,1.67
2023-05-05,25.21,66.06,7.08,1.65
2023-05-06,25.21,65.75,7.5,1.54
2023-05-07,25.23,65.72,7.51,1.54
2023-05-08,26.47,64.13,7.97,1.43
2023-05-09,27.06,63.16,8.38,1.4
2023-05-10,27.55,62.76,8.44,1.25
2023-05-11,27.46,62.38,8.84,1.32
2023-05-12,26.88,62.43,9.32,1.37
2023-05-13,27.69,62.18,8.72,1.41
2023-05-14,27.64,62.22,8.73,1.41
2023-05-15,27.98,61.49,9.1,1.43
2023-05-16,27.78,61.11,9.53,1.58
2023-05-17,27.78,60.77,9.88,1.57
2023-05-18,28.55,60.01,9.68,1.76
2023-05-19,28.57,60.27,9.44,1.72
2023-05-20,29.04,60.07,9.19,1.7
2023-05-21,28.88,60.16,9.27,1.69
2023-05-22,28.98,60.42,9.01,1.59
2023-05-23,29.21,60.82,8.43,1.54
2023-05-24,29.06,61.5,7.86,1.58
2023-05-25,28.17,62.5,7.67,1.66
2023-05-26,27.39,63.59,7.29,1.73
2023-05-27,26.78,64.12,7.35,1.75
2023-05-28,26.71,64.15,7.37,1.77
2023-05-29,26.55,64.18,7.4,1.87
2023-05-30,26.69,64.17,7.33,1.81
2023-05-31,27.33,63.39,7.07,2.21
2023-06-01,27.66,63.16,6.97,2.21
2023-06-02,28.12,63.18,6.53,2.17
2023-06-03,27.54,63.73,6.46,2.27
2023-06-04,27.64,63.62,6.48,2.26
2023-06-05,27.58,63.69,6.46,2.27
2023-06-06,27.52,63.93,6.34,2.21
2023-06-07,27.39,64.87,5.93,1.81
2023-06-08,27.16,65.18,5.85,1.81
2023-06-09,27.19,65.15,5.86,1.8
2023-06-10,27.31,65.04,5.77,1.88
2023-06-11,27.34,65.02,5.77,1.87
2023-06-12,27.1,65.47,5.64,1.79
2023-06-13,26.88,65.77,5.53,1.82
2023-06-14,26.55,66.15,5.54,1.76
2023-06-15,26.74,65.78,5.66,1.82
2023-06-16,27.43,65.05,5.76,1.76
2023-06-17,27.36,64.96,5.92,1.76
2023-06-18,27.36,64.95,5.94,1.75
2023-06-19,27.54,64.53,6.14,1.79
2023-06-20,28.06,63.96,6.23,1.75
2023-06-21,28.27,63.84,6.16,1.73
2023-06-22,28.27,63.82,6.24,1.67
2023-06-23,28.18,63.74,6.42,1.66
2023-06-24,28.03,63.93,6.41,1.63
2023-06-25,28.12,63.85,6.39,1.64
2023-06-26,28.09,64.07,6.22,1.62
2023-06-27,27.86,64.57,5.93,1.64
2023-06-28,27.81,64.7,5.91,1.58
2023-06-29,27.62,64.84,5.96,1.58
2023-06-30,27.65,65.14,5.64,1.57
2023-07-01,28.0,65.38,5.15,1.47
2023-07-02,28.07,65.27,5.19,1.47
2023-07-03,28.07,65.29,5.32,1.32
2023-07-04,27.85,65.7,5.14,1.31
2023-07-05,28.21,65.25,5.29,1.25
2023-07-06,27.87,65.81,5.09,1.23
2023-07-07,27.21,66.97,4.57,1.25
2023-07-08,26.58,67.46,4.74,1.22
2023-07-09,26.6,67.55,4.63,1.22
2023-07-10,26.78,67.33,4.67,1.22
2023-07-11,26.9,67.12,4.62,1.36
2023-07-12,26.97,66.58,5.07,1.38
2023-07-13,27.8,65.46,5.32,1.42
2023-07-14,27.44,65.74,5.43,1.39
2023-07-15,27.48,65.75,5.46,1.31
2023-07-16,27.52,65.59,5.5,1.39
2023-07-17,27.49,65.92,5.24,1.35
2023-07-18,28.01,65.37,5.46,1.16
2023-07-19,27.11,66.42,5.43,1.04
2023-07-20,27.15,66.44,5.38,1.03
2023-07-21,27.37,66.23,5.38,1.02
2023-07-22,27.45,66.54,4.97,1.04
2023-07-23,27.41,66.58,4.98,1.03
2023-07-24,27.57,66.01,5.23,1.19
2023-07-25,27.83,65.79,5.12,1.26
2023-07-26,28.21,65.14,5.43,1.22
2023-07-27,28.06,65.66,5.04,1.24
2023-07-28,28.56,65.36,4.88,1.2
2023-07-29,28.55,65.35,4.92,1.18
2023-07-30,28.61,65.27,4.92,1.2
2023-07-31,27.39,65.89,5.45,1.27
2023-08-01,27.6,65.3,5.7,1.4
2023-08-02,28.19,64.97,5.51,1.33
2023-08-03,29.12,63.93,5.61,1.34
2023-08-04,28.88,64.82,5.12,1.18
2023-08-05,28.62,64.67,5.45,1.26
2023-08-06,28.63,64.67,5.45,1.25
2023-08-07,29.04,64.77,4.87,1.32
2023-08-08,28.02,66.08,4.64,1.26
2023-08-09,27.86,66.32,4.6,1.22
2023-08-10,27.49,66.43,4.94,1.14
2023-08-11,27.93,65.97,4.98,1.12
2023-08-12,27.95,66.17,4.78,1.1
2023-08-13,27.96,66.19,4.75,1.1
2023-08-14,28.05,65.46,5.29,1.2
2023-08-15,28.01,65.5,5.29,1.2
2023-08-16,28.55,64.81,5.32,1.32
2023-08-17,29.12,64.01,5.64,1.23
2023-08-18,28.9,64.12,5.6,1.38
2023-08-19,28.88,64.87,4.96,1.29
2023-08-20,29.08,64.67,4.95,1.3
2023-08-21,29.14,64.96,4.58,1.32
2023-08-22,28.75,65.18,4.71,1.36
2023-08-23,29.21,64.74,4.74,1.31
2023-08-24,29.09,64.47,5.13,1.31
2023-08-25,29.16,64.68,4.93,1.23
2023-08-26,28.52,65.24,5.06,1.18
2023-08-27,28.61,65.18,5.04,1.17
2023-08-28,27.73,66.02,5.1,1.15
2023-08-29,27.82,65.72,5.34,1.12
2023-08-30,28.32,65.22,5.41,1.05
2023-08-31,28.32,65.2,5.41,1.07
2023-09-01,29.05,64.33,5.58,1.04
2023-09-02,29.46,63.96,5.49,1.09
2023-09-03,29.37,64.07,5.48,1.08
2023-09-04,29.07,64.92,4.85,1.16
2023-09-05,28.78,65.14,5.07,1.01
2023-09-06,29.12,64.76,5.11,1.01
2023-09-07,29.02,64.76,5.22,1.0
2023-09-08,29.57,64.32,5.1,1.01
2023-09-09,29.62,64.26,5.11,1.01
2023-09-10,29.62,64.26,5.1,1.02
2023-09-11,29.05,64.68,5.32,0.95
2023-09-12,28.76,64.67,5.56,1.01
2023-09-13,28.7,64.44,5.84,1.02
2023-09-14,28.75,64.37,5.85,1.03
2023-09-15,28.71,64.43,5.83,1.03
2023-09-16,28.71,64.39,5.9,1.0
2023-09-17,28.7,64.42,5.9,0.98
2023-09-18,28.19,64.24,6.59,0.98
2023-09-19,27.77,65.03,6.07,1.13
2023-09-20,27.85,64.93,6.04,1.18
2023-09-21,27.87,63.06,7.9,1.17
2023-09-22,27.93,62.71,8.02,1.34
2023-09-23,27.87,63.08,7.78,1.27
2023-09-24,27.96,62.92,7.84,1.28
2023-09-25,27.85,62.75,8.01,1.39
2023-09-26,27.58,62.91,8.11,1.4
2023-09-27,27.83,62.8,8.08,1.29
2023-09-28,27.75,62.89,8.09,1.27
2023-09-29,28.01,63.01,7.74,1.24
2023-09-30,28.17,62.82,7.78,1.23
2023-10-01,28.1,62.91,7.76,1.23
2023-10-02,28.09,62.84,7.84,1.23
2023-10-03,28.19,62.77,7.77,1.27
2023-10-04,28.14,62.7,7.84,1.32
2023-10-05,28.27,62.45,7.95,1.33
2023-10-06,28.3,62.7,7.72,1.28
2023-10-07,28.21,63.04,7.61,1.14
2023-10-08,28.11,63.17,7.58,1.14
2023-10-09,27.98,63.4,7.47,1.15
2023-10-10,28.27,63.3,7.36,1.07
2023-10-11,28.29,63.22,7.4,1.09
2023-10-12,28.23,63.27,7.4,1.1
2023-10-13,28.18,63.31,7.41,1.1
2023-10-14,28.19,63.32,7.42,1.07
2023-10-15,28.28,63.27,7.37,1.08
2023-10-16,28.31,63.23,7.38,1.08
2023-10-17,28.18,63.34,7.39,1.09
2023-10-18,28.25,63.28,7.39,1.08
2023-10-19,28.22,63.31,7.39,1.08
2023-10-20,28.29,63.22,7.4,1.09
2023-10-21,27.5,64.91,6.52,1.07
2023-10-22,27.54,64.93,6.48,1.05
2023-10-23,27.44,64.71,6.78,1.07
2023-10-24,27.66,64.52,6.76,1.06
2023-10-25,27.51,64.91,6.51,1.07
2023-10-26,27.45,64.73,6.76,1.06
2023-10-27,27.48,64.96,6.49,1.07
2023-10-28,27.58,64.88,6.3,1.24
2023-10-29,27.51,64.95,6.3,1.24
2023-10-30,27.6,64.95,6.21,1.24
2023-10-31,27.31,65.04,6.17,1.48
2023-11-01,27.57,64.98,6.04,1.41
2023-11-02,28.5,64.58,5.63,1.29
2023-11-03,28.54,64.59,5.59,1.28
2023-11-04,28.57,64.54,5.61,1.28
2023-11-05,28.5,64.58,5.65,1.27
2023-11-06,28.35,64.72,5.63,1.3
2023-11-07,29.35,63.77,5.54,1.34
2023-11-08,28.88,64.23,5.56,1.33
2023-11-09,28.74,64.38,5.55,1.33
2023-11-10,28.64,64.41,5.64,1.31
2023-11-11,28.37,64.56,5.76,1.31
2023-11-12,29.04,63.88,5.77,1.31
2023-11-13,29.31,63.71,5.68,1.3
2023-11-14,28.88,64.01,5.78,1.33
2023-11-15,28.48,64.31,5.86,1.35
2023-11-16,28.86,63.91,5.88,1.35
2023-11-17,28.76,64.13,5.8,1.31
2023-11-18,28.73,64.04,5.9,1.33
2023-11-19,28.88,63.93,5.87,1.32
2023-11-20,28.92,63.97,5.84,1.27
2023-11-21,29.0,63.91,5.81,1.28
2023-11-22,28.96,63.93,5.83,1.28
2023-11-23,28.91,63.99,5.83,1.27
2023-11-24,28.95,63.94,5.83,1.28
2023-11-25,29.01,63.86,5.85,1.28
2023-11-26,28.91,63.99,5.82,1.28
2023-11-27,28.95,63.94,5.83,1.28
2023-11-28,28.92,63.97,5.83,1.28
2023-11-29,28.98,63.91,5.83,1.28
2023-11-30,28.98,63.9,5.84,1.28
2023-12-01,28.84,64.09,5.8,1.27
2023-12-02,29.12,63.84,5.78,1.26
2023-12-03,29.11,63.81,5.78,1.3
2023-12-04,28.98,63.71,6.0,1.31
2023-12-05,28.86,63.89,5.92,1.33
2023-12-06,28.76,64.02,5.88,1.34
2023-12-07,28.94,63.72,6.03,1.31
2023-12-08,28.85,63.79,6.07,1.29
2023-12-09,28.86,63.96,5.85,1.33
2023-12-10,29.32,63.66,5.72,1.3
2023-12-11,29.44,63.49,5.81,1.26
2023-12-12,30.35,62.94,5.37,1.34
2023-12-13,30.48,62.82,5.37,1.33
2023-12-14,30.29,63.0,5.38,1.33
2023-12-15,30.38,62.87,5.4,1.35
2023-12-16,30.3,62.97,5.33,1.4
2023-12-17,30.36,62.85,5.38,1.41
2023-12-18,27.68,65.66,5.28,1.38
2023-12-19,27.22,65.79,5.58,1.41
2023-12-20,27.12,65.93,5.53,1.42
2023-12-21,27.14,65.96,5.49,1.41
2023-12-22,27.15,65.92,5.52,1.41
2023-12-23,26.89,66.27,5.42,1.42
2023-12-24,26.95,66.18,5.45,1.42
2023-12-25,26.84,66.39,5.34,1.43
2023-12-26,26.88,66.3,5.4,1.42
2023-12-27,26.73,66.51,5.33,1.43
2023-12-28,27.18,66.14,5.33,1.35
2023-12-29,28.36,66.08,4.3,1.26
2023-12-30,28.28,66.26,4.18,1.28
2023-12-31,28.43,66.12,4.18,1.27
2024-01-01,28.36,66.17,4.21,1.26
2024-01-02,28.57,65.36,4.65,1.42
2024-01-03,28.15,64.89,5.38,1.58
2024-01-04,28.65,64.05,5.7,1.6
2024-01-05,28.51,64.22,5.62,1.65
2024-01-06,28.43,64.27,5.65,1.65
2024-01-07,28.41,64.35,5.58,1.66
2024-01-08,28.26,64.34,5.7,1.7
2024-01-09,28.88,63.61,5.66,1.85
2024-01-10,29.27,63.01,5.81,1.91
2024-01-11,29.73,61.87,6.2,2.2
2024-01-12,29.24,62.21,6.48,2.07
2024-01-13,29.21,62.66,6.24,1.89
2024-01-14,29.15,62.72,6.24,1.89
2024-01-15,29.22,62.65,6.26,1.87
2024-01-16,29.15,62.68,6.27,1.9
2024-01-17,28.8,63.2,6.44,1.56
2024-01-18,29.31,62.92,6.22,1.55
2024-01-19,29.19,63.24,6.0,1.57
2024-01-20,28.72,63.68,6.0,1.6
2024-01-21,28.76,63.71,6.02,1.51
2024-01-22,28.44,63.73,6.27,1.56
2024-01-23,28.36,63.85,6.24,1.55
2024-01-24,30.41,61.65,6.34,1.6
2024-01-25,31.24,60.73,6.35,1.68
2024-01-26,31.09,60.85,6.36,1.7
2024-01-27,31.23,60.46,6.59,1.72
2024-01-28,31.46,59.83,6.76,1.95
2024-01-29,31.28,59.94,6.82,1.96
2024-01-30,31.53,59.64,6.8,2.03
2024-01-31,31.43,59.22,7.36,1.99
2024-02-01,31.82,59.03,7.25,1.9
2024-02-02,31.99,59.31,6.94,1.76
2024-02-03,30.62,61.35,6.18,1.85
2024-02-04,30.7,61.26,6.18,1.86
2024-02-05,30.79,61.1,6.25,1.86
2024-02-06,30.7,59.91,7.43,1.96
2024-02-07,30.62,59.95,7.64,1.79
2024-02-08,30.37,60.18,7.66,1.79
2024-02-09,30.2,60.22,7.87,1.71
2024-02-10,30.06,60.0,8.17,1.77
2024-02-11,29.93,60.2,8.1,1.77
2024-02-12,30.01,60.05,8.17,1.77
2024-02-13,30.04,60.02,8.17,1.77
2024-02-14,30.02,60.02,8.19,1.77
2024-02-15,30.07,59.36,8.72,1.85
2024-02-16,29.35,60.21,8.62,1.82
2024-02-17,28.72,62.34,7.27,1.67
2024-02-18,28.72,62.26,7.34,1.68
2024-02-19,29.38,61.82,7.13,1.67
2024-02-20,30.2,60.86,7.19,1.75
2024-02-21,30.28,60.86,7.23,1.63
2024-02-22,30.28,60.75,7.41,1.56
2024-02-23,28.66,61.97,7.72,1.65
2024-02-24,29.77,60.84,7.86,1.53
2024-02-25,29.88,60.73,7.87,1.52
2024-02-26,29.22,61.16,8.31,1.31
2024-02-27,29.23,62.38,7.18,1.21
2024-02-28,29.03,61.95,7.59,1.43
2024-02-29,29.37,61.41,7.78,1.44
2024-03-01,28.04,62.49,7.98,1.49
2024-03-02,29.33,60.91,8.26,1.5
2024-03-03,29.31,60.83,8.36,1.5
2024-03-04,30.55,60.2,7.77,1.48
2024-03-05,31.69,59.4,7.39,1.52
2024-03-06,31.86,59.58,7.15,1.41
2024-03-07,32.44,59.69,6.44,1.43
2024-03-08,32.46,59.57,6.56,1.41
2024-03-09,32.59,59.27,6.76,1.38
2024-03-10,32.66,59.25,6.7,1.39
2024-03-11,32.54,59.23,6.81,1.42
2024-03-12,32.98,58.68,6.95,1.39
2024-03-13,33.08,58.36,7.06,1.5
2024-03-14,32.67,58.93,6.85,1.55
2024-03-15,31.67,60.16,6.65,1.52
2024-03-16,30.93,60.64,6.82,1.61
2024-03-17,31.0,60.6,6.79,1.61
2024-03-18,30.92,60.77,6.69,1.62
2024-03-19,32.09,59.6,6.69,1.62
2024-03-20,32.06,59.59,6.72,1.63
2024-03-21,32.74,59.54,6.21,1.51
2024-03-22,31.32,61.28,5.97,1.43
2024-03-23,29.49,62.96,6.06,1.49
2024-03-24,29.52,63.04,5.96,1.48
2024-03-25,29.48,62.98,6.05,1.49
2024-03-26,29.49,62.96,6.07,1.48
2024-03-27,30.12,62.03,6.32,1.53
2024-03-28,29.62,62.45,6.42,1.51
2024-03-29,29.58,61.63,7.18,1.61
2024-03-30,29.85,61.56,6.87,1.72
2024-03-31,29.93,61.44,6.9,1.73
2024-04-01,30.7,61.54,6.29,1.47
2024-04-02,30.71,61.61,6.15,1.53
2024-04-03,30.48,61.65,6.26,1.61
2024-04-04,29.86,61.6,6.68,1.86
2024-04-05,30.27,61.1,6.54,2.09
2024-04-06,28.94,62.02,7.0,2.04
2024-04-07,28.95,62.14,7.03,1.88
2024-04-08,28.56,63.23,6.53,1.68
2024-04-09,29.05,62.56,6.68,1.71
2024-04-10,29.9,61.93,6.48,1.69
2024-04-11,29.83,61.93,6.54,1.7
2024-04-12,29.46,62.18,6.59,1.77
2024-04-13,29.72,61.91,6.67,1.7
2024-04-14,29.68,61.96,6.66,1.7
2024-04-15,29.84,61.59,6.89,1.68
2024-04-16,29.88,61.83,6.57,1.72
2024-04-17,30.13,61.45,6.41,2.01
2024-04-18,30.69,61.25,6.05,2.01
2024-04-19,30.71,61.86,5.55,1.88
2024-04-20,30.78,61.95,5.49,1.78
2024-04-21,30.75,61.96,5.5,1.79
2024-04-22,30.47,62.38,5.29,1.86
2024-04-23,29.98,63.06,5.19,1.77
2024-04-24,30.55,62.27,5.45,1.73
2024-04-25,30.1,62.65,5.56,1.69
2024-04-26,30.44,62.06,5.76,1.74
2024-04-27,30.4,61.87,5.97,1.76
2024-04-28,30.43,61.8,6.0,1.77
2024-04-29,30.7,61.42,6.1,1.78
2024-04-30,30.55,61.96,5.84,1.65
2024-05-01,30.51,61.82,6.18,1.49
2024-05-02,30.77,61.6,6.15,1.48
2024-05-03,30.72,61.9,5.96,1.42
2024-05-04,30.82,61.83,5.97,1.38
2024-05-05,30.93,61.73,5.96,1.38
2024-05-06,30.93,61.51,6.04,1.52
2024-05-07,30.28,62.32,5.86,1.54
2024-05-08,30.29,62.57,5.58,1.56
2024-05-09,30.34,62.48,5.62,1.56
2024-05-10,30.35,62.42,5.6,1.63
2024-05-11,30.38,62.41,5.59,1.62
2024-05-12,30.37,62.41,5.6,1.62
2024-05-13,30.33,62.45,5.61,1.61
2024-05-14,30.32,62.45,5.61,1.62
2024-05-15,30.4,62.4,5.59,1.61
2024-05-16,30.36,62.4,5.61,1.63
2024-05-17,30.39,62.4,5.59,1.62
2024-05-18,30.35,62.43,5.61,1.61
2024-05-19,30.29,62.49,5.6,1.62
2024-05-20,30.35,62.36,5.58,1.71
2024-05-21,30.13,62.56,5.51,1.8
2024-05-22,30.04,62.6,5.48,1.88
2024-05-23,30.0,62.33,5.6,2.07
2024-05-24,29.5,62.32,5.86,2.32
2024-05-25,29.46,62.48,5.81,2.25
2024-05-26,29.36,62.59,5.79,2.26
2024-05-27,29.65,62.39,5.59,2.37
2024-05-28,29.59,62.24,5.86,2.31
2024-05-29,29.31,62.87,5.5,2.32
2024-05-30,28.75,62.74,6.29,2.22
2024-05-31,29.32,61.07,7.37,2.24
2024-06-01,29.55,60.83,7.26,2.36
2024-06-02,29.51,60.89,7.27,2.33
2024-06-03,29.24,60.99,7.31,2.46
2024-06-04,30.02,60.1,7.23,2.65
2024-06-05,29.06,59.97,7.19,3.78
2024-06-06,29.03,59.96,6.89,4.12
2024-06-07,29.05,59.93,6.92,4.1
2024-06-08,29.09,59.9,6.91,4.1
2024-06-09,29.04,60.0,6.89,4.07
2024-06-10,26.96,62.09,6.51,4.44
2024-06-11,26.11,63.24,6.17,4.48
2024-06-12,27.18,61.68,6.63,4.51
2024-06-13,27.33,61.15,6.66,4.86
2024-06-14,27.65,60.87,6.68,4.8
2024-06-15,28.08,60.67,6.34,4.91
2024-06-16,28.18,60.61,6.33,4.88
2024-06-17,28.16,60.58,6.36,4.9
2024-06-18,26.89,62.33,6.12,4.66
2024-06-19,26.0,63.46,6.39,4.15
2024-06-20,25.9,62.63,7.35,4.12
2024-06-21,25.56,63.65,6.57,4.22
2024-06-22,25.21,62.68,6.36,5.75
2024-06-23,25.21,62.7,6.35,5.74
2024-06-24,25.54,62.03,6.64,5.79
2024-06-25,26.8,62.19,6.85,4.16
2024-06-26,25.97,63.16,6.74,4.13
2024-06-27,26.58,62.84,6.34,4.24
2024-06-28,26.85,62.51,6.23,4.41
2024-06-29,26.75,62.88,6.13,4.24
2024-06-30,26.89,62.74,6.11,4.26
2024-07-01,27.58,61.94,6.34,4.14
2024-07-02,27.65,61.92,6.38,4.05
2024-07-03,26.93,62.76,6.38,3.93
2024-07-04,27.42,62.77,6.09,3.72
2024-07-05,27.39,62.84,6.12,3.65
2024-07-06,26.59,63.43,6.14,3.84
2024-07-07,26.61,63.42,6.12,3.85
2024-07-08,26.1,63.67,6.28,3.95
2024-07-09,26.14,63.67,6.32,3.87
2024-07-10,26.15,63.52,6.49,3.84
2024-07-11,26.79,62.67,6.97,3.57
2024-07-12,26.16,62.98,7.42,3.44
2024-07-13,26.38,62.54,7.68,3.4
2024-07-14,26.24,62.74,7.62,3.4
2024-07-15,26.83,61.77,8.19,3.21
2024-07-16,26.93,61.44,8.45,3.18
2024-07-17,26.96,61.41,8.47,3.16
2024-07-18,26.96,61.66,8.44,2.94
2024-07-19,27.06,62.28,8.0,2.66
2024-07-20,28.04,62.5,7.0,2.46
2024-07-21,27.74,62.8,7.0,2.46
2024-07-22,27.92,62.78,6.91,2.39
2024-07-23,28.86,61.29,7.35,2.5
2024-07-24,27.41,62.49,7.56,2.54
2024-07-25,26.85,62.92,7.75,2.48
2024-07-26,25.72,64.6,7.2,2.48
2024-07-27,25.66,64.42,7.42,2.5
2024-07-28,25.68,64.41,7.41,2.5
2024-07-29,25.37,64.41,7.73,2.49
2024-07-30,25.53,64.3,7.71,2.46
2024-07-31,25.54,64.32,7.7,2.44
2024-08-01,25.58,64.27,7.76,2.39
2024-08-02,25.52,64.37,7.72,2.39
2024-08-03,25.52,64.36,7.63,2.49
2024-08-04,25.47,64.37,7.68,2.48
2024-08-05,25.66,64.13,7.7,2.51
2024-08-06,26.35,63.92,6.96,2.77
2024-08-07,26.61,63.47,7.21,2.71
2024-08-08,26.34,64.07,6.91,2.68
2024-08-09,27.01,63.13,7.15,2.71
2024-08-10,27.01,62.39,7.91,2.69
2024-08-11,27.03,62.37,7.91,2.69
2024-08-12,26.15,63.43,8.12,2.3
2024-08-13,26.22,63.57,7.79,2.42
2024-08-14,26.25,63.83,7.51,2.41
2024-08-15,26.35,63.73,7.52,2.4
2024-08-16,26.52,64.17,6.69,2.62
2024-08-17,27.35,63.88,6.29,2.48
2024-08-18,27.31,63.97,6.24,2.48
2024-08-19,27.3,63.95,6.27,2.48
2024-08-20,27.97,63.52,6.12,2.39
2024-08-21,28.75,62.44,6.26,2.55
2024-08-22,28.05,62.99,6.27,2.69
2024-08-23,27.0,63.74,6.36,2.9
2024-08-24,27.24,63.51,6.46,2.79
2024-08-25,27.26,63.5,6.46,2.78
2024-08-26,27.25,63.54,6.43,2.78
2024-08-27,27.39,63.4,6.51,2.7
2024-08-28,28.32,62.36,6.68,2.64
2024-08-29,28.36,62.78,6.29,2.57
2024-08-30,28.2,62.55,6.77,2.48
2024-08-31,28.24,62.53,6.71,2.52
2024-09-01,28.27,62.48,6.73,2.52
2024-09-02,28.13,62.16,7.14,2.57
2024-09-03,27.09,63.43,6.78,2.7
2024-09-04,27.7,62.88,6.85,2.57
2024-09-05,27.15,63.48,6.68,2.69
2024-09-06,27.78,62.92,6.55,2.75
2024-09-07,28.2,62.5,6.54,2.76
2024-09-08,28.2,62.52,6.51,2.77
2024-09-09,27.85,62.91,6.39,2.85
2024-09-10,27.71,63.23,6.33,2.73
2024-09-11,28.38,62.65,6.29,2.68
2024-09-12,27.8,63.66,5.91,2.63
2024-09-13,27.4,64.15,5.74,2.71
2024-09-14,27.4,63.85,5.93,2.82
2024-09-15,27.4,63.86,5.9,2.84
2024-09-16,27.42,63.82,5.93,2.83
2024-09-17,26.82,64.27,6.0,2.91
2024-09-18,26.05,65.28,5.79,2.88
2024-09-19,26.29,65.24,5.65,2.82
2024-09-20,26.16,65.37,5.79,2.68
2024-09-21,26.05,65.64,5.63,2.68
2024-09-22,26.01,65.67,5.64,2.68
2024-09-23,26.36,65.41,5.59,2.64
2024-09-24,26.42,65.53,5.54,2.51
2024-09-25,26.5,65.83,5.31,2.36
2024-09-26,25.65,66.35,5.45,2.55
2024-09-27,25.38,66.41,5.78,2.43
2024-09-28,25.21,65.55,6.57,2.67
2024-09-29,25.23,65.56,6.54,2.67
2024-09-30,25.88,64.93,6.58,2.61
2024-10-01,26.23,64.83,6.29,2.65
2024-10-02,26.19,64.85,6.3,2.66
2024-10-03,26.37,64.72,6.36,2.55
2024-10-04,26.82,63.98,6.34,2.86
2024-10-05,26.33,64.29,6.63,2.75
2024-10-06,26.4,64.25,6.6,2.75
2024-10-07,26.43,63.55,7.24,2.78
2024-10-08,26.51,63.13,7.69,2.67
2024-10-09,27.34,62.76,7.39,2.51
2024-10-10,27.47,63.16,6.88,2.49
2024-10-11,27.45,63.58,6.5,2.47
2024-10-12,27.45,63.53,6.52,2.5
2024-10-13,27.42,63.57,6.52,2.49
2024-10-14,28.04,62.9,6.55,2.51
2024-10-15,28.09,62.86,6.55,2.5
2024-10-16,28.07,62.89,6.54,2.5
2024-10-17,28.08,62.9,6.51,2.51
2024-10-18,28.03,62.93,6.53,2.51
2024-10-19,27.32,62.95,7.2,2.53
2024-10-20,27.35,62.93,7.19,2.53
2024-10-21,26.86,63.43,7.19,2.52
2024-10-22,27.07,63.34,7.08,2.51
2024-10-23,26.95,63.54,6.97,2.54
2024-10-24,26.09,64.58,6.88,2.45
2024-10-25,25.94,64.51,7.15,2.4
2024-10-26,25.63,64.54,7.45,2.38
2024-10-27,25.69,64.52,7.43,2.36
2024-10-28,25.54,64.57,7.51,2.38
2024-10-29,25.67,64.08,7.86,2.39
2024-10-30,25.42,64.45,7.73,2.4
2024-10-31,25.45,64.42,7.73,2.4
2024-11-01,25.26,64.57,7.77,2.4
2024-11-02,25.42,64.45,7.72,2.41
2024-11-03,25.41,64.45,7.72,2.42
2024-11-04,26.07,64.89,6.64,2.4
2024-11-05,26.15,64.27,7.12,2.46
2024-11-06,27.19,63.47,6.96,2.38
2024-11-07,27.01,63.58,6.99,2.42
2024-11-08,26.61,64.08,6.89,2.42
2024-11-09,26.74,63.1,7.44,2.72
2024-11-10,26.8,63.13,7.35,2.72
2024-11-11,26.98,62.88,7.43,2.71
2024-11-12,27.64,61.96,7.78,2.62
2024-11-13,27.49,62.13,7.57,2.81
2024-11-14,27.81,61.65,7.74,2.8
2024-11-15,27.81,61.68,7.72,2.79
2024-11-16,27.7,61.7,7.65,2.95
2024-11-17,27.82,61.54,7.67,2.97
2024-11-18,27.8,61.46,7.74,3.0
2024-11-19,27.59,61.87,7.64,2.9
2024-11-20,27.26,62.4,7.35,2.99
2024-11-21,26.98,62.58,7.48,2.96
2024-11-22,26.85,63.13,7.11,2.91
2024-11-23,26.77,62.85,7.09,3.29
2024-11-24,26.84,62.87,6.99,3.3
2024-11-25,26.58,63.52,6.95,2.95
2024-11-26,26.59,63.7,6.68,3.03
2024-11-27,26.8,63.64,6.66,2.9
2024-11-28,27.36,63.71,6.07,2.86
2024-11-29,27.37,63.98,6.07,2.58
2024-11-30,26.81,64.33,6.18,2.68
2024-12-01,26.87,64.31,6.15,2.67
2024-12-02,27.66,63.2,6.54,2.6
2024-12-03,27.73,63.08,6.53,2.66
2024-12-04,27.32,63.78,6.19,2.71
2024-12-05,27.82,63.35,6.25,2.58
2024-12-06,27.55,64.14,5.79,2.52
2024-12-07,27.05,64.75,5.71,2.49
2024-12-08,27.18,64.66,5.68,2.48
2024-12-09,27.28,64.4,5.81,2.51
2024-12-10,26.28,65.91,5.29,2.52
2024-12-11,26.0,66.37,5.23,2.4
2024-12-12,25.9,66.25,5.37,2.48
2024-12-13,26.29,66.1,5.25,2.36
2024-12-14,26.93,66.04,4.79,2.24
2024-12-15,26.75,66.04,4.97,2.24
2024-12-16,26.53,66.31,4.85,2.31
2024-12-17,26.39,66.17,5.1,2.34
2024-12-18,25.99,66.14,5.36,2.51
2024-12-19,25.2,66.71,5.5,2.59
2024-12-20,25.3,66.43,5.59,2.68
2024-12-21,25.93,65.71,5.74,2.62
2024-12-22,25.79,65.52,6.04,2.65
2024-12-23,26.19,64.93,6.3,2.58
2024-12-24,25.48,65.91,6.08,2.53
2024-12-25,25.43,65.89,6.2,2.48
2024-12-26,26.14,65.18,6.13,2.55
2024-12-27,26.61,64.8,6.2,2.39
2024-12-28,26.65,65.23,5.73,2.39
2024-12-29,26.59,65.31,5.69,2.41
2024-12-30,26.61,65.16,5.86,2.37
2024-12-31,26.61,65.25,5.77,2.37
2025-01-01,26.62,65.04,5.96,2.38
2025-01-02,25.79,65.86,5.96,2.39
2025-01-03,26.04,65.36,6.08,2.52
2025-01-04,26.62,65.16,5.62,2.6
2025-01-05,26.8,65.12,5.4,2.68
2025-01-06,26.97,65.2,5.16,2.67
2025-01-07,27.22,65.15,5.0,2.63
2025-01-08,27.35,65.12,4.93,2.6
2025-01-09,27.4,65.24,4.86,2.5
2025-01-10,27.55,65.02,4.95,2.48
2025-01-11,27.56,65.1,4.88,2.46
2025-01-12,27.5,65.17,4.87,2.46
2025-01-13,27.49,65.2,4.89,2.42
2025-01-14,27.55,65.16,4.88,2.41
2025-01-15,27.51,65.16,4.91,2.42
2025-01-16,27.63,65.07,4.89,2.41
2025-01-17,27.74,64.94,4.91,2.41
2025-01-18,27.51,64.68,5.3,2.51
2025-01-19,27.48,64.76,5.26,2.5
2025-01-20,27.18,65.27,5.07,2.48
2025-01-21,27.11,65.32,5.1,2.47
2025-01-22,27.2,65.26,5.07,2.47
2025-01-23,27.15,65.3,5.08,2.47
2025-01-24,27.12,65.32,5.08,2.48
2025-01-25,27.21,65.24,5.08,2.47
2025-01-26,27.19,65.26,5.08,2.47
2025-01-27,27.15,65.23,5.13,2.49
2025-01-28,27.05,65.33,5.15,2.47
2025-01-29,27.18,65.22,5.09,2.51
2025-01-30,27.16,65.16,5.08,2.6
2025-01-31,27.38,64.96,5.12,2.54
2025-02-01,27.3,65.01,5.1,2.59
2025-02-02,27.25,65.06,5.13,2.56
2025-02-03,27.08,65.24,5.11,2.57
2025-02-04,26.75,65.57,5.24,2.44
2025-02-05,26.34,65.72,5.38,2.56
2025-02-06,26.43,65.6,5.39,2.58
2025-02-07,27.15,65.04,5.2,2.61
2025-02-08,27.16,65.02,5.38,2.44
2025-02-09,26.99,65.19,5.38,2.44
2025-02-10,26.28,65.56,5.48,2.68
2025-02-11,27.45,64.76,5.03,2.76
2025-02-12,27.77,63.81,5.41,3.01
2025-02-13,26.99,63.77,6.23,3.01
2025-02-14,27.24,63.21,6.57,2.98
2025-02-15,27.77,62.86,6.58,2.79
2025-02-16,27.72,62.94,6.56,2.78
2025-02-17,27.9,62.49,6.85,2.76
2025-02-18,27.89,62.91,6.4,2.8
2025-02-19,28.39,62.34,6.32,2.95
2025-02-20,28.49,62.31,6.28,2.92
2025-02-21,28.61,62.02,6.4,2.97
2025-02-22,28.27,62.61,6.27,2.85
2025-02-23,28.21,62.64,6.3,2.85
2025-02-24,28.67,62.09,6.36,2.88
2025-02-25,27.51,64.14,5.59,2.76
2025-02-26,27.52,64.13,5.57,2.78
2025-02-27,29.38,61.83,5.99,2.8
2025-02-28,29.28,61.08,6.55,3.09
2025-03-01,28.36,62.19,6.53,2.92
2025-03-02,28.49,62.05,6.54,2.92
2025-03-03,28.06,62.24,6.79,2.91
2025-03-04,27.53,63.63,6.18,2.66
2025-03-05,27.29,64.26,5.92,2.53
2025-03-06,27.48,63.89,5.97,2.66
2025-03-07,28.21,63.61,5.63,2.55
2025-03-08,28.83,63.08,5.67,2.42
2025-03-09,28.92,62.99,5.67,2.42
2025-03-10,28.47,63.34,5.59,2.6
2025-03-11,27.98,63.61,5.95,2.46
2025-03-12,27.82,63.71,5.99,2.48
2025-03-13,28.13,63.46,5.95,2.46
2025-03-14,28.11,63.48,5.93,2.48
2025-03-15,28.13,63.49,5.93,2.45
2025-03-16,28.11,63.5,5.92,2.47
2025-03-17,27.23,64.51,5.49,2.77
2025-03-18,26.56,65.12,5.59,2.73
2025-03-19,27.05,64.65,5.58,2.72
2025-03-20,27.26,64.78,5.3,2.66
2025-03-21,26.41,65.49,5.63,2.47
2025-03-22,26.43,65.8,5.43,2.34
2025-03-23,26.42,65.81,5.4,2.37
2025-03-24,26.48,65.76,5.4,2.36
2025-03-25,26.5,65.68,5.44,2.38
2025-03-26,26.47,65.73,5.43,2.37
2025-03-27,26.47,65.76,5.41,2.36
2025-03-28,26.48,65.74,5.4,2.38
2025-03-29,26.44,65.78,5.41,2.37
2025-03-30,26.49,65.75,5.4,2.36
2025-03-31,26.45,65.78,5.42,2.35
2025-04-01,26.22,65.86,5.51,2.41
2025-04-02,26.37,65.59,5.68,2.36
2025-04-03,26.45,65.04,6.16,2.35
2025-04-04,26.39,64.76,6.51,2.34
2025-04-05,25.66,65.48,6.47,2.39
2025-04-06,25.64,65.51,6.45,2.4
2025-04-07,26.0,65.13,6.44,2.43
2025-04-08,26.84,64.47,6.23,2.46
2025-04-09,26.42,65.32,5.88,2.38
2025-04-10,26.31,65.13,6.14,2.42
2025-04-11,26.23,64.7,6.62,2.45
2025-04-12,26.3,64.45,6.79,2.46
2025-04-13,26.2,64.53,6.8,2.47
2025-04-14,26.32,64.34,6.76,2.58
2025-04-15,26.25,64.46,6.77,2.52
2025-04-16,26.71,64.31,6.54,2.44
2025-04-17,26.83,64.2,6.49,2.48
2025-04-18,27.19,63.72,6.54,2.55
2025-04-19,27.02,63.81,6.66,2.51
2025-04-20,27.14,63.68,6.68,2.5
2025-04-21,26.93,63.58,6.96,2.53
2025-04-22,27.2,63.86,6.32,2.62
2025-04-23,26.44,64.37,6.6,2.59
2025-04-24,26.05,63.21,6.63,4.11
2025-04-25,27.09,63.45,6.88,2.58
2025-04-26,28.33,61.94,7.11,2.62
2025-04-27,28.04,62.19,7.15,2.62
2025-04-28,29.06,61.27,7.13,2.54
2025-04-29,28.29,61.53,7.61,2.57
2025-04-30,27.82,61.93,7.7,2.55
2025-05-01,27.73,61.98,7.76,2.53
2025-05-02,27.59,61.91,7.95,2.55
2025-05-03,27.59,61.98,7.88,2.55
2025-05-04,27.62,61.92,7.92,2.54
2025-05-05,27.84,61.67,7.96,2.53
2025-05-06,28.45,61.13,7.9,2.52
2025-05-07,28.14,61.66,7.68,2.52
2025-05-08,28.05,61.66,7.76,2.53
2025-05-09,28.26,61.42,7.78,2.54
2025-05-10,28.48,61.31,7.67,2.54
2025-05-11,28.5,61.28,7.68,2.54
2025-05-12,28.63,61.28,7.53,2.56
2025-05-13,29.06,61.2,7.19,2.55
2025-05-14,29.41,60.89,7.07,2.63
2025-05-15,29.36,61.33,6.65,2.66
2025-05-16,28.66,62.44,6.28,2.62
2025-05-17,28.51,62.77,6.11,2.61
2025-05-18,28.56,62.72,6.11,2.61
2025-05-19,28.05,63.23,6.04,2.68
2025-05-20,27.86,63.51,5.93,2.7
2025-05-21,27.54,63.31,6.49,2.66
2025-05-22,27.39,63.15,6.71,2.75
2025-05-23,27.47,62.81,7.12,2.6
2025-05-24,26.87,63.57,6.87,2.69
2025-05-25,26.94,63.52,6.85,2.69
2025-05-26,27.11,63.25,6.97,2.67
2025-05-27,26.75,63.71,6.8,2.74
2025-05-28,26.78,63.51,6.94,2.77
2025-05-29,27.73,62.32,7.04,2.91
2025-05-30,27.77,62.84,6.58,2.81
2025-05-31,28.66,61.9,6.58,2.86
2025-06-01,28.7,61.87,6.57,2.86
2025-06-02,29.18,61.03,6.98,2.81
2025-06-03,29.81,61.15,6.36,2.68
2025-06-04,30.66,60.29,6.42,2.63
2025-06-05,30.32,60.62,6.46,2.6
2025-06-06,29.92,61.37,6.3,2.41
2025-06-07,29.93,61.38,6.27,2.42
2025-06-08,29.93,61.34,6.3,2.43
2025-06-09,30.46,60.72,6.45,2.37
2025-06-10,30.25,60.69,6.38,2.68
2025-06-11,30.38,60.51,6.49,2.62
2025-06-12,30.33,60.41,6.51,2.75
2025-06-13,30.7,59.73,6.73,2.84
2025-06-14,31.02,59.35,6.94,2.69
2025-06-15,31.02,59.36,6.93,2.69
2025-06-16,31.41,58.9,6.94,2.75
2025-06-17,31.56,59.13,6.58,2.73
2025-06-18,31.6,59.23,6.43,2.74
2025-06-19,31.73,59.54,6.21,2.52
2025-06-20,31.01,59.7,6.63,2.66
2025-06-21,31.32,59.91,6.18,2.59
2025-06-22,31.15,60.04,6.2,2.61
2025-06-23,31.28,60.2,5.96,2.56
2025-06-24,30.63,60.83,5.94,2.6
2025-06-25,30.36,60.64,6.31,2.69
2025-06-26,30.44,60.0,6.83,2.73
2025-06-27,29.46,61.55,6.28,2.71
2025-06-28,29.38,61.41,6.53,2.68
2025-06-29,29.5,61.31,6.5,2.69
2025-06-30,29.62,61.21,6.51,2.66
2025-07-01,29.66,61.06,6.62,2.66
2025-07-02,29.89,61.14,6.34,2.63
2025-07-03,29.37,62.09,5.93,2.61
2025-07-04,30.69,60.89,5.9,2.52
2025-07-05,29.74,61.49,6.24,2.53
2025-07-06,29.83,61.38,6.26,2.53
2025-07-07,30.67,60.42,6.38,2.53
2025-07-08,30.09,61.02,6.36,2.53
2025-07-09,30.01,61.09,6.36,2.54
2025-07-10,30.21,60.71,6.41,2.67
2025-07-11,30.63,60.47,6.12,2.78
2025-07-12,30.52,60.28,6.45,2.75
2025-07-13,30.57,60.26,6.42,2.75
2025-07-14,29.82,60.9,6.43,2.85
2025-07-15,29.47,60.89,6.96,2.68
2025-07-16,29.02,61.98,6.34,2.66
2025-07-17,27.95,62.99,6.45,2.61
2025-07-18,27.73,63.69,6.06,2.52
2025-07-19,27.66,63.77,6.04,2.53
2025-07-20,27.69,63.8,5.99,2.52
2025-07-21,26.93,64.48,6.03,2.56
2025-07-22,26.97,64.5,5.98,2.55
2025-07-23,27.35,64.34,5.87,2.44
2025-07-24,28.06,63.67,5.83,2.44
2025-07-25,27.94,63.63,6.01,2.42
2025-07-26,27.81,63.84,5.96,2.39
2025-07-27,27.85,63.8,5.97,2.38
2025-07-28,27.35,64.09,6.14,2.42
2025-07-29,27.53,63.88,6.15,2.44
2025-07-30,27.03,64.23,6.15,2.59
2025-07-31,27.56,63.73,5.88,2.83
2025-08-01,27.1,64.02,5.98,2.9
2025-08-02,27.55,64.01,5.56,2.88
2025-08-03,27.47,64.12,5.53,2.88
2025-08-04,26.91,64.55,5.58,2.96
2025-08-05,26.51,65.16,5.24,3.09
2025-08-06,26.53,65.0,5.21,3.26
2025-08-07,26.35,65.14,5.26,3.25
2025-08-08,26.46,65.05,5.24,3.25
2025-08-09,26.44,65.06,5.25,3.25
2025-08-10,26.33,65.18,5.23,3.26
2025-08-11,26.98,64.53,5.19,3.3
2025-08-12,27.85,63.79,5.42,2.94
2025-08-13,27.72,63.37,6.01,2.9
2025-08-14,28.39,62.87,5.81,2.93
2025-08-15,28.21,62.94,5.91,2.94
2025-08-16,28.28,62.87,5.91,2.94
2025-08-17,28.31,62.87,5.89,2.93
2025-08-18,28.4,62.74,5.93,2.93
2025-08-19,28.42,62.74,5.9,2.94
2025-08-20,28.2,62.95,5.92,2.93
2025-08-21,28.04,63.47,5.54,2.95
2025-08-22,28.38,63.35,5.31,2.96
2025-08-23,28.52,62.78,5.52,3.18
2025-08-24,28.53,62.81,5.48,3.18
2025-08-25,29.21,62.01,5.59,3.19
2025-08-26,28.99,62.13,5.72,3.16
2025-08-27,29.17,62.28,5.44,3.11
2025-08-28,29.93,61.42,5.52,3.13
2025-08-29,29.17,62.22,5.64,2.97
2025-08-30,29.3,61.87,5.79,3.04
2025-08-31,29.26,61.9,5.8,3.04
2025-09-01,28.57,62.79,5.64,3.0
2025-09-02,28.5,63.27,5.27,2.96
2025-09-03,28.36,63.08,5.62,2.94
2025-09-04,27.7,63.91,5.72,2.67
2025-09-05,28.26,63.41,5.58,2.75
2025-09-06,28.95,62.2,5.9,2.95
2025-09-07,28.97,62.18,5.91,2.94
2025-09-08,30.2,61.14,5.74,2.92
2025-09-09,30.09,61.03,5.98,2.9
2025-09-10,29.58,61.19,6.2,3.03
2025-09-11,30.33,60.51,6.1,3.06
2025-09-12,29.9,61.08,6.03,2.99
2025-09-13,28.9,62.29,5.93,2.88
2025-09-14,28.87,62.36,5.91,2.86
2025-09-15,28.05,63.21,5.75,2.99
2025-09-16,27.77,63.52,5.65,3.06
2025-09-17,27.75,63.59,5.54,3.12
2025-09-18,27.11,64.34,5.36,3.19
2025-09-19,27.28,64.15,5.36,3.21
2025-09-20,27.28,64.2,5.33,3.19
2025-09-21,27.11,64.34,5.37,3.18
2025-09-22,27.02,64.14,5.67,3.17
2025-09-23,27.14,63.85,5.86,3.15
2025-09-24,27.02,64.01,5.77,3.2
2025-09-25,27.2,63.51,5.99,3.3
2025-09-26,27.42,62.89,6.4,3.29
2025-09-27,27.26,62.46,6.77,3.51
2025-09-28,27.24,62.49,6.76,3.51
2025-09-29,27.29,62.36,6.95,3.4
2025-09-30,27.32,62.49,6.79,3.4
2025-10-01,27.62,62.25,6.69,3.44
2025-10-02,27.61,62.27,6.68,3.44
2025-10-03,27.66,62.0,6.97,3.37
2025-10-04,27.7,62.27,6.69,3.34
2025-10-05,27.78,62.18,6.7,3.34
2025-10-06,27.52,62.54,6.67,3.27
2025-10-07,27.63,62.33,6.71,3.33
2025-10-08,27.28,62.29,7.25,3.18
2025-10-09,27.38,61.83,7.53,3.26
2025-10-10,26.82,62.27,7.6,3.31
2025-10-11,26.41,63.35,7.04,3.2
2025-10-12,26.42,63.37,7.04,3.17
2025-10-13,25.69,64.68,6.46,3.17
2025-10-14,25.03,66.15,5.85,2.97
2025-10-15,24.96,66.29,5.66,3.09
2025-10-16,25.6,65.78,5.5,3.12
2025-10-17,25.65,65.65,5.59,3.11
2025-10-18,25.79,65.28,5.65,3.28
2025-10-19,25.87,65.21,5.65,3.27
2025-10-20,25.73,65.33,5.66,3.28
2025-10-21,25.8,65.31,5.61,3.28
2025-10-22,25.75,65.33,5.65,3.27
2025-10-23,25.76,65.32,5.64,3.28
2025-10-24,26.16,65.21,5.49,3.14
2025-10-25,25.78,65.43,5.6,3.19
2025-10-26,26.04,65.14,5.61,3.21
2025-10-27,26.15,65.25,5.44,3.16
2025-10-28,26.01,65.47,5.6,2.92
2025-10-29,25.97,65.41,5.71,2.91
2025-10-30,26.16,64.76,6.22,2.86
2025-10-31,25.41,65.48,6.3,2.81
2025-11-01,25.21,65.52,6.33,2.94
2025-11-02,25.21,65.6,6.25,2.94
2025-11-03,24.74,66.17,6.28,2.81
2025-11-04,26.24,64.78,6.15,2.83
2025-11-05,26.22,64.82,6.13,2.83
2025-11-06,26.2,64.86,6.08,2.86
2025-11-07,26.56,64.71,5.85,2.88
2025-11-08,27.07,64.13,5.95,2.85
2025-11-09,27.09,64.13,5.94,2.84
2025-11-10,27.25,64.05,5.84,2.86
2025-11-11,27.06,64.39,5.74,2.81
2025-11-12,26.91,64.58,5.71,2.8
2025-11-13,27.02,64.14,5.75,3.09
2025-11-14,27.18,63.67,6.11,3.04
2025-11-15,27.01,63.93,6.1,2.96
2025-11-16,27.01,63.92,6.12,2.95
2025-11-17,27.09,63.91,6.19,2.81
2025-11-18,27.27,63.38,6.67,2.68
2025-11-19,26.54,63.83,6.78,2.85
2025-11-20,26.9,63.94,6.16,3.0
2025-11-21,29.15,61.85,6.13,2.87
2025-11-22,29.57,60.94,6.64,2.85
2025-11-23,29.67,60.85,6.62,2.86
2025-11-24,28.22,61.68,7.36,2.74
2025-11-25,26.87,63.9,6.66,2.57
2025-11-26,26.75,64.24,6.53,2.48
2025-11-27,28.0,63.15,6.32,2.53
2025-11-28,28.0,62.46,6.7,2.84
2025-11-29,27.31,63.57,6.21,2.91
2025-11-30,27.31,63.59,6.2,2.9
2025-12-01,27.07,63.84,6.19,2.9
2025-12-02,26.67,64.56,6.22,2.55
2025-12-03,26.74,64.18,6.3,2.78
2025-12-04,26.81,63.65,6.67,2.87
2025-12-05,27.78,62.82,6.68,2.72
2025-12-06,27.83,62.59,6.65,2.93
2025-12-07,27.82,62.77,6.5,2.91
2025-12-08,27.74,62.99,6.29,2.98
2025-12-09,27.38,63.09,6.4,3.13
2025-12-10,27.47,63.15,6.21,3.17
2025-12-11,27.02,63.65,6.2,3.13
2025-12-12,27.28,63.43,6.27,3.02
2025-12-13,27.17,63.48,6.31,3.04
2025-12-14,27.21,63.46,6.29,3.04
2025-12-15,27.22,63.55,6.31,2.92
2025-12-16,27.26,63.41,6.36,2.97
2025-12-17,27.29,63.45,6.41,2.85
2025-12-18,27.23,63.48,6.45,2.84
2025-12-19,27.36,63.38,6.41,2.85
2025-12-20,27.34,63.56,6.38,2.72
2025-12-21,27.42,63.49,6.36,2.73
2025-12-22,27.36,63.62,6.31,2.71
2025-12-23,27.33,63.69,6.28,2.7
2025-12-24,27.31,63.63,6.34,2.72
2025-12-25,27.39,63.47,6.43,2.71
2025-12-26,27.23,63.63,6.44,2.7
2025-12-27,27.29,63.57,6.42,2.72
2025-12-28,27.25,63.58,6.44,2.73
2025-12-29,27.37,63.7,6.2,2.73
2025-12-30,27.49,63.5,6.29,2.72
2025-12-31,27.5,63.57,6.13,2.8
2026-01-01,27.53,63.57,6.09,2.81
2026-01-02,27.56,63.69,6.11,2.64
2026-01-03,27.53,63.76,6.1,2.61
2026-01-04,27.57,63.7,6.11,2.62
2026-01-05,27.5,63.78,6.1,2.62
2026-01-06,27.5,63.76,6.11,2.63
2026-01-07,27.43,63.9,6.03,2.64
2026-01-08,27.4,63.85,6.11,2.64
2026-01-09,27.58,63.76,6.01,2.65
2026-01-10,27.57,63.87,5.89,2.67
2026-01-11,27.59,63.64,6.06,2.71
2026-01-12,27.84,63.36,6.2,2.6
2026-01-13,27.88,63.13,6.29,2.7
2026-01-14,27.85,63.02,6.39,2.74
2026-01-15,27.87,62.92,6.47,2.74
2026-01-16,27.87,62.95,6.43,2.75
2026-01-17,27.87,62.89,6.49,2.75
2026-01-18,27.86,62.89,6.49,2.76
2026-01-19,27.68,62.97,6.59,2.76
2026-01-20,27.59,63.03,6.62,2.76
2026-01-21,27.53,63.05,6.65,2.77
2026-01-22,27.68,63.19,6.5,2.63
2026-01-23,27.91,63.14,6.37,2.58
2026-01-24,27.65,63.45,6.3,2.6
2026-01-25,27.68,63.5,6.21,2.61
2026-01-26,27.69,63.42,6.29,2.6
2026-01-27,27.6,63.51,6.21,2.68
2026-01-28,27.29,63.65,6.27,2.79
2026-01-29,27.43,63.26,6.42,2.89
2026-01-30,26.8,63.77,6.26,3.17
2026-01-31,26.96,64.21,5.76,3.07
2026-02-01,26.95,64.21,5.75,3.09
2026-02-02,26.47,64.93,5.6,3.0
2026-02-03,26.93,64.85,5.26,2.96
2026-02-04,26.8,64.7,5.55,2.95
2026-02-05,26.99,64.37,5.8,2.84
2026-02-06,27.54,63.73,6.05,2.68
2026-02-07,27.54,63.85,6.06,2.55
2026-02-08,27.51,63.9,6.04,2.55
2026-02-09,27.58,63.42,6.24,2.76
2026-02-10,27.13,64.5,5.77,2.6
2026-02-11,26.98,64.61,5.76,2.65
2026-02-12,28.37,63.88,6.01,1.74
2026-02-13,27.95,62.7,6.67,2.68
2026-02-14,27.51,63.51,6.29,2.69
2026-02-15,27.53,63.44,6.34,2.69
2026-02-16,28.07,63.42,5.98,2.53
2026-02-17,26.43,65.6,5.5,2.47
2026-02-18,27.21,64.3,6.08,2.41
2026-02-19,28.28,62.94,6.27,2.51
2026-02-20,28.91,62.24,6.2,2.65
2026-02-21,28.48,62.84,6.07,2.61
2026-02-22,28.57,62.72,6.09,2.62
2026-02-23,26.91,64.49,5.92,2.68
2026-02-24,27.0,64.15,6.21,2.64
2026-02-25,27.62,64.12,5.94,2.32
2026-02-26,26.82,64.71,6.09,2.38
2026-02-27,25.81,65.3,6.5,2.39
2026-02-28,24.78,66.47,6.62,2.13
2026-03-01,24.74,66.52,6.61,2.13
2026-03-02,25.74,65.54,6.6,2.12
2026-03-03,26.09,65.01,6.38,2.52
2026-03-04,26.17,64.93,6.38,2.52
2026-03-05,26.18,64.91,6.4,2.51
2026-03-06,26.62,64.98,5.8,2.6
2026-03-07,25.83,65.7,5.81,2.66
2026-03-08,25.79,65.75,5.81,2.65
2026-03-09,26.08,65.3,5.99,2.63
2026-03-10,26.28,65.31,6.07,2.34
2026-03-11,26.06,65.82,5.8,2.32
2026-03-12,25.43,66.38,5.79,2.4
2026-03-13,25.48,66.45,5.63,2.44
2026-03-14,26.34,65.18,6.07,2.41
2026-03-15,26.43,65.09,6.06,2.42
2026-03-16,26.99,64.71,5.72,2.58
2026-03-17,27.82,64.02,5.55,2.61
2026-03-18,28.12,64.03,5.38,2.47
2026-03-19,27.83,64.07,5.52,2.58
2026-03-20,28.03,63.98,5.44,2.55
2026-03-21,27.97,64.0,5.48,2.55
2026-03-22,27.97,63.98,5.49,2.56
2026-03-23,27.63,64.15,5.75,2.47
2026-03-24,27.78,63.89,5.93,2.4
2026-03-25,27.8,63.87,5.86,2.47
2026-03-26,27.44,64.43,5.73,2.4
2026-03-27,26.89,64.78,5.93,2.4
2026-03-28,26.91,64.74,5.74,2.61
2026-03-29,26.94,64.68,5.77,2.61
2026-03-30,26.6,64.96,5.89,2.55
2026-03-31,27.13,64.08,6.19,2.6
2026-04-01,27.42,64.07,5.9,2.61
2026-04-02,27.44,63.97,5.96,2.63
2026-04-03,28.26,63.62,5.7,2.42
2026-04-04,27.81,64.59,5.18,2.42
2026-04-05,27.79,64.63,5.18,2.4
2026-04-06,27.87,64.52,5.2,2.41
2026-04-07,28.61,63.57,5.42,2.4
2026-04-08,28.11,63.7,5.7,2.49
2026-04-09,28.53,62.98,6.02,2.47
2026-04-10,28.5,62.75,6.31,2.44
2026-04-11,28.0,63.06,6.54,2.4
2026-04-12,27.95,63.13,6.54,2.38
2026-04-13,26.81,64.29,6.54,2.36
2026-04-14,26.41,64.65,6.65,2.29
2026-04-15,26.4,64.99,6.15,2.46
2026-04-16,26.26,65.24,5.96,2.54
2026-04-17,26.07,65.4,5.97,2.56
2026-04-18,26.24,65.17,6.0,2.59
2026-04-19,26.25,65.16,6.0,2.59
2026-04-20,26.1,65.61,5.63,2.66
2026-04-21,26.23,64.77,6.11,2.89
2026-04-22,26.64,64.47,6.0,2.89
2026-04-23,26.1,64.97,6.11,2.82
2026-04-24,25.6,65.48,5.91,3.01
2026-04-25,25.87,65.16,6.19,2.78
2026-04-26,25.97,65.13,6.13,2.77
2026-04-27,25.4,65.35,6.44,2.81
2026-04-28,25.66,64.84,6.55,2.95
2026-04-29,24.56,65.39,6.75,3.3
2026-04-30,24.23,65.78,6.84,3.15
2026-05-01,24.51,64.87,5.95,4.67
2026-05-02,26.01,65.11,5.72,3.16
2026-05-03,26.09,65.02,5.73,3.16
2026-05-04,26.14,65.13,5.92,2.81
2026-05-05,26.5,65.0,5.81,2.69
2026-05-06,27.02,64.79,5.64,2.55
2026-05-07,25.55,66.18,5.81,2.46
2026-05-08,24.89,66.69,5.98,2.44
2026-05-09,24.68,66.91,5.89,2.52
2026-05-10,24.65,66.95,5.88,2.52
2026-05-11,24.84,66.84,5.78,2.54
2026-05-12,24.99,66.66,5.88,2.47
2026-05-13,24.92,66.93,5.68,2.47
2026-05-14,24.95,66.98,5.57,2.5
2026-05-15,24.92,66.95,5.58,2.55
2026-05-16,25.14,66.67,5.57,2.62
2026-05-17,25.06,66.75,5.56,2.63
2026-05-18,24.61,67.36,5.48,2.55
2026-05-19,24.31,67.54,5.64,2.51
2026-05-20,24.03,67.84,5.62,2.51
2026-05-21,24.12,68.08,5.29,2.51
2026-05-22,23.62,68.56,5.32,2.5
2026-05-23,23.91,68.32,5.31,2.46
2026-05-24,23.89,68.36,5.29,2.46
2026-05-25,23.72,68.54,5.29,2.45
2026-05-26,23.78,68.5,5.21,2.51
2026-05-27,24.19,68.18,5.13,2.5
2026-05-28,24.18,68.23,5.1,2.49
2026-05-29,24.05,68.31,5.16,2.48
2026-05-30,24.03,67.9,5.64,2.43
2026-05-31,24.07,67.83,5.69,2.41
2026-06-01,24.41,67.4,5.8,2.39
2026-06-02,25.16,66.56,5.88,2.4
2026-06-03,25.81,65.86,5.88,2.45
2026-06-04,25.61,66.45,5.52,2.42
2026-06-05,25.09,66.99,5.52,2.4
2026-06-06,25.41,66.83,5.37,2.39
2026-06-07,25.39,66.82,5.4,2.39
2026-06-08,25.53,66.58,5.68,2.21
2026-06-09,25.76,66.44,5.54,2.26
2026-06-10,25.51,66.76,5.59,2.14
2026-06-11,25.94,66.52,5.37,2.17
2026-06-12,25.59,66.99,5.27,2.15
2026-06-13,25.29,66.59,5.9,2.22
2026-06-14,25.23,66.64,5.9,2.23
2026-06-15,24.55,67.8,5.51,2.14
2026-06-16,23.71,68.41,5.56,2.32
2026-06-17,24.31,68.12,5.4,2.17
2026-06-18,24.28,68.21,5.31,2.2
2026-06-19,24.78,67.7,5.23,2.29
2026-06-20,25.02,67.71,5.04,2.23
2026-06-21,25.06,67.7,5.01,2.23
2026-06-22,24.85,67.95,4.98,2.22
2026-06-23,24.77,68.16,4.77,2.3
2026-06-24,24.76,68.17,4.78,2.29
2026-06-25,24.37,68.58,4.81,2.24
2026-06-26,24.32,68.61,4.82,2.25
2026-06-27,23.82,69.34,4.59,2.25
2026-06-28,23.73,69.44,4.59,2.24
2026-06-29,23.52,69.71,4.53,2.24
2026-06-30,23.53,69.62,4.66,2.19
2026-07-01,23.19,69.8,4.75,2.26
2026-07-02,23.37,69.84,4.56,2.23
2026-07-03,23.32,69.91,4.55,2.22
2026-07-04,23.32,69.91,4.52,2.25
2026-07-05,23.34,69.89,4.55,2.22
2026-07-06,23.32,69.9,4.55,2.23
2026-07-07,23.3,69.89,4.58,2.23
2026-07-08,23.28,69.88,4.61,2.23
2026-07-09,23.49,69.76,4.57,2.18
2026-07-10,23.52,69.69,4.61,2.18
2026-07-11,23.51,69.72,4.58,2.19
2026-07-12,23.54,69.7,4.59,2.17
2026-07-13,23.77,69.37,4.62,2.24
2026-07-14,23.97,69.28,4.47,2.28
2026-07-15,23.8,69.44,4.42,2.34
2026-07-16,24.07,69.3,4.22,2.41
2026-07-17,24.07,69.05,4.36,2.52
2026-07-18,24.23,68.86,4.35,2.56
2026-07-19,24.12,68.66,4.65,2.57
2026-07-20,24.12,68.63,4.66,2.59
2026-07-21,24.32,68.6,4.5,2.58
2026-07-22,24.22,68.63,4.55,2.6
2026-07-23,23.85,69.2,4.5,2.45
2026-07-24,23.84,69.16,4.52,2.48
2026-07-25,23.91,69.14,4.45,2.5
2026-07-26,23.85,69.22,4.43,2.5
2026-07-27,23.73,69.35,4.43,2.49
2026-07-28,23.83,69.26,4.42,2.49
2026-07-29,23.82,69.18,4.5,2.5
2026-07-30,23.92,69.13,4.47,2.48
2026-07-31,23.81,69.39,4.39,2.41
2026-08-01,23.72,69.51,4.38,2.39
2026-08-02,23.73,69.5,4.38,2.39
